  时间         温度    气压     湿度       高度      经度        纬度     位势高度
    1.040      41.2    883.7     4.0       985.2  100.365226  41.325517      0
    2.007      41.5    883.6     4.0       979.8  100.365294  41.325394      0
    3.974      41.7    883.6     4.1       979.8  100.365294  41.325394      0
    4.941      41.6    883.6     4.6       981.4  100.365274  41.325425      0
    5.908      41.6    883.5     4.5       979.7  100.365294  41.325333      0
    6.876      41.5    883.6     4.2       981.6  100.365281  41.325377      0
    7.843      41.6    883.5     4.1       986.8  100.365322  41.325384      0
    8.810      41.6    883.5     3.9       984.1  100.365294  41.325398      0
    9.777      41.1    883.4     4.2       984.3  100.365308  41.325394      0
   10.744      40.6    883.5     4.5       985.1  100.365294  41.325401      0
   11.712      40.4    883.5     4.4       987.9  100.365424  41.325377      0
   12.679      40.6    883.6     4.8       983.0  100.365397  41.325394      0
   13.646      40.7    883.7     4.6       987.2  100.365397  41.325408      0
   14.598      40.6    883.7     4.8       986.5  100.365397  41.325418      0
   15.580      40.6    883.7     4.9       986.4  100.365411  41.325432      0
   16.532      40.6    883.5     4.9       985.4  100.365404  41.325442      0
   17.515      40.5    883.6     4.6       977.5  100.365349  41.325452      0
   18.466      40.5    883.7     4.5       982.1  100.365390  41.325469      0
   19.434      40.6    883.6     4.3       980.8  100.365383  41.325473      0
   20.401      40.7    883.7     5.1       980.7  100.365397  41.325483      0
   21.368      40.9    883.7     4.4       982.7  100.365383  41.325500      0
   22.335      41.1    883.8     4.6       987.8  100.365363  41.325514      0
   23.302      41.0    883.9     4.8       987.4  100.365363  41.325514      0
   24.270      40.7    883.8     4.4       980.3  100.365383  41.325521      0
   25.237      40.5    883.6     4.6       982.2  100.365376  41.325524      0
   26.204      40.3    883.6     4.6       977.6  100.365356  41.325510      0
   27.171      40.3    883.6     4.6       977.4  100.365370  41.325521      0
   28.138      40.3    883.6     4.1       976.6  100.365376  41.325528      0
   29.137      40.3    883.6     4.6       976.7  100.365370  41.325528      0
   30.040      40.5    883.6     4.3       975.7  100.365370  41.325528      0
   31.992      40.7    883.6     4.1       975.2  100.365370  41.325531      0
   32.974      40.7    883.7     4.4       975.2  100.365370  41.325531      0
   33.926      40.6    883.7     4.1       975.1  100.365370  41.325531      0
   34.909      40.6    883.6     3.8       975.4  100.365370  41.325531      0
   35.860      40.9    883.6     3.3       975.1  100.365370  41.325528      0
   36.843      41.1    883.8     4.0       970.8  100.365335  41.325504      0
   37.842      41.2    883.7     4.2       965.7  100.365363  41.325517      0
   38.762      41.4    883.9     4.1       974.1  100.365383  41.325558      0
   39.729      41.6    883.8     4.1       977.4  100.365322  41.325480      0
   40.696      41.4    883.7     4.1       969.5  100.365383  41.325582      0
   41.664      40.9    883.8     4.1       969.4  100.365486  41.325514      0
   42.631      40.3    883.7     4.0       969.2  100.365370  41.325644      0
   43.598      39.9    883.6     5.0       963.6  100.365404  41.325534      0
   44.565      40.0    883.6     6.5       962.3  100.365363  41.325569      0
   45.532      40.2    883.7     6.3       972.1  100.365404  41.325565      0
   46.500      40.1    883.6     4.8       991.9  100.365404  41.325538      0
   47.467      40.1    883.5     4.4       978.2  100.365390  41.325534      0
   48.434      40.3    883.6     4.5       979.7  100.365424  41.325551      0
   49.401      40.1    883.5     5.1       982.9  100.365390  41.325531      0
   50.368      40.0    883.6     5.0       974.0  100.365397  41.325528      0
   51.320      40.3    883.6     4.8       984.3  100.365363  41.325545      0
   52.303      40.5    883.6     4.9       968.7  100.365383  41.325528      0
   53.255      40.0    883.5     4.7       989.0  100.365301  41.325569      0
   54.237      39.7    883.5     5.6      1006.7  100.365356  41.325589      0
   55.189      39.4    883.6     5.0       985.5  100.365288  41.325534      0
   56.156      38.7    883.8     4.9       973.5  100.365329  41.325528      0
   57.123      37.5    883.8     6.1       972.2  100.365431  41.325562      0
   58.058      34.9    883.8     6.6       978.3  100.365438  41.325541      0
   59.025      33.6    883.9     6.9       979.5  100.365356  41.325572      0
   60.992      33.9    883.8     7.5       979.5  100.365356  41.325572      0
   61.959      34.1    883.9     7.4       973.4  100.365315  41.325528      0
   62.927      33.6    883.9     7.7       964.4  100.365342  41.325575      0
   63.894      32.5    884.0     7.9       965.2  100.365404  41.325541      0
   64.861      31.7    884.0     8.7       975.2  100.365383  41.325487      0
   65.828      31.8    884.0     8.2       973.8  100.365404  41.325551      0
   66.780      32.0    884.0     8.8       960.0  100.365335  41.325476      0
   67.763      32.2    884.1     9.5       980.5  100.365301  41.325507      0
   68.714      31.8    883.9     9.7       981.2  100.365383  41.325504      0
   69.697      31.3    884.0     9.9       982.6  100.365397  41.325589      0
   70.649      30.7    884.0    10.5       976.6  100.365370  41.325627      0
   71.631      30.6    884.1    10.6       985.5  100.365349  41.325483      0
   72.583      30.5    883.9    10.5       991.6  100.365342  41.325497      0
   73.550      30.6    884.0    10.5       989.2  100.365342  41.325514      0
   74.517      30.5    883.9    10.5       977.9  100.365376  41.325459      0
   75.485      30.6    884.1    11.2       978.8  100.365424  41.325493      0
   76.452      30.8    884.1    11.3       957.5  100.365417  41.325507      0
   77.419      30.6    884.0    11.5       960.8  100.365417  41.325425      0
   78.386      30.4    884.1    12.6       960.6  100.365376  41.325466      0
   79.338      30.5    884.0    11.4       994.5  100.365356  41.325432      0
   80.321      30.7    884.1    11.4       986.7  100.365363  41.325459      0
   81.272      30.7    883.9    11.6       965.2  100.365506  41.325534      0
   82.255      30.6    884.0    12.6       961.0  100.365520  41.325531      0
   83.207      30.0    883.9    13.5       982.7  100.365554  41.325504      0
   84.189      29.9    884.0    13.0       985.2  100.365376  41.325524      0
   85.141      30.3    884.0    11.7       979.2  100.365376  41.325545      0
   86.108      30.0    884.0    11.6       971.3  100.365417  41.325572      0
   87.058      29.7    884.0    12.1       973.2  100.365438  41.325644      0
   88.010      29.6    884.0    12.4       979.0  100.365458  41.325545      0
   89.977      29.7    883.8    12.8       979.0  100.365458  41.325545      0
   90.944      30.1    883.9    12.2       972.4  100.365349  41.325586      0
   91.911      30.4    883.7    12.4       991.5  100.365451  41.325620      0
   92.879      31.0    883.5    10.1       984.5  100.365390  41.325654      0
   93.846      32.3    883.5    10.0       983.4  100.365363  41.325569      0
   94.813      34.0    883.5     9.7       967.5  100.365329  41.325548      0
   95.780      35.1    883.5     9.2       976.5  100.365356  41.325569      0
   96.747      35.7    883.5     9.1       971.2  100.365281  41.325517      0
   97.715      36.2    883.5     8.8       968.9  100.365329  41.325446      0
   98.682      36.5    883.4     8.3       974.9  100.365383  41.325473      0
   99.633      36.9    883.5     8.5       977.2  100.365383  41.325469      0
  100.616      37.1    883.5     8.0       973.4  100.365363  41.325466      0
  101.568      37.5    883.5     7.6       971.8  100.365376  41.325466      0
  102.551      37.9    883.6     7.3       974.1  100.365390  41.325463      0
  103.502      38.1    883.6     6.9       977.2  100.365431  41.325469      0
  104.469      38.2    883.6     7.0       973.2  100.365356  41.325435      0
  105.437      38.3    883.5     6.7       974.0  100.365431  41.325422      0
  106.404      38.3    883.6     7.0       985.0  100.365390  41.325388      0
  107.371      38.5    883.6     7.0       984.1  100.365370  41.325384      0
  108.338      38.7    883.8     6.5       978.4  100.365356  41.325391      0
  109.305      38.9    883.7     7.0       971.0  100.365335  41.325370      0
  110.304      39.3    883.7     6.6       971.7  100.365329  41.325381      0
  111.240      39.7    883.8     6.4       974.6  100.365322  41.325398      0
  112.207      40.0    883.7     5.9       965.5  100.365322  41.325428      0
  113.174      40.3    883.8     6.2       966.3  100.365329  41.325422      0
  114.126      40.5    883.7     5.8       973.4  100.365349  41.325374      0
  115.060      41.0    883.8     5.8       970.5  100.365342  41.325405      0
  116.043      41.1    883.8     5.8       971.6  100.365349  41.325398      0
  117.995      41.0    883.7     5.7       970.9  100.365342  41.325401      0
  118.977      41.1    883.8     5.6       970.9  100.365342  41.325401      0
  119.929      41.1    883.7     5.8       972.3  100.365342  41.325381      0
  120.896      41.2    883.8     5.8       972.4  100.365342  41.325374      0
  121.863      41.3    883.6     5.8       972.6  100.365342  41.325381      0
  122.831      41.4    883.7     5.3       972.9  100.365335  41.325391      0
  123.798      41.4    883.9     5.9       973.5  100.365342  41.325377      0
  124.765      41.5    883.7     5.4       973.2  100.365335  41.325381      0
  125.732      41.4    883.8     5.2       973.5  100.365335  41.325388      0
  126.699      41.3    883.7     6.0       973.8  100.365329  41.325388      0
  127.667      41.2    883.7     5.4       973.6  100.365335  41.325377      0
  128.634      41.3    883.7     5.3       973.9  100.365335  41.325377      0
  129.601      41.4    883.7     5.3       974.2  100.365329  41.325384      0
  130.568      41.6    883.7     5.6       974.4  100.365335  41.325388      0
  131.535      41.7    883.7     5.0       974.1  100.365342  41.325370      0
  132.503      41.9    883.7     5.0       974.2  100.365335  41.325377      0
  133.470      42.0    883.6     5.2       974.2  100.365342  41.325370      0
  134.437      42.1    883.6     5.2       974.3  100.365342  41.325374      0
  135.389      42.2    883.5     5.5       974.6  100.365342  41.325377      0
  136.371      42.3    883.7     5.2       974.7  100.365335  41.325377      0
  137.385      42.3    883.7     5.2       974.5  100.365342  41.325370      0
  138.306      42.3    883.6     5.0       974.5  100.365349  41.325357      0
  139.257      42.2    883.6     5.2       974.4  100.365342  41.325370      0
  140.225      42.1    883.8     5.7       974.5  100.365349  41.325360      0
  141.192      41.9    883.6     5.4       974.7  100.365342  41.325370      0
  142.159      41.9    883.7     5.3       974.4  100.365342  41.325364      0
  143.126      42.0    883.6     4.8       974.3  100.365342  41.325360      0
  144.061      42.1    883.7     5.6       974.7  100.365342  41.325360      0
  145.028      42.1    883.5     4.7       974.4  100.365342  41.325364      0
  146.995      42.2    883.6     5.1       974.2  100.365335  41.325367      0
  147.962      42.2    883.6     4.6       974.2  100.365335  41.325367      0
  148.929      42.2    883.6     5.0       974.2  100.365342  41.325357      0
  149.897      42.2    883.5     4.8       974.3  100.365335  41.325367      0
  150.864      42.3    883.6     5.3       974.4  100.365342  41.325364      0
  151.831      42.6    883.7     5.0       974.8  100.365335  41.325374      0
  152.798      42.8    883.6     5.1       974.5  100.365342  41.325360      0
  153.750      42.9    883.5     4.8       974.2  100.365335  41.325364      0
  154.733      42.7    883.7     4.7       974.0  100.365335  41.325374      0
  155.684      42.6    883.6     4.5       974.6  100.365335  41.325374      0
  156.667      42.7    883.7     4.6       974.5  100.365335  41.325374      0
  157.619      42.6    883.6     5.2       974.9  100.365335  41.325370      0
  158.601      42.6    883.5     5.0       975.2  100.365329  41.325381      0
  159.553      42.6    883.6     4.7       974.6  100.365329  41.325377      0
  160.520      42.6    883.5     4.9       974.6  100.365329  41.325377      0
  161.487      42.7    883.7     4.9       973.8  100.365335  41.325370      0
  162.455      42.7    883.6     4.5       974.5  100.365335  41.325374      0
  163.422      42.6    883.6     5.0       974.4  100.365329  41.325377      0
  164.389      42.6    883.5     4.9       974.3  100.365329  41.325377      0
  165.356      42.7    883.6     4.9       974.4  100.365329  41.325384      0
  166.323      42.8    883.6     5.1       974.9  100.365329  41.325381      0
  167.291      42.8    883.5     4.7       974.4  100.365329  41.325381      0
  168.258      42.7    883.5     4.5       974.2  100.365322  41.325384      0
  169.225      42.8    883.5     4.6       974.1  100.365322  41.325391      0
  170.192      42.8    883.5     4.8       974.4  100.365322  41.325394      0
  171.160      42.7    883.4     4.7       973.5  100.365322  41.325384      0
  172.111      42.6    883.6     4.2       973.0  100.365329  41.325374      0
  173.046      42.4    883.5     4.7       972.1  100.365315  41.325391      0
  174.028      42.5    883.6     5.3       972.6  100.365322  41.325381      0
  175.980      42.6    883.7     5.0       972.6  100.365322  41.325381      0
  176.963      42.6    883.5     5.0       971.6  100.365308  41.325394      0
  177.914      42.7    883.6     4.7       970.9  100.365308  41.325394      0
  178.882      42.8    883.5     5.1       971.4  100.365322  41.325381      0
  179.849      42.8    883.6     5.0       971.6  100.365308  41.325391      0
  180.816      42.8    883.6     5.4       970.4  100.365301  41.325398      0
  181.783      42.9    883.5     4.8       970.8  100.365308  41.325398      0
  182.750      42.9    883.6     4.9       970.6  100.365301  41.325401      0
  183.718      43.0    883.5     4.8       972.0  100.365308  41.325398      0
  184.685      43.0    883.6     5.1       970.6  100.365301  41.325405      0
  185.652      43.1    883.5     4.3       970.8  100.365308  41.325391      0
  186.619      43.2    883.7     4.6       971.0  100.365294  41.325408      0
  187.586      43.1    883.6     5.2       972.0  100.365308  41.325391      0
  188.554      43.1    883.5     4.9       972.9  100.365294  41.325405      0
  189.521      43.1    883.5     4.6       972.0  100.365288  41.325411      0
  190.488      43.1    883.5     4.4       972.0  100.365294  41.325405      0
  191.440      43.0    883.5     4.9       973.6  100.365308  41.325388      0
  192.407      43.0    883.5     4.0       972.8  100.365301  41.325391      0
  193.374      42.9    883.5     4.4       972.1  100.365294  41.325405      0
  194.341      42.8    883.5     4.3       972.4  100.365288  41.325405      0
  195.308      42.9    883.5     4.8       971.4  100.365288  41.325408      0
  196.276      42.9    883.4     4.2       972.0  100.365294  41.325394      0
  197.243      42.9    883.5     4.5       973.3  100.365301  41.325388      0
  198.210      42.9    883.5     5.0       973.0  100.365294  41.325398      0
  199.177      42.9    883.4     4.3       971.8  100.365294  41.325401      0
  200.144      42.8    883.5     4.3       972.9  100.365308  41.325384      0
  201.079      42.6    883.5     5.2       972.6  100.365294  41.325398      0
  202.046      42.6    883.4     4.7       973.1  100.365288  41.325408      0
  203.013      42.6    883.5     4.1       973.0  100.365301  41.325394      0
  204.965      42.7    883.4     4.6       973.0  100.365301  41.325394      0
  205.948      42.6    883.3     4.1       972.7  100.365294  41.325405      0
  206.899      42.6    883.3     4.6       973.7  100.365294  41.325398      0
  207.882      42.6    883.3     4.6       972.7  100.365294  41.325405      0
  208.834      42.7    883.3     4.4       973.5  100.365294  41.325398      0
  209.816      42.9    883.4     5.0       973.0  100.365301  41.325391      0
  210.768      43.1    883.4     4.4       973.1  100.365308  41.325381      0
  211.751      43.2    883.4     4.6       973.1  100.365301  41.325391      0
  212.702      43.2    883.5     4.6       974.3  100.365308  41.325381      0
  213.670      42.9    883.3     4.2       974.0  100.365315  41.325377      0
  214.637      42.7    883.4     4.0       972.9  100.365308  41.325377      0
  215.604      42.7    883.3     4.7       973.8  100.365315  41.325370      0
  216.571      42.7    883.3     4.7       974.6  100.365322  41.325360      0
  217.538      42.8    883.2     4.5       974.5  100.365315  41.325374      0
  218.506      42.9    883.2     4.5       975.2  100.365315  41.325367      0
  219.473      43.1    883.3     4.4       975.2  100.365322  41.325357      0
  220.440      43.3    883.3     4.5       974.7  100.365322  41.325360      0
  221.392      43.4    883.2     4.3       974.6  100.365322  41.325360      0
  222.374      43.3    883.2     4.5       974.4  100.365315  41.325364      0
  223.326      43.1    883.4     4.4       974.0  100.365315  41.325367      0
  224.309      43.0    883.3     4.1       973.7  100.365315  41.325367      0
  225.260      42.9    883.2     4.3       973.6  100.365322  41.325367      0
  226.243      42.9    883.2     3.5       973.4  100.365322  41.325364      0
  227.195      43.0    883.2     4.3       973.6  100.365329  41.325353      0
  228.178      43.2    883.4     4.5       973.2  100.365315  41.325370      0
  229.129      43.2    883.2     4.5       972.7  100.365315  41.325370      0
  230.064      43.0    883.3     4.3       973.6  100.365308  41.325388      0
  231.031      42.6    883.3     5.1       975.7  100.365322  41.325377      0
  232.998      42.0    883.2     4.6       978.5  100.365335  41.325377      0
  233.965      41.3    883.2     4.3       978.5  100.365335  41.325377      0
  234.932      41.0    883.4     4.4       978.2  100.365322  41.325381      0
  235.900      41.0    883.2     4.2       990.9  100.365417  41.325357      0
  236.867      40.8    883.2     4.8       980.4  100.365342  41.325374      0
  237.834      40.7    883.3     4.6       979.7  100.365335  41.325370      0
  238.801      40.7    883.2     4.3       987.9  100.365417  41.325357      0
  239.768      40.9    883.2     5.2       981.9  100.365294  41.325370      0
  240.736      40.9    883.2     5.2       971.7  100.365356  41.325381      0
  241.687      40.9    883.1     5.0       980.6  100.365370  41.325381      0
  242.670      40.8    883.1     4.9       988.9  100.365458  41.325377      0
  243.668      40.7    883.1     5.4       986.5  100.365383  41.325357      0
  244.604      40.5    883.1     6.1       988.0  100.365308  41.325367      0
  245.556      40.3    883.1     5.1       986.8  100.365376  41.325394      0
  246.539      40.2    883.0     4.5       987.2  100.365404  41.325374      0
  247.490      40.1    883.0     4.7       983.6  100.365335  41.325350      0
  248.458      40.1    883.0     5.0       985.1  100.365363  41.325364      0
  249.425      39.9    882.9     5.4       990.7  100.365376  41.325353      0
  250.392      39.7    882.9     5.3       995.0  100.365438  41.325384      0
  251.359      39.5    883.0     4.7       994.1  100.365376  41.325398      0
  252.326      39.3    882.9     5.6       996.0  100.365397  41.325381      0
  253.294      39.2    882.9     5.7       994.9  100.365424  41.325398      0
  254.261      39.1    882.9     5.6       995.5  100.365390  41.325405      0
  255.228      39.1    882.9     6.1       994.2  100.365390  41.325377      0
  256.195      39.0    882.9     6.4       992.5  100.365397  41.325408      0
  257.162      38.9    882.9     5.1       994.6  100.365417  41.325384      0
  258.097      39.2    883.0     4.7       996.4  100.365411  41.325411      0
  259.048      39.5    882.9     4.4       995.4  100.365404  41.325405      0
  260.031      39.7    883.0     5.5       995.6  100.365404  41.325408      0
  261.983      39.8    882.9     4.7       993.2  100.365390  41.325391      0
  262.966      39.8    882.9     7.6       993.2  100.365390  41.325391      0
  263.917      39.5    882.8     5.5       993.8  100.365438  41.325343      0
  264.884      39.1    882.9     5.0       995.0  100.365329  41.325425      0
  265.852      38.9    882.8     4.3       990.4  100.365397  41.325435      0
  266.819      38.7    882.8     4.9       990.6  100.365342  41.325353      0
  267.786      38.5    882.8     5.2       993.3  100.365424  41.325374      0
  268.753      38.7    882.8     4.9       993.6  100.365438  41.325377      0
  269.720      39.0    882.8     4.7       993.6  100.365438  41.325381      0
  270.688      39.2    882.9     5.1       993.2  100.365438  41.325384      0
  271.655      39.4    882.9     5.5       989.6  100.365417  41.325398      0
  272.606      39.5    883.0     5.0       984.7  100.365390  41.325405      0
  273.589      39.6    883.0     4.3       980.7  100.365363  41.325418      0
  274.541      39.7    883.0     4.6       980.3  100.365363  41.325418      0
  275.524      39.9    883.0     4.8       980.5  100.365356  41.325411      0
  276.475      40.1    883.0     4.7       979.5  100.365349  41.325418      0
  277.458      40.2    883.0     4.8       979.6  100.365349  41.325422      0
  278.410      40.2    882.9     4.6       978.4  100.365342  41.325428      0
  279.377      40.4    883.1     5.0       977.4  100.365335  41.325428      0
  280.344      40.3    883.1     5.6       976.9  100.365329  41.325425      0
  281.311      40.3    883.1     5.1       975.9  100.365322  41.325428      0
  282.279      40.2    883.1     4.3       976.0  100.365329  41.325428      0
  283.246      40.3    883.0     5.1       975.7  100.365329  41.325428      0
  284.213      40.4    883.0     4.9       975.6  100.365329  41.325428      0
  285.180      40.6    883.0     4.9       975.6  100.365322  41.325422      0
  286.147      40.7    883.1     4.8       975.2  100.365315  41.325415      0
  287.082      40.9    883.2     4.9       975.6  100.365322  41.325418      0
  288.049      41.0    883.0     4.8       975.5  100.365322  41.325422      0
  289.001      41.1    883.0     4.4       974.8  100.365315  41.325422      0
  290.983      41.2    883.1     4.9       974.8  100.365315  41.325422      0
  291.935      41.4    883.2     4.8       975.0  100.365308  41.325422      0
  292.918      41.5    883.2     5.5       974.2  100.365308  41.325422      0
  293.869      41.6    883.1     5.1       974.1  100.365308  41.325418      0
  294.837      41.7    883.2     4.8       974.9  100.365315  41.325418      0
  295.804      41.7    883.1     5.0       974.8  100.365315  41.325422      0
  296.787      41.7    883.2     4.0       975.3  100.365315  41.325422      0
  297.738      41.7    883.2     4.4       974.9  100.365308  41.325411      0
  298.705      41.7    883.1     4.8       974.8  100.365308  41.325411      0
  299.673      41.6    883.2     4.3       975.5  100.365315  41.325411      0
  300.640      41.6    883.2     4.4       975.7  100.365315  41.325418      0
  301.607      41.6    883.2     4.5       975.8  100.365315  41.325418      0
  302.574      41.7    883.1     4.1       975.9  100.365315  41.325411      0
  303.541      41.8    883.1     4.8       976.1  100.365315  41.325408      0
  304.509      41.8    883.1     4.7       976.6  100.365315  41.325411      0
  305.476      41.9    883.2     4.7       976.4  100.365315  41.325411      0
  306.443      42.0    883.2     4.7       976.9  100.365315  41.325411      0
  307.395      42.0    883.3     4.2       977.6  100.365329  41.325422      0
  308.362      42.1    883.2     3.8       976.8  100.365315  41.325418      0
  309.329      42.2    883.2     4.4       977.1  100.365322  41.325418      0
  310.296      42.3    883.3     4.4       977.8  100.365322  41.325415      0
  311.263      42.3    883.2     4.2       977.7  100.365329  41.325418      0
  312.231      42.2    883.2     4.2       977.4  100.365329  41.325418      0
  313.198      42.2    883.2     4.6       977.4  100.365329  41.325418      0
  314.165      42.1    883.2     4.5       977.2  100.365322  41.325415      0
  315.132      42.2    883.3     4.5       977.5  100.365329  41.325418      0
  316.067      42.2    883.3     4.1       977.3  100.365329  41.325418      0
  317.034      42.3    883.3     4.1       977.4  100.365329  41.325418      0
  318.001      42.3    883.2     3.8       976.8  100.365315  41.325411      0
  319.968      42.3    883.3     3.9       976.8  100.365315  41.325411      0
  320.935      42.3    883.4     4.8       977.3  100.365329  41.325415      0
  321.887      42.4    883.3     3.8       976.9  100.365322  41.325415      0
  322.870      42.6    883.4     4.6       977.7  100.365329  41.325418      0
  323.821      42.6    883.2     4.2       977.2  100.365315  41.325408      0
  324.789      42.7    883.2     4.0       976.7  100.365308  41.325405      0
  325.756      42.8    883.3     4.5       976.2  100.365301  41.325401      0
  326.723      42.7    883.3     4.2       976.7  100.365308  41.325401      0
  327.690      42.6    883.2     4.4       977.3  100.365315  41.325408      0
  328.657      42.6    883.3     3.6       977.6  100.365315  41.325408      0
  329.625      42.6    883.4     3.9       977.5  100.365315  41.325408      0
  330.592      42.5    883.3     3.8       977.7  100.365315  41.325408      0
  331.559      42.4    883.4     4.4       977.2  100.365315  41.325408      0
  332.526      42.4    883.3     3.7       977.4  100.365315  41.325411      0
  333.493      42.4    883.3     3.9       977.0  100.365308  41.325408      0
  334.445      42.4    883.3     3.3       977.7  100.365315  41.325405      0
  335.428      42.5    883.3     4.0       977.4  100.365308  41.325408      0
  336.379      42.6    883.2     3.5       977.9  100.365315  41.325411      0
  337.362      42.6    883.3     3.6       978.6  100.365322  41.325411      0
  338.314      42.5    883.3     3.9       978.5  100.365322  41.325405      0
  339.297      42.4    883.3     3.8       978.6  100.365322  41.325408      0
  340.248      42.3    883.3     3.4       978.3  100.365315  41.325401      0
  341.215      42.5    883.4     4.6       977.7  100.365308  41.325401      0
  342.183      42.5    883.3     4.2       977.5  100.365308  41.325398      0
  343.150      42.6    883.4     4.1       977.4  100.365301  41.325401      0
  344.084      42.5    883.3     4.5       978.4  100.365315  41.325408      0
  345.051      42.4    883.3     3.7       978.5  100.365315  41.325411      0
  346.019      42.4    883.4     4.6       977.7  100.365308  41.325405      0
  347.986      42.3    883.3     4.1       977.7  100.365308  41.325405      0
  348.937      42.3    883.3     4.1       978.1  100.365308  41.325408      0
  349.920      42.3    883.4     3.7       977.2  100.365301  41.325401      0
  350.872      42.3    883.3     4.3       978.1  100.365315  41.325408      0
  351.839      42.3    883.3     5.0       977.7  100.365308  41.325405      0
  352.822      42.4    883.3     4.3       977.3  100.365308  41.325408      0
  353.773      42.5    883.3     4.9       977.6  100.365315  41.325405      0
  354.756      42.6    883.2     3.4       978.0  100.365322  41.325411      0
  355.708      42.6    883.2     4.4       977.3  100.365308  41.325405      0
  356.675      42.6    883.3     4.4       977.3  100.365308  41.325401      0
  357.642      42.7    883.4     4.6       977.6  100.365315  41.325405      0
  358.609      42.7    883.2     4.3       978.2  100.365322  41.325408      0
  359.577      42.6    883.3     4.7       978.5  100.365322  41.325408      0
  360.544      42.6    883.2     3.9       979.0  100.365329  41.325405      0
  361.511      42.6    883.2     3.9       979.1  100.365329  41.325405      0
  362.478      42.7    883.3     4.2       979.1  100.365335  41.325408      0
  363.445      42.7    883.3     3.9       978.6  100.365329  41.325408      0
  364.413      42.6    883.1     3.5       978.5  100.365335  41.325405      0
  365.380      42.7    883.2     3.1       978.8  100.365342  41.325415      0
  366.331      42.9    883.3     4.2       978.7  100.365335  41.325411      0
  367.314      42.9    883.2     4.4       978.2  100.365335  41.325408      0
  368.266      42.9    883.3     4.2       978.8  100.365342  41.325418      0
  369.249      42.9    883.3     3.9       979.7  100.365349  41.325418      0
  370.200      42.8    883.2     3.8       979.5  100.365342  41.325415      0
  371.167      42.8    883.2     3.5       979.5  100.365342  41.325415      0
  372.135      42.8    883.2     3.4       979.4  100.365335  41.325411      0
  373.069      43.1    883.2     3.6       979.3  100.365335  41.325411      0
  374.036      43.2    883.2     3.3       978.9  100.365329  41.325408      0
  375.003      43.3    883.2     3.9       979.4  100.365342  41.325415      0
  376.971      43.4    883.3     4.2       979.4  100.365342  41.325415      0
  377.938      43.5    883.2     3.9       979.7  100.365342  41.325418      0
  378.905      43.4    883.3     4.3       979.2  100.365335  41.325411      0
  379.872      43.3    883.2     3.3       978.7  100.365322  41.325405      0
  380.824      43.1    883.1     3.8       979.2  100.365329  41.325408      0
  381.791      43.1    883.1     3.2       979.5  100.365335  41.325411      0
  382.758      43.1    883.1     3.6       979.1  100.365335  41.325415      0
  383.725      43.0    883.2     3.3       978.5  100.365329  41.325411      0
  384.693      43.0    883.2     4.2       978.8  100.365335  41.325411      0
  385.660      43.0    883.2     3.6       979.0  100.365335  41.325411      0
  386.627      42.9    883.2     3.3       979.0  100.365335  41.325411      0
  387.594      42.7    883.2     3.5       979.0  100.365335  41.325411      0
  388.561      42.7    883.1     3.8       978.4  100.365329  41.325408      0
  389.544      42.7    883.3     4.0       978.2  100.365329  41.325415      0
  390.496      42.7    883.2     3.4       978.6  100.365335  41.325415      0
  391.463      42.7    883.1     4.2       977.7  100.365322  41.325408      0
  392.430      42.6    883.1     3.5       978.1  100.365322  41.325405      0
  393.397      42.6    883.2     3.9       978.1  100.365322  41.325405      0
  394.365      42.5    883.2     3.5       977.7  100.365315  41.325401      0
  395.332      42.5    883.1     3.4       977.7  100.365322  41.325408      0
  396.284      42.5    883.2     4.1       977.9  100.365322  41.325405      0
  397.251      42.6    883.1     3.2       978.1  100.365322  41.325408      0
  398.218      42.7    883.2     3.3       978.4  100.365322  41.325401      0
  399.185      42.9    883.1     2.8       978.2  100.365322  41.325405      0
  400.152      43.0    883.1     4.5       978.4  100.365322  41.325401      0
  401.087      43.3    883.1     3.8       979.0  100.365335  41.325411      0
  402.054      43.4    883.1     4.0       979.0  100.365329  41.325401      0
  403.021      43.5    883.1     4.3       979.2  100.365329  41.325411      0
  404.988      43.6    883.1     2.8       978.2  100.365322  41.325405      0
  405.956      43.5    883.1     3.4       978.2  100.365322  41.325405      0
  406.907      43.4    883.1     3.7       978.9  100.365329  41.325408      0
  407.890      43.4    883.0     3.4       979.4  100.365329  41.325411      0
  408.842      43.4    883.0     4.1       979.2  100.365329  41.325411      0
  409.824      43.4    883.1     4.1       979.5  100.365329  41.325411      0
  410.776      43.4    883.0     4.0       979.8  100.365329  41.325411      0
  411.743      43.4    883.1     3.5       978.8  100.365322  41.325405      0
  412.710      43.3    883.0     3.1       979.4  100.365329  41.325408      0
  413.678      43.1    883.2     3.8       979.4  100.365322  41.325411      0
  414.645      42.9    883.1     3.8       978.6  100.365315  41.325411      0
  415.612      42.9    883.0     4.0       979.7  100.365329  41.325411      0
  416.579      43.0    883.0     3.7       978.9  100.365322  41.325408      0
  417.546      43.0    883.1     2.8       978.8  100.365315  41.325405      0
  418.514      43.0    883.0     4.5       978.4  100.365308  41.325401      0
  419.481      43.1    883.0     4.0       979.0  100.365315  41.325408      0
  420.448      43.3    883.2     2.7       979.4  100.365322  41.325411      0
  421.400      43.3    883.2     4.1       979.0  100.365315  41.325408      0
  422.382      43.2    883.1     3.0       978.6  100.365315  41.325405      0
  423.334      43.3    883.2     4.4       978.6  100.365315  41.325408      0
  424.317      43.3    883.1     4.0       979.2  100.365322  41.325408      0
  425.268      43.2    883.0     2.7       979.3  100.365322  41.325411      0
  426.236      43.0    883.0     3.3       979.7  100.365329  41.325415      0
  427.203      42.7    883.1     4.2       979.5  100.365322  41.325411      0
  428.170      42.7    883.0     3.0       979.3  100.365315  41.325408      0
  429.137      42.7    883.0     3.8       978.6  100.365308  41.325401      0
  430.072      42.8    883.1     3.4       978.1  100.365308  41.325401      0
  431.039      42.7    883.1     3.4       978.5  100.365308  41.325405      0
  432.006      42.7    883.0     4.0       979.0  100.365315  41.325401      0
  433.973      42.6    883.1     3.9       979.0  100.365315  41.325401      0
  434.940      42.4    883.2     3.5       979.4  100.365322  41.325408      0
  435.892      41.7    882.9     4.2       979.8  100.365322  41.325408      0
  436.875      41.7    882.9     3.1       983.6  100.365294  41.325394      0
  437.826      41.6    882.9     4.1       978.1  100.365329  41.325425      0
  438.794      41.4    882.9     3.3       978.2  100.365329  41.325425      0
  439.761      41.4    882.8     3.9       977.8  100.365335  41.325428      0
  440.728      41.2    883.0     4.4       977.8  100.365329  41.325411      0
  441.695      41.0    882.9     5.0       979.0  100.365322  41.325408      0
  442.662      40.6    882.9     5.6       977.9  100.365322  41.325401      0
  443.630      40.3    882.7     5.8       978.8  100.365315  41.325394      0
  444.597      40.2    882.9     4.8       978.2  100.365315  41.325394      0
  445.564      39.6    882.3     4.2       978.8  100.365315  41.325408      0
  446.531      38.7    882.0     4.9       985.0  100.365376  41.325528      0
  447.498      38.9    881.5     4.9       985.0  100.365431  41.325630      0
  448.466      38.5    880.8     5.9       996.2  100.365479  41.325760      0
  449.417      37.8    880.2     4.5      1003.7  100.365540  41.325859      0
  450.384      37.8    879.6     5.9      1000.2  100.365554  41.325852      0
  451.367      37.8    879.0     4.2      1007.4  100.365513  41.325866      0
  452.319      37.9    878.5     4.9      1024.1  100.365581  41.325804      0
  453.302      37.9    877.8     5.5      1021.1  100.365533  41.325869      0
  454.253      37.6    877.2     5.4       984.7  100.365547  41.325937      0
  455.220      37.5    876.8     5.2       993.3  100.365595  41.325989      0
  456.188      37.4    876.3     6.1       986.3  100.365691  41.325992      0
  457.155      36.9    875.5     5.4      1019.7  100.365732  41.325934      0
  458.122      36.8    875.1     6.1      1017.7  100.365725  41.326053      0
  459.056      36.5    874.0     6.1      1041.8  100.365807  41.326129      0
  460.024      36.1    873.4     6.8      1048.7  100.365848  41.326146      0
  461.991      36.0    872.8     7.1      1057.5  100.365889  41.326152      0
  462.942      36.0    872.4     6.2      1057.5  100.365889  41.326152      0
  463.925      36.1    871.7     6.5      1068.5  100.365875  41.326217      0
  464.877      36.0    871.1     6.7      1074.7  100.365923  41.326180      0
  465.844      36.0    870.7     7.4      1089.5  100.365936  41.326200      0
  466.811      35.8    870.4     6.7      1061.1  100.366012  41.326217      0
  467.778      35.7    869.9     6.7      1072.0  100.366039  41.326166      0
  468.746      35.4    869.4     6.7      1065.5  100.366039  41.326163      0
  469.713      35.3    868.9     6.8      1077.4  100.366053  41.326105      0
  470.711      35.1    868.0     7.0      1089.1  100.366066  41.326060      0
  471.647      35.0    867.7     6.6      1097.1  100.366053  41.326057      0
  472.614      35.0    867.1     6.8      1107.4  100.366046  41.326053      0
  473.582      34.8    866.5     6.7      1111.4  100.366025  41.326077      0
  474.549      34.8    865.9     6.8      1118.3  100.365991  41.326108      0
  475.516      34.7    865.4     7.3      1127.3  100.365984  41.326122      0
  476.483      34.7    864.9     7.1      1135.3  100.365998  41.326142      0
  477.482      34.6    864.3     7.6      1142.6  100.366018  41.326166      0
  478.402      34.5    863.7     7.5      1150.8  100.366018  41.326187      0
  479.385      34.6    863.1     6.8      1157.1  100.366012  41.326228      0
  480.336      34.6    862.5     6.9      1164.5  100.366005  41.326262      0
  481.304      34.5    862.0     7.6      1170.8  100.365998  41.326323      0
  482.271      34.5    861.4     7.4      1175.5  100.366005  41.326351      0
  483.254      34.5    860.8     6.8      1188.9  100.365984  41.326381      0
  484.205      34.4    860.1     7.2      1192.1  100.366032  41.326436      0
  485.172      34.3    859.6     7.6      1201.7  100.366073  41.326487      0
  486.140      34.2    859.2     7.1      1205.1  100.366128  41.326535      0
  487.074      34.1    858.2     7.1      1218.3  100.366237  41.326590      0
  488.041      34.0    857.5     7.2      1226.4  100.366285  41.326596      0
  489.993      33.9    856.9     7.7      1234.5  100.366305  41.326596      0
  490.976      33.9    856.4     7.3      1234.5  100.366305  41.326596      0
  491.927      33.9    855.7     6.7      1239.3  100.366312  41.326590      0
  492.894      33.8    855.0     8.2      1250.0  100.366292  41.326603      0
  493.862      33.8    854.5     8.0      1256.0  100.366292  41.326641      0
  494.829      33.8    853.9     7.5      1265.1  100.366292  41.326685      0
  495.796      33.7    853.2     7.6      1272.7  100.366292  41.326723      0
  496.763      33.6    852.6     8.4      1277.1  100.366292  41.326784      0
  497.730      33.5    852.1     8.1      1287.7  100.366285  41.326846      0
  498.698      33.4    851.4     7.8      1291.7  100.366305  41.326894      0
  499.665      33.3    850.6     8.6      1301.9  100.366326  41.326928      0
  500.632      33.3    850.0     8.0      1308.7  100.366339  41.326941      0
  501.599      33.3    849.7     7.4      1315.5  100.366353  41.326955      0
  502.551      33.2    848.9     8.8      1326.9  100.366374  41.326982      0
  503.534      33.2    848.5     7.7      1330.2  100.366408  41.327003      0
  504.485      33.1    847.8     7.9      1334.5  100.366435  41.327020      0
  505.468      33.0    847.1     7.7      1344.4  100.366435  41.327047      0
  506.420      33.0    846.6     8.4      1349.8  100.366428  41.327092      0
  507.402      32.9    845.9     7.7      1359.4  100.366421  41.327129      0
  508.354      32.8    845.3     8.0      1366.7  100.366401  41.327157      0
  509.321      32.8    844.6     8.9      1373.7  100.366387  41.327170      0
  510.289      32.7    844.3     8.5      1379.6  100.366374  41.327167      0
  511.256      32.7    843.9     8.3      1383.4  100.366367  41.327160      0
  512.223      32.6    843.4     8.2      1389.9  100.366346  41.327170      0
  513.221      32.5    842.9     8.6      1396.9  100.366319  41.327187      0
  514.157      32.5    842.4     8.0      1404.3  100.366292  41.327215      0
  515.125      32.4    841.8     8.4      1412.0  100.366271  41.327252      0
  516.059      32.3    841.1     8.1      1417.9  100.366264  41.327379      0
  517.026      32.2    840.5     8.4      1425.6  100.366298  41.327399      0
  518.978      32.2    840.2     8.5      1429.1  100.366326  41.327413      0
  519.961      32.2    839.9     8.6      1429.1  100.366326  41.327413      0
  520.912      32.1    839.4     8.9      1431.7  100.366339  41.327409      0
  521.879      32.1    839.0     7.8      1438.8  100.366305  41.327402      0
  522.847      32.0    838.4     8.5      1442.0  100.366271  41.327426      0
  523.814      31.9    838.0     8.8      1449.5  100.366237  41.327450      0
  524.781      31.9    837.3     8.8      1454.9  100.366216  41.327481      0
  525.748      31.9    836.8     8.4      1462.4  100.366196  41.327508      0
  526.715      31.8    836.1     8.2      1468.6  100.366182  41.327536      0
  527.683      31.7    835.5     8.7      1476.2  100.366189  41.327566      0
  528.650      31.7    835.0     8.8      1482.6  100.366210  41.327583      0
  529.601      31.6    834.3     9.3      1489.7  100.366230  41.327594      0
  530.584      31.5    833.6     9.1      1497.5  100.366237  41.327611      0
  531.536      31.5    833.1     9.5      1505.6  100.366237  41.327641      0
  532.519      31.4    832.4     9.6      1511.2  100.366244  41.327672      0
  533.470      31.3    831.7     8.7      1518.2  100.366257  41.327686      0
  534.453      31.3    831.0     9.3      1525.7  100.366244  41.327700      0
  535.405      31.2    830.4     8.7      1533.4  100.366244  41.327723      0
  536.387      31.1    829.7     9.6      1541.1  100.366244  41.327747      0
  537.339      31.0    829.0     9.8      1549.4  100.366264  41.327775      0
  538.306      30.9    828.3     9.4      1557.1  100.366271  41.327788      0
  539.273      30.8    827.5     9.2      1565.2  100.366278  41.327819      0
  540.241      30.8    826.8     8.6      1572.3  100.366298  41.327840      0
  541.208      30.7    826.1     9.3      1580.4  100.366319  41.327850      0
  542.175      30.7    825.4     8.7      1588.3  100.366326  41.327850      0
  543.142      30.6    824.7     9.5      1595.4  100.366319  41.327843      0
  544.077      30.5    823.6     9.3      1608.4  100.366333  41.327843      0
  545.028      30.5    823.0    10.3      1615.9  100.366367  41.327843      0
  546.995      30.4    822.5     9.2      1622.5  100.366380  41.327840      0
  547.963      30.4    821.8    10.0      1622.5  100.366380  41.327840      0
  548.930      30.3    821.2     9.5      1629.4  100.366394  41.327870      0
  549.897      30.2    820.5    10.7      1635.9  100.366401  41.327901      0
  550.864      30.1    819.9     9.8      1644.3  100.366408  41.327932      0
  551.831      30.0    819.1     9.4      1650.7  100.366408  41.327956      0
  552.799      30.0    818.5     9.5      1658.1  100.366394  41.327980      0
  553.766      29.9    817.9     9.4      1664.5  100.366428  41.327993      0
  554.733      29.9    817.4     9.6      1672.2  100.366462  41.328000      0
  555.700      29.8    816.6    10.5      1680.7  100.366490  41.328003      0
  556.667      29.7    816.1     9.7      1686.0  100.366524  41.328010      0
  557.619      29.7    815.5    10.2      1692.8  100.366551  41.328024      0
  558.586      29.6    814.9     9.9      1698.1  100.366592  41.328024      0
  559.569      29.5    814.3    10.7      1705.1  100.366599  41.328034      0
  560.521      29.4    813.4     9.9      1712.7  100.366606  41.328051      0
  561.503      29.4    813.1    10.3      1720.0  100.366606  41.328075      0
  562.455      29.3    812.4    10.0      1726.6  100.366599  41.328092      0
  563.422      29.3    811.8    10.9      1733.1  100.366585  41.328103      0
  564.389      29.2    811.1    10.5      1739.2  100.366558  41.328116      0
  565.357      29.1    810.5    10.2      1748.1  100.366565  41.328137      0
  566.324      29.1    810.0    10.2      1753.9  100.366585  41.328150      0
  567.291      29.1    809.5    10.3      1759.0  100.366613  41.328161      0
  568.258      29.0    808.8     9.7      1766.3  100.366626  41.328184      0
  569.225      29.0    808.2    10.3      1772.6  100.366640  41.328222      0
  570.193      28.9    807.7     9.7      1778.1  100.366654  41.328249      0
  571.160      28.8    807.0     9.7      1785.9  100.366667  41.328260      0
  572.127      28.7    806.4    10.6      1792.4  100.366681  41.328260      0
  573.046      28.6    805.0    10.4      1807.9  100.366763  41.328287      0
  574.013      28.6    804.3    11.1      1816.0  100.366818  41.328301      0
  575.980      28.5    803.6    11.4      1825.8  100.366845  41.328314      0
  576.947      28.4    802.8     9.8      1825.8  100.366845  41.328314      0
  577.915      28.4    802.1    11.4      1834.5  100.366845  41.328321      0
  578.882      28.3    801.4    11.0      1842.3  100.366824  41.328321      0
  579.849      28.2    800.6    10.8      1850.1  100.366777  41.328318      0
  580.816      28.1    799.9    11.0      1857.9  100.366722  41.328290      0
  581.783      28.0    799.2    11.0      1868.4  100.366688  41.328284      0
  582.751      27.9    798.4    11.7      1879.0  100.366688  41.328284      0
  583.718      27.9    798.0    11.2      1883.9  100.366708  41.328270      0
  584.669      27.9    797.3    11.0      1891.4  100.366749  41.328249      0
  585.652      27.8    796.8    11.4      1899.4  100.366797  41.328284      0
  586.604      27.7    796.2    10.3      1903.7  100.366824  41.328335      0
  587.602      27.7    795.6    11.5      1910.1  100.366872  41.328348      0
  588.554      27.6    795.1    10.8      1917.1  100.366893  41.328328      0
  589.505      27.5    794.3    11.6      1925.3  100.366906  41.328287      0
  590.504      27.4    793.8    11.5      1933.7  100.366872  41.328243      0
  591.440      27.4    793.3    11.5      1939.5  100.366790  41.328225      0
  592.407      27.4    792.9    11.0      1943.1  100.366736  41.328202      0
  593.374      27.4    792.2    10.8      1950.7  100.366729  41.328161      0
  594.341      27.3    791.6    11.7      1958.3  100.366722  41.328157      0
  595.309      27.2    790.9    11.7      1968.5  100.366742  41.328164      0
  596.276      27.1    790.2    11.2      1976.0  100.366742  41.328184      0
  597.243      27.1    789.7    12.2      1983.0  100.366736  41.328212      0
  598.195      27.0    789.0    11.9      1990.1  100.366736  41.328195      0
  599.209      26.9    788.5    11.5      1997.7  100.366729  41.328157      0
  600.129      26.8    787.9    11.6      2002.8  100.366736  41.328109      0
  601.063      26.6    786.8    11.4      2015.7  100.366797  41.328017      0
  602.046      26.6    786.3    12.1      2021.8  100.366824  41.328010      0
  603.998      26.6    785.8    12.1      2026.9  100.366838  41.328044      0
  604.981      26.5    785.2    11.3      2026.9  100.366838  41.328044      0
  605.932      26.4    784.6    11.7      2034.2  100.366838  41.328072      0
  606.899      26.4    784.1    12.1      2040.3  100.366797  41.328099      0
  607.867      26.4    783.7    12.1      2046.2  100.366742  41.328092      0
  608.834      26.3    783.2    11.3      2051.7  100.366695  41.328055      0
  609.801      26.3    782.6    12.4      2057.8  100.366667  41.327993      0
  610.768      26.3    782.3    11.6      2062.4  100.366647  41.327922      0
  611.735      26.3    781.7    11.8      2068.7  100.366613  41.327867      0
  612.703      26.3    781.2    12.0      2074.9  100.366592  41.327833      0
  613.670      26.2    780.6    12.0      2081.0  100.366558  41.327829      0
  614.621      26.0    780.0    12.2      2089.1  100.366565  41.327833      0
  615.604      25.9    779.5    12.1      2095.2  100.366585  41.327836      0
  616.556      25.9    779.2    13.2      2098.9  100.366613  41.327843      0
  617.554      25.8    778.8    13.1      2103.0  100.366660  41.327833      0
  618.490      25.7    778.4    12.4      2107.0  100.366715  41.327812      0
  619.473      25.7    778.0    12.1      2111.5  100.366770  41.327785      0
  620.425      25.7    777.7    12.8      2116.6  100.366838  41.327754      0
  621.392      25.7    777.1    12.0      2121.3  100.366879  41.327751      0
  623.326      25.6    776.0    13.4      2133.9  100.366872  41.327758      0
  624.294      25.5    775.6    13.2      2139.0  100.366845  41.327751      0
  625.261      25.4    774.9    13.0      2146.4  100.366845  41.327747      0
  626.228      25.3    774.2    12.2      2156.7  100.366893  41.327747      0
  627.195      25.2    774.1    13.6      2161.9  100.366913  41.327744      0
  628.162      25.1    773.7    12.7      2162.9  100.366947  41.327754      0
  629.130      25.2    773.3    13.1      2159.6  100.366968  41.327758      0
  630.095      25.1    772.3    13.5      2174.7  100.366893  41.327689      0
  631.016      25.0    771.8    13.5      2178.7  100.366865  41.327689      0
  632.983      24.9    771.3    13.6      2185.3  100.366838  41.327693      0
  633.950      24.8    770.8    13.4      2185.3  100.366838  41.327693      0
  634.917      24.8    770.4    12.5      2193.8  100.366852  41.327700      0
  635.884      24.8    769.8    13.4      2201.3  100.366886  41.327706      0
  636.852      24.8    769.5    13.1      2205.5  100.366893  41.327723      0
  637.819      24.8    769.0    13.5      2211.5  100.366879  41.327730      0
  638.786      24.7    768.4    13.6      2218.3  100.366852  41.327706      0
  639.753      24.7    768.0    13.2      2225.7  100.366845  41.327672      0
  640.720      24.6    767.7    14.5      2230.1  100.366859  41.327645      0
  641.688      24.5    767.0    13.6      2238.2  100.366879  41.327645      0
  642.655      24.4    766.6    14.5      2242.3  100.366899  41.327662      0
  643.622      24.3    766.2    14.1      2247.4  100.366940  41.327706      0
  644.589      24.2    765.7    14.0      2251.2  100.366988  41.327713      0
  645.541      24.2    765.2    13.8      2258.0  100.367036  41.327730      0
  646.524      24.2    764.8    14.3      2262.5  100.367070  41.327717      0
  647.475      24.2    764.4    14.4      2266.7  100.367077  41.327696      0
  648.442      24.1    763.8    14.3      2274.1  100.367050  41.327662      0
  649.410      24.0    763.4    13.9      2280.4  100.367002  41.327635      0
  650.377      24.0    762.9    13.9      2287.8  100.366961  41.327641      0
  651.344      24.0    762.4    14.4      2294.5  100.366968  41.327631      0
  652.311      23.9    761.8    15.0      2299.1  100.367036  41.327621      0
  653.278      23.7    761.4    14.7      2305.6  100.367098  41.327641      0
  654.246      23.7    760.8    14.2      2311.2  100.367139  41.327676      0
  655.213      23.6    760.2    15.1      2320.6  100.367159  41.327703      0
  656.180      23.5    759.5    14.5      2328.6  100.367145  41.327737      0
  657.178      23.4    758.8    14.6      2335.8  100.367125  41.327764      0
  658.082      23.3    757.6    15.5      2349.6  100.367159  41.327751      0
  659.033      23.4    757.2    14.8      2355.7  100.367180  41.327713      0
  660.016      23.4    756.8    15.2      2359.6  100.367186  41.327672      0
  661.968      23.3    756.3    14.4      2359.6  100.367186  41.327672      0
  662.950      23.3    755.6    15.2      2366.0  100.367159  41.327679      0
  663.902      23.2    755.2    14.5      2374.9  100.367145  41.327693      0
  664.869      23.1    754.6    15.1      2379.9  100.367125  41.327720      0
  665.836      23.0    754.0    15.3      2387.0  100.367159  41.327747      0
  666.804      22.9    753.3    15.1      2393.2  100.367221  41.327751      0
  667.771      22.8    752.6    15.0      2400.3  100.367289  41.327723      0
  668.738      22.8    752.2    15.3      2407.4  100.367343  41.327672      0
  669.705      22.8    751.8    15.3      2414.6  100.367378  41.327621      0
  670.672      22.8    751.2    14.9      2417.8  100.367412  41.327570      0
  671.640      22.8    750.9    15.9      2426.3  100.367466  41.327542      0
  672.591      22.7    750.3    15.0      2428.8  100.367494  41.327553      0
  673.574      22.7    750.0    15.0      2433.3  100.367501  41.327573      0
  674.526      22.6    749.4    15.3      2438.6  100.367494  41.327594      0
  675.508      22.5    748.8    16.3      2444.7  100.367460  41.327577      0
  676.460      22.4    748.5    15.9      2451.6  100.367446  41.327542      0
  677.427      22.3    748.0    15.8      2456.0  100.367432  41.327484      0
  678.394      22.3    747.6    15.4      2460.7  100.367419  41.327426      0
  679.362      22.2    747.1    16.1      2466.9  100.367412  41.327375      0
  680.329      22.1    746.5    15.4      2473.4  100.367405  41.327327      0
  681.327      22.1    746.0    16.3      2480.8  100.367412  41.327283      0
  682.263      22.1    745.4    16.0      2486.2  100.367453  41.327249      0
  683.230      22.0    744.9    16.4      2492.2  100.367514  41.327245      0
  684.198      21.8    744.2    16.1      2498.5  100.367589  41.327266      0
  685.165      21.7    743.7    15.9      2507.1  100.367664  41.327300      0
  686.132      21.8    743.2    16.2      2512.1  100.367719  41.327324      0
  687.066      21.8    742.1    15.9      2523.8  100.367856  41.327300      0
  688.034      21.6    741.6    16.0      2530.5  100.367931  41.327266      0
  689.985      21.7    741.1    17.1      2537.3  100.367985  41.327242      0
  690.968      21.6    740.5    17.1      2537.3  100.367985  41.327242      0
  691.920      21.4    739.7    17.0      2544.7  100.367999  41.327238      0
  692.902      21.3    739.3    16.4      2552.9  100.367985  41.327238      0
  693.854      21.1    738.8    16.6      2559.2  100.367951  41.327225      0
  694.821      21.0    738.2    16.4      2563.7  100.367951  41.327208      0
  695.788      21.0    737.5    17.1      2574.2  100.367958  41.327167      0
  696.756      21.1    736.9    17.3      2581.7  100.368026  41.327122      0
  697.723      20.9    736.3    16.9      2590.9  100.368129  41.327088      0
  698.690      20.8    735.6    17.4      2595.4  100.368225  41.327105      0
  699.657      20.7    734.9    17.3      2597.5  100.368279  41.327146      0
  700.624      20.7    734.4    17.5      2613.5  100.368347  41.327150      0
  701.592      20.8    733.9    17.8      2620.8  100.368382  41.327153      0
  702.559      20.7    733.2    17.4      2630.1  100.368375  41.327139      0
  703.526      20.5    732.7    17.5      2635.0  100.368361  41.327095      0
  704.478      20.5    732.3    17.5      2633.9  100.368347  41.327054      0
  705.460      20.5    731.8    17.3      2640.3  100.368354  41.327003      0
  706.412      20.6    731.4    17.6      2648.2  100.368368  41.326989      0
  707.395      20.5    730.7    17.4      2655.1  100.368402  41.326999      0
  708.346      20.3    730.2    17.9      2664.2  100.368436  41.327030      0
  709.314      20.4    729.7    17.8      2670.4  100.368491  41.327047      0
  710.281      20.2    729.2    18.4      2677.5  100.368552  41.327054      0
  711.248      20.3    728.7    16.8      2686.5  100.368641  41.327054      0
  712.215      20.3    728.1    18.1      2690.2  100.368716  41.326999      0
  713.182      20.2    727.7    18.0      2696.8  100.368771  41.326945      0
  714.150      20.2    727.4    17.9      2703.3  100.368791  41.326904      0
  715.084      20.1    726.0    18.2      2715.1  100.368839  41.326907      0
  716.051      20.1    725.5    17.8      2719.4  100.368853  41.326948      0
  717.018      20.0    725.0    18.3      2726.8  100.368887  41.326976      0
  718.986      20.0    724.6    18.2      2730.4  100.368942  41.326989      0
  719.984      19.7    724.1    18.7      2730.4  100.368942  41.326989      0
  720.904      19.5    723.6    18.6      2735.1  100.369010  41.327003      0
  721.887      19.5    723.1    18.2      2742.7  100.369099  41.327013      0
  722.839      19.4    722.6    18.3      2746.1  100.369174  41.327034      0
  723.822      19.4    722.1    18.7      2745.5  100.369229  41.327075      0
  724.773      19.3    721.6    19.0      2754.7  100.369311  41.327054      0
  725.740      19.3    721.1    18.2      2759.9  100.369352  41.327023      0
  726.708      19.3    720.7    18.8      2765.9  100.369358  41.326986      0
  727.675      19.2    720.1    19.0      2772.9  100.369338  41.326945      0
  728.642      19.1    719.7    18.8      2778.3  100.369297  41.326921      0
  729.609      19.0    719.4    18.6      2784.5  100.369256  41.326911      0
  730.576      19.0    718.7    18.9      2792.3  100.369229  41.326924      0
  731.544      18.9    718.2    18.9      2800.5  100.369242  41.326958      0
  732.511      18.8    717.8    19.0      2806.2  100.369283  41.326986      0
  733.462      18.8    717.2    18.4      2812.4  100.369345  41.326989      0
  734.445      18.7    716.7    19.2      2820.6  100.369413  41.326965      0
  735.397      18.7    716.2    19.1      2826.5  100.369474  41.326924      0
  736.380      18.7    715.9    19.3      2830.9  100.369536  41.326897      0
  737.331      18.7    715.4    19.0      2837.4  100.369591  41.326883      0
  738.299      18.6    714.8    19.0      2844.2  100.369652  41.326894      0
  739.266      18.5    714.5    19.3      2849.9  100.369693  41.326924      0
  740.233      18.5    714.0    19.7      2856.2  100.369734  41.326938      0
  741.200      18.4    713.5    19.2      2862.9  100.369755  41.326924      0
  742.167      18.4    713.0    19.7      2867.5  100.369775  41.326880      0
  743.135      18.4    712.7    19.5      2872.2  100.369809  41.326818      0
  744.069      18.2    711.7    20.2      2884.1  100.369953  41.326764      0
  745.036      18.1    711.5    19.6      2889.6  100.370028  41.326774      0
  746.003      18.1    710.9    19.8      2896.3  100.370082  41.326815      0
  747.971      18.0    710.4    19.6      2896.3  100.370082  41.326815      0
  748.938      17.9    709.9    19.3      2902.1  100.370103  41.326853      0
  749.905      17.9    709.3    20.0      2909.0  100.370110  41.326870      0
  750.857      17.9    708.9    19.5      2914.3  100.370151  41.326873      0
  751.839      17.9    708.6    20.6      2919.5  100.370205  41.326863      0
  752.791      17.7    708.0    20.4      2925.7  100.370294  41.326846      0
  753.758      17.9    709.8    19.9      2929.7  100.370410  41.326836      0
  754.725      17.6    707.0    20.4      2936.4  100.370506  41.326839      0
  755.693      17.6    706.5    20.2      2943.7  100.370560  41.326856      0
  756.660      17.5    706.0    20.5      2950.5  100.370567  41.326866      0
  757.627      17.5    705.6    20.5      2955.9  100.370554  41.326863      0
  758.594      17.5    705.2    20.6      2960.1  100.370547  41.326839      0
  759.561      17.4    704.7    20.5      2966.2  100.370554  41.326788      0
  760.529      17.4    704.2    20.6      2970.7  100.370601  41.326730      0
  761.480      17.3    704.0    20.0      2975.0  100.370677  41.326682      0
  762.463      17.2    703.5    20.5      2980.7  100.370765  41.326661      0
  763.415      17.2    703.1    21.1      2986.7  100.370834  41.326668      0
  764.397      17.2    702.6    20.5      2991.6  100.370881  41.326692      0
  765.349      17.2    702.1    21.0      2998.5  100.370888  41.326692      0
  766.332      17.1    701.6    20.7      3004.7  100.370875  41.326668      0
  767.283      17.0    701.2    20.9      3008.4  100.370861  41.326627      0
  768.251      17.0    700.8    20.8      3014.5  100.370847  41.326586      0
  769.218      17.0    700.2    21.1      3020.6  100.370854  41.326562      0
  770.185      16.9    699.6    21.4      3027.1  100.370888  41.326555      0
  771.152      16.8    699.1    21.1      3033.8  100.370963  41.326552      0
  772.087      16.7    698.2    21.5      3045.5  100.371141  41.326525      0
  773.054      16.7    698.1    21.8      3046.8  100.371243  41.326501      0
  774.021      16.6    697.6    21.6      3052.7  100.371325  41.326504      0
  775.988      16.6    697.1    22.0      3058.4  100.371380  41.326525      0
  776.955      16.5    696.7    21.5      3058.4  100.371380  41.326525      0
  777.923      16.4    696.2    21.8      3064.2  100.371401  41.326545      0
  778.874      16.5    695.8    21.9      3069.1  100.371407  41.326552      0
  779.857      16.4    695.5    22.1      3073.3  100.371394  41.326535      0
  780.809      16.3    694.9    22.3      3079.2  100.371366  41.326504      0
  781.791      16.3    694.4    22.5      3084.8  100.371346  41.326456      0
  782.743      16.3    694.1    22.1      3091.0  100.371360  41.326398      0
  783.726      16.3    693.7    22.0      3103.3  100.371435  41.326405      0
  784.677      16.3    693.4    22.4      3108.8  100.371489  41.326385      0
  785.645      16.2    692.7    22.0      3113.0  100.371524  41.326385      0
  786.612      16.2    692.3    22.4      3119.6  100.371544  41.326405      0
  787.579      16.2    691.8    22.6      3125.8  100.371565  41.326426      0
  788.546      16.1    691.4    22.4      3129.1  100.371626  41.326429      0
  789.513      16.2    691.1    23.3      3137.3  100.371687  41.326426      0
  790.481      16.2    690.4    23.4      3139.0  100.371790  41.326395      0
  791.448      16.1    690.1    22.7      3147.2  100.371845  41.326361      0
  792.415      16.1    689.6    23.2      3151.6  100.371886  41.326330      0
  793.382      16.0    689.2    23.5      3158.0  100.371899  41.326327      0
  794.334      15.6    688.7    23.8      3163.6  100.371913  41.326354      0
  795.317      15.3    688.3    23.8      3168.7  100.371940  41.326395      0
  796.268      15.2    687.9    23.6      3173.2  100.371988  41.326415      0
  798.203      15.5    687.1    23.3      3181.5  100.372097  41.326374      0
  799.170      15.4    687.0    23.6      3184.5  100.372152  41.326340      0
  800.137      15.5    686.6    23.8      3189.7  100.372213  41.326310      0
  801.071      15.4    685.5    24.3      3200.7  100.372316  41.326327      0
  802.039      15.2    685.1    23.9      3208.0  100.372357  41.326344      0
  803.006      15.3    684.6    23.9      3213.9  100.372391  41.326330      0
  804.973      15.2    684.3    24.4      3219.7  100.372411  41.326286      0
  805.940      15.2    683.9    24.0      3219.7  100.372411  41.326286      0
  806.907      14.9    683.5    24.5      3222.0  100.372411  41.326221      0
  807.875      14.8    683.0    24.5      3225.8  100.372418  41.326170      0
  808.842      14.8    682.6    24.6      3231.3  100.372459  41.326152      0
  809.809      14.7    682.1    24.5      3235.4  100.372521  41.326149      0
  810.776      14.8    681.8    24.8      3241.8  100.372623  41.326152      0
  811.728      14.8    681.4    24.8      3246.7  100.372719  41.326132      0
  812.695      14.8    680.9    24.6      3252.8  100.372773  41.326125      0
  813.662      14.7    680.4    24.9      3258.9  100.372808  41.326122      0
  814.629      14.7    680.0    24.9      3263.9  100.372814  41.326142      0
  815.597      14.5    679.7    25.2      3268.6  100.372794  41.326132      0
  816.564      14.4    679.2    25.2      3276.3  100.372773  41.326129      0
  817.531      14.4    678.6    25.2      3283.2  100.372780  41.326088      0
  818.498      14.5    678.0    25.4      3290.2  100.372828  41.326043      0
  819.465      14.4    677.7    25.7      3295.7  100.372917  41.325999      0
  820.433      14.4    677.3    25.4      3301.4  100.373026  41.325971      0
  821.400      14.2    676.9    25.7      3305.3  100.373135  41.325982      0
  822.367      14.0    676.5    25.6      3304.7  100.373211  41.326043      0
  823.319      13.9    676.0    25.5      3313.4  100.373299  41.326050      0
  824.301      13.9    675.6    25.7      3320.6  100.373361  41.326030      0
  825.253      14.0    675.1    26.5      3328.0  100.373395  41.325992      0
  826.220      13.9    674.8    25.8      3331.3  100.373409  41.325937      0
  827.187      13.8    674.5    25.7      3338.8  100.373395  41.325893      0
  828.155      13.6    673.9    26.2      3343.5  100.373368  41.325859      0
  829.122      13.4    673.4    26.4      3349.9  100.373347  41.325849      0
  830.056      13.3    672.5    26.7      3361.9  100.373429  41.325879      0
  831.023      13.4    672.0    26.8      3366.9  100.373538  41.325879      0
  832.991      13.3    671.7    26.6      3371.8  100.373661  41.325862      0
  833.958      13.2    671.2    26.5      3371.8  100.373661  41.325862      0
  834.909      13.1    670.5    26.8      3378.0  100.373784  41.325818      0
  835.892      13.1    670.2    26.9      3384.4  100.373880  41.325753      0
  836.844      13.1    669.8    27.3      3390.9  100.373941  41.325691      0
  837.827      13.0    669.4    27.1      3397.0  100.373969  41.325644      0
  838.778      12.9    669.0    27.4      3401.3  100.373962  41.325613      0
  839.745      12.8    668.5    27.3      3405.0  100.373928  41.325599      0
  840.713      12.8    667.8    27.0      3412.0  100.373907  41.325579      0
  841.680      12.9    667.4    27.2      3418.2  100.373921  41.325548      0
  842.647      13.1    667.0    27.3      3423.7  100.373962  41.325528      0
  843.614      13.1    666.4    27.1      3427.7  100.374023  41.325521      0
  844.581      13.0    666.1    27.8      3434.2  100.374085  41.325531      0
  845.549      12.9    665.6    27.8      3440.0  100.374160  41.325548      0
  846.516      12.8    665.0    28.2      3448.3  100.374242  41.325551      0
  847.483      12.9    664.6    27.3      3456.4  100.374290  41.325541      0
  848.450      12.8    664.2    28.1      3460.5  100.374317  41.325524      0
  849.417      12.8    663.7    28.0      3467.9  100.374297  41.325510      0
  850.385      12.6    663.2    28.1      3472.3  100.374262  41.325500      0
  851.352      12.4    662.7    28.0      3478.3  100.374221  41.325504      0
  852.319      12.2    662.2    28.0      3486.3  100.374221  41.325521      0
  853.271      12.2    661.7    28.6      3490.7  100.374256  41.325538      0
  854.254      12.3    661.3    28.8      3499.6  100.374297  41.325534      0
  855.252      12.4    660.7    28.8      3504.0  100.374344  41.325510      0
  856.172      12.4    660.4    28.6      3509.1  100.374392  41.325463      0
  857.140      12.2    659.9    28.7      3513.8  100.374447  41.325408      0
  858.074      12.2    658.8    29.0      3528.6  100.374577  41.325370      0
  859.041      12.2    658.4    29.4      3534.9  100.374611  41.325401      0
  860.008      12.1    657.9    29.0      3540.1  100.374624  41.325439      0
  861.976      11.8    657.4    29.5      3545.4  100.374611  41.325469      0
  862.943      11.6    656.9    29.3      3545.4  100.374611  41.325469      0
  863.910      11.4    656.4    29.4      3551.7  100.374577  41.325480      0
  864.877      11.3    655.8    29.7      3559.9  100.374542  41.325456      0
  865.844      11.2    655.2    29.7      3567.5  100.374542  41.325408      0
  866.812      11.2    654.6    30.1      3568.5  100.374583  41.325388      0
  867.779      11.4    654.3    30.0      3581.6  100.374652  41.325329      0
  868.730      11.6    653.8    30.3      3585.9  100.374720  41.325340      0
  869.713      11.4    653.3    30.2      3594.5  100.374754  41.325374      0
  870.665      11.1    652.7    30.5      3600.3  100.374788  41.325398      0
  871.632      10.9    652.1    30.0      3609.0  100.374782  41.325418      0
  872.599      10.9    651.5    30.7      3616.0  100.374795  41.325398      0
  873.566      10.9    651.0    31.1      3624.4  100.374829  41.325347      0
  874.534      10.8    650.6    30.3      3628.7  100.374898  41.325299      0
  875.501      10.7    650.1    30.9      3636.6  100.374993  41.325254      0
  876.468      10.8    649.6    30.9      3633.3  100.375062  41.325275      0
  877.435      10.7    649.1    31.1      3651.5  100.375178  41.325261      0
  878.402      10.5    648.6    31.0      3657.6  100.375239  41.325285      0
  879.370      10.5    648.3    31.7      3666.8  100.375273  41.325343      0
  880.337      10.4    647.7    31.7      3672.0  100.375301  41.325384      0
  881.304      10.3    647.3    31.1      3679.0  100.375355  41.325422      0
  882.302      10.3    646.8    31.9      3686.4  100.375444  41.325432      0
  883.238      10.4    646.2    31.7      3693.0  100.375547  41.325415      0
  884.190      10.4    645.8    31.4      3699.0  100.375642  41.325374      0
  885.157      10.5    645.4    31.7      3706.0  100.375690  41.325336      0
  886.124      10.5    644.6    31.9      3712.4  100.375697  41.381262      0
  887.059       9.9    643.7    31.6      3723.6  100.375656  41.325340      0
  888.026       9.8    643.3    32.1      3731.0  100.375642  41.325370      0
  889.993       9.7    642.8    32.5      3736.9  100.375663  41.325398      0
  890.960       9.7    642.5    32.9      3736.9  100.375663  41.325398      0
  891.912       9.7    642.0    32.5      3741.0  100.375731  41.325418      0
  892.895       9.9    641.6    32.8      3745.7  100.375827  41.325428      0
  893.862       9.8    641.3    32.8      3748.1  100.375943  41.325422      0
  894.829      10.0    640.8    32.7      3758.4  100.375997  41.325432      0
  895.796      10.0    640.4    32.9      3764.2  100.376031  41.325435      0
  896.748       9.9    639.9    32.9      3772.5  100.376059  41.325418      0
  897.731       9.7    639.3    33.1      3777.6  100.376093  41.325398      0
  898.682       9.5    638.9    33.0      3784.0  100.376154  41.325388      0
  899.650       9.5    638.4    32.9      3790.6  100.376230  41.325398      0
  900.617       9.4    638.0    32.9      3797.8  100.376291  41.325432      0
  901.584       9.3    637.4    33.0      3804.0  100.376339  41.325469      0
  902.551       9.3    636.9    32.8      3812.0  100.376387  41.325493      0
  903.518       9.2    636.2    33.4      3820.7  100.376455  41.325493      0
  904.486       9.1    635.9    33.0      3827.3  100.376544  41.325469      0
  905.453       9.1    635.6    33.0      3831.7  100.376646  41.325428      0
  906.420       9.0    635.1    33.1      3837.2  100.376728  41.325374      0
  907.387       9.0    634.9    33.0      3842.3  100.376776  41.325323      0
  908.339       9.1    634.6    33.2      3845.7  100.376817  41.325285      0
  909.322       9.1    634.2    33.3      3851.3  100.376837  41.325282      0
  910.273       9.0    633.8    33.3      3856.0  100.376872  41.325309      0
  911.240       8.9    633.3    33.6      3862.3  100.376919  41.325360      0
  912.208       8.7    633.0    33.6      3868.7  100.376988  41.325401      0
  913.175       8.8    632.7    33.5      3872.1  100.377070  41.325425      0
  914.158       8.8    632.4    33.6      3874.9  100.377165  41.325442      0
  915.076       8.7    631.7    33.7      3884.6  100.377350  41.325476      0
  916.044       8.7    631.3    33.6      3890.7  100.377404  41.325490      0
  917.011       8.7    630.8    33.9      3896.9  100.377418  41.325500      0
  918.978       8.6    630.5    33.9      3902.6  100.377445  41.325521      0
  919.945       8.5    630.0    34.0      3902.6  100.377445  41.325521      0
  920.912       8.5    629.6    34.1      3908.0  100.377486  41.325555      0
  921.880       8.5    629.2    34.3      3914.5  100.377555  41.325579      0
  922.847       8.5    628.8    34.3      3920.0  100.377650  41.325592      0
  923.814       8.4    628.4    34.5      3924.5  100.377759  41.325586      0
  924.766       8.3    627.9    34.6      3929.8  100.377862  41.325541      0
  925.748       8.2    627.7    34.7      3935.5  100.377923  41.325490      0
  926.700       8.2    627.4    34.8      3939.7  100.377958  41.325439      0
  927.667       8.1    626.9    34.8      3945.3  100.377992  41.325384      0
  928.634       8.0    626.4    34.8      3952.4  100.378046  41.325364      0
  929.617       7.9    625.9    34.9      3959.2  100.378101  41.325370      0
  930.569       7.8    625.3    35.5      3966.0  100.378169  41.325398      0
  931.536       7.7    624.7    35.6      3973.8  100.378210  41.325425      0
  932.503       7.9    624.4    35.5      3980.7  100.378251  41.325432      0
  933.470       7.9    624.0    35.7      3985.9  100.378306  41.325415      0
  934.438       7.9    623.6    35.6      3995.1  100.378388  41.325384      0
  935.405       7.7    623.2    35.8      3999.2  100.378497  41.325353      0
  936.372       7.7    622.8    35.9      4002.8  100.378579  41.325336      0
  937.339       7.6    622.3    36.0      4009.8  100.378647  41.325343      0
  938.306       7.5    621.8    36.2      4016.1  100.378688  41.325360      0
  939.258       7.4    621.4    36.2      4022.1  100.378695  41.325381      0
  940.241       7.3    620.8    36.2      4034.6  100.378709  41.325360      0
  941.192       7.3    620.4    36.5      4038.1  100.378716  41.325350      0
  942.175       7.2    619.9    36.6      4049.3  100.378770  41.325306      0
  943.127       7.1    619.5    36.5      4056.2  100.378866  41.325275      0
  944.061       7.0    618.6    36.8      4070.1  100.379050  41.325323      0
  945.028       6.9    618.1    37.1      4074.7  100.379105  41.325370      0
  946.996       6.8    617.8    37.0      4079.6  100.379139  41.325398      0
  947.963       6.8    617.4    37.5      4079.6  100.379139  41.325398      0
  948.930       6.7    616.7    37.6      4083.9  100.379160  41.325394      0
  949.897      15.2      0.0    62.4      4090.3  100.379153  41.325367      0
  950.864       6.5    615.7    37.9      4097.4  100.379167  41.325326      0
  951.832       6.6    615.2    37.9      4100.4  100.379167  41.325285      0
  952.799       6.7    614.9    38.3      4108.3  100.379248  41.325247      0
  953.750       6.7    614.4    38.6      4112.5  100.379337  41.325234      0
  954.733       6.6    614.0    38.7      4119.2  100.379453  41.325251      0
  955.685       6.6    613.6    39.2      4125.8  100.379569  41.325268      0
  956.668       6.7    613.2    39.6      4131.8  100.379624  41.325295      0
  957.635       6.6    612.6    39.4      4136.5  100.379672  41.325292      0
  958.586       6.1    612.1    40.1      4145.4  100.379638  41.325326      0
  959.569       5.8    611.8    40.2      4150.6  100.379651  41.325326      0
  960.521       5.7    611.3    40.6      4155.1  100.379686  41.325340      0
  961.488       5.7    610.8    40.9      4163.0  100.379774  41.325353      0
  962.455       5.7    610.3    41.0      4170.8  100.379897  41.325377      0
  963.422       5.9    609.9    40.9      4176.3  100.380027  41.325394      0
  964.390       5.9    609.3    41.0      4185.7  100.380082  41.325428      0
  965.357       6.0    608.8    41.2      4193.1  100.380102  41.325452      0
  966.324       5.9    608.5    41.2      4189.7  100.380136  41.325469      0
  967.291       5.8    608.0    41.1      4196.7  100.380157  41.325459      0
  968.259       5.7    607.6    41.3      4200.4  100.380212  41.325449      0
  969.226       5.7    607.0    41.8      4206.9  100.380280  41.325422      0
  970.193       5.6    606.7    41.7      4213.6  100.380355  41.325405      0
  971.145       5.5    606.2    42.2      4222.5  100.380416  41.325401      0
  972.127       5.4    605.7    42.5      4230.6  100.380485  41.325425      0
  973.062       5.0    604.4    42.6      4247.1  100.380690  41.325500      0
  974.013       4.8    603.8    42.1      4256.4  100.380826  41.325514      0
  975.981       4.9    603.2    42.5      4265.1  100.380956  41.325504      0
  976.948       5.0    602.8    42.9      4265.1  100.380956  41.325504      0
  977.915       5.0    602.2    42.9      4269.8  100.381058  41.325476      0
  978.882       4.7    601.7    43.1      4276.4  100.381120  41.325428      0
  979.849       4.6    601.3    43.5      4283.0  100.604959  41.325370      0
  980.817       4.5    600.8    43.7      4288.2  100.381175  41.325326      0
  981.784       4.6    600.3    44.0      4295.3  100.381216  41.325309      0
  982.751       4.8    599.8    44.2      4302.9  100.381277  41.325326      0
  983.718       4.8    599.3    44.3      4310.3  100.381352  41.325364      0
  984.685       4.5    598.8    44.7      4316.7  100.381461  41.325394      0
  985.653       4.4    598.2    44.8      4323.9  100.381591  41.325422      0
  986.620       4.4    945.5    44.9      4331.8  100.381707  41.325418      0
  987.571       4.4    597.0    45.4      4339.4  100.381789  41.325384      0
  988.554       4.4    596.6    45.5      4347.1  100.381837  41.325333      0
  989.506       4.2    596.1    45.6      4353.0  100.381858  41.325282      0
  990.473       4.1    595.7    46.1      4360.4  100.381905  41.325230      0
  991.456       4.1    595.0    46.2      4368.7  100.381974  41.325210      0
  992.407       4.2    594.4    46.3      4376.9  100.382069  41.325220      0
  993.375       4.2    593.9    46.7      4485.0  100.382158  41.325224      0
  994.342       3.9    593.3    46.9      4390.2  100.382233  41.325254      0
  995.309       3.7    592.7    47.0      4401.3  100.382247  41.325319      0
  996.276       3.5    592.2    47.2      4412.4  100.382267  41.325326      0
  997.243       3.4    591.6    47.3      4418.4  100.382302  41.325299      0
  998.211       3.5    591.1    47.7      4421.0  100.382349  41.325254      0
  999.178       3.5    590.6    47.8      4425.8  100.382431  41.325183      0
 1000.145       3.5    590.2    48.0      4424.0  100.382493  41.325135      0
 1001.079       3.1    589.3    48.6      4444.8  100.382588  41.325002      0
 1002.047       3.0    588.7    48.6      4452.8  100.382623  41.324964      0
 1003.014       3.2    588.3    48.9      4460.5  100.382691  41.324947      0
 1004.965       3.1    587.7    48.8      4468.5  100.382787  41.324944      0
 1005.964       3.1    587.3    49.0      4468.5  100.382787  41.324944      0
 1006.915       2.8    586.8    48.9      4474.8  100.382923  41.324937      0
 1007.867       3.0    586.4    49.0      4483.1  100.383067  41.324930      0
 1008.834       3.0    585.9    49.1      4488.5  100.383203  41.324930      0
 1009.801       2.8    585.4    49.0      4496.6  100.383292  41.324944      0
 1010.769       2.7    585.0    48.9      4503.4  100.383333  41.324978      0
 1011.736       2.7    584.7    49.0      4504.8  100.383367  41.325022      0
 1012.703       2.8    584.4    48.9      4509.7  100.383415  41.325036      0
 1013.670       2.7    584.1    49.0      4514.3  100.383490  41.325039      0
 1014.637       2.6    583.8    48.9      4518.8  100.383613  41.325026      0
 1015.605       2.5    583.7    48.9      4521.4  100.383736  41.325005      0
 1016.572       2.5    583.3    48.9      4527.1  100.383825  41.324978      0
 1017.539       2.5    583.1    48.8      4532.2  100.383866  41.324967      0
 1018.506       2.5    582.8    48.6      4536.8  100.383900  41.324967      0
 1019.473       2.5    582.5    48.3      4540.7  100.383948  41.324978      0
 1020.425       2.4    582.3    48.4      4545.4  100.384030  41.325005      0
 1021.408       2.3    582.1    48.3      4548.2  100.384125  41.325043      0
 1022.359       2.3    581.8    47.9      4552.8  100.384207  41.325073      0
 1023.327       2.4    581.6    47.6      4556.5  100.384269  41.325094      0
 1024.309       2.4    581.5    47.9      4558.0  100.384303  41.325104      0
 1025.261       2.3    581.2    48.2      4562.2  100.384316  41.325118      0
 1026.244       2.2    581.0    48.1      4566.5  100.384344  41.325131      0
 1027.195       2.2    580.7    48.3      4570.3  100.384392  41.325142      0
 1028.163       2.2    580.5    47.9      4573.7  100.384453  41.325128      0
 1029.130       2.1    580.2    48.4      4577.3  100.384521  41.325097      0
 1030.064       2.0    579.6    48.8      4585.4  100.384672  41.325070      0
 1031.031       1.9    579.4    49.0      4590.0  100.384740  41.325087      0
 1032.999       1.9    579.1    50.1      4593.5  100.384801  41.325101      0
 1033.966       1.8    578.7    50.5      4598.7  100.384870  41.325094      0
 1034.933       1.7    578.4    51.2      4598.7  100.384870  41.325094      0
 1035.900       1.7    578.0    51.4      4605.0  100.384945  41.325066      0
 1036.867       1.7    577.7    51.6      4609.0  100.385013  41.325029      0
 1037.819       1.6    577.3    51.7      4613.0  100.385061  41.324988      0
 1038.833       1.6    577.2    51.6      4617.5  100.385081  41.324978      0
 1039.753       1.6    577.0    51.9      4620.9  100.385088  41.324988      0
 1040.721       1.6    576.8    51.6      4622.6  100.385102  41.325015      0
 1041.703       1.5    576.5    51.1      4625.4  100.385136  41.325066      0
 1042.655       1.4    576.1    50.3      4630.2  100.385198  41.325125      0
 1043.622       1.4    575.9    50.7      4635.5  100.385280  41.325162      0
 1044.589       1.5    575.6    49.8      4638.5  100.385355  41.325186      0
 1045.557       1.5    575.3    48.9      4644.3  100.385396  41.325189      0
 1046.524       1.5    574.8    48.9      4650.0  100.385402  41.325193      0
 1047.491       1.4    574.4    50.0      4655.6  100.385396  41.325166      0
 1048.458       1.3    574.1    51.4      4661.2  100.385409  41.325118      0
 1049.425       1.3    573.8    52.2      4664.5  100.385437  41.325049      0
 1050.393       1.5    573.4    52.7      4671.3  100.385484  41.324998      0
 1051.360       1.3    572.9    53.2      4677.0  100.385580  41.324988      0
 1052.327       1.0    572.5    53.7      4683.7  100.385676  41.325005      0
 1053.279       0.8    572.0    54.4      4690.0  100.385778  41.325032      0
 1054.261       0.9    571.5    54.7      4698.4  100.385901  41.325053      0
 1055.229       0.7    571.0    55.4      4706.8  100.386017  41.325066      0
 1056.180       0.8    570.6    56.0      4711.4  100.386133  41.325073      0
 1057.163       1.1    570.4    56.4      4716.6  100.386236  41.325090      0
 1058.082       1.0    569.8    57.1      4723.6  100.386488  41.325121      0
 1059.049       0.8    569.5    57.4      4729.0  100.386632  41.325107      0
 1060.063       0.5    569.2    57.8      4733.4  100.386755  41.325080      0
 1061.983       0.4    568.9    58.0      4736.4  100.386844  41.325053      0
 1062.951       0.6    568.7    58.4      4736.4  100.386844  41.325053      0
 1063.918       0.4    568.3    58.5      4740.5  100.386891  41.325036      0
 1064.885       0.0    567.9    58.9      4744.0  100.386926  41.325043      0
 1065.852     -11.2    567.5    59.0      4750.2  100.386960  41.325066      0
 1066.819      -0.1    567.1    59.5      4755.3  100.387035  41.325094      0
 1068.754       0.3    566.6    59.9      4761.9  100.387288  41.325135      0
 1069.721       0.1    566.2    60.0      4766.3  100.387452  41.332149      0
 1070.673       0.0    565.9    59.5      4771.7  100.387595  41.325189      0
 1071.655       0.2    565.5    59.6      4778.0  100.387697  41.325213      0
 1073.574      -0.1    564.8    56.9      4791.4  100.387766  41.325230      0
 1074.557      -0.3    564.4    56.5      4794.9  100.387786  41.325234      0
 1075.509      -0.4    563.9    56.9      4799.8  100.387827  41.325254      0
 1076.476      -0.4    563.7    58.0      4805.2  100.387909  41.325268      0
 1077.443      -0.2    564.0    58.4      4810.2  100.388046  41.325268      0
 1078.410      -0.3    562.8    59.9      4815.5  100.388210  41.325254      0
 1079.378      -0.4    562.6    58.8      4818.5  100.388380  41.325220      0
 1080.345      -0.5    562.5    59.6      4823.4  100.388544  41.325193      0
 1081.328      -0.5    561.9    60.1      4830.7  100.388660  41.325196      0
 1082.279      -0.2    561.5    59.9      4839.0  100.388729  41.325217      0
 1083.246      -0.3    561.1    59.9      4843.9  100.388763  41.325241      0
 1084.214      -0.6    560.9    60.0      4845.8  100.388790  41.325261      0
 1085.181      -0.8    560.6    60.7      4849.7  100.388824  41.325299      0
 1086.148      -1.0    560.1    61.5      4854.4  100.388872  41.325347      0
 1087.082      -1.1    559.4    62.5      4865.8  100.389043  41.325418      0
 1088.050      -0.9    559.0    60.0      4872.1  100.389145  41.325408      0
 1089.001      -0.8    558.6    58.6      4877.7  100.389214  41.325364      0
 1090.984      -0.6    558.4    54.9      4882.2  100.389255  41.325316      0
 1091.951      -0.6    557.9    51.7      4882.2  100.389255  41.325316      0
 1092.903      -0.6    557.4    50.1      4888.8  100.389262  41.325282      0
 1093.886      -0.7    556.9    48.8      4895.4  100.389262  41.325275      0
 1094.837      -0.8    556.5    47.6      4901.2  100.389268  41.325278      0
 1095.804      -0.7    556.1    46.8      4908.6  100.389316  41.325275      0
 1096.772      -0.6    555.6    45.6      4914.3  100.389391  41.325258      0
 1097.739      -0.4    555.3    44.7      4919.5  100.389480  41.325217      0
 1098.706      -0.3    554.9    44.0      4924.6  100.389569  41.325155      0
 1099.673      -0.3    554.5    43.2      4931.1  100.389651  41.325084      0
 1100.640      -0.3    554.1    42.9      4935.9  100.389733  41.325032      0
 1101.654      -0.3    553.8    42.6      4943.6  100.389842  41.325008      0
 1102.575      -0.3    553.2    42.2      4950.1  100.389931  41.325005      0
 1103.542      -0.6    552.8    42.1      4955.4  100.390033  41.325026      0
 1104.509      -0.7    552.5    42.0      4961.8  100.390108  41.325063      0
 1105.476      -0.9    551.9    42.0      4968.2  100.390163  41.325104      0
 1106.444      -1.0    551.4    42.0      4980.6  100.390163  41.325145      0
 1107.411      -1.1    550.9    42.3      4988.1  100.390163  41.325138      0
 1108.378      -1.1    550.3    42.1      4993.5  100.390184  41.325097      0
 1109.345      -1.1    550.0    42.3      4998.6  100.390245  41.325039      0
 1110.312      -0.9    549.6    42.3      5004.8  100.390320  41.324998      0
 1111.264      -0.8    549.2    42.5      5011.0  100.390395  41.324957      0
 1112.247      -0.8    548.7    42.5      5012.5  100.390429  41.324947      0
 1113.214      -0.9    548.1    42.5      5023.3  100.390470  41.324920      0
 1114.181      -1.0    547.6    42.5      5029.3  100.390498  41.324899      0
 1115.148      -1.0    547.1    42.4      5034.8  100.390546  41.324885      0
 1116.067      -1.2    546.3    42.4      5046.0  100.390757  41.324865      0
 1117.034      -1.3    545.8    42.4      5054.1  100.390894  41.324862      0
 1118.002      -1.2    545.5    42.4      5065.3  100.391003  41.324868      0
 1119.984      -1.2    545.2    42.7      5071.7  100.391092  41.324909      0
 1120.936      -1.4    544.6    42.9      5071.7  100.391092  41.324909      0
 1121.903      -1.6    544.2    43.1      5078.4  100.391119  41.324944      0
 1122.870      -1.9    543.6    43.2      5087.2  100.391133  41.324967      0
 1123.838      -2.1    543.0    43.7      5094.6  100.391126  41.324978      0
 1124.805      -2.3    542.4    43.7      5102.3  100.391133  41.324978      0
 1125.772      -2.3    541.8    44.3      5112.2  100.391160  41.324974      0
 1126.739      -2.2    541.3    44.8      5121.0  100.391215  41.324964      0
 1127.706      -2.3    540.8    44.8      5126.7  100.391311  41.324944      0
 1128.674      -2.2    540.4    44.9      5133.4  100.391399  41.324906      0
 1129.625      -2.1    540.0    45.0      5139.0  100.391468  41.324855      0
 1130.608      -2.1    539.5    45.1      5146.6  100.391502  41.324824      0
 1131.575      -2.3    539.0    45.1      5152.8  100.391509  41.324814      0
 1132.527      -2.6    538.6    45.3      5159.9  100.391515  41.324834      0
 1133.494      -2.8    538.1    45.3      5166.3  100.391529  41.324855      0
 1134.461      -2.7    537.7    45.8      5172.8  100.391543  41.324855      0
 1135.428      -2.6    537.3    45.8      5179.7  100.391577  41.324824      0
 1136.396      -2.8    537.0    46.1      5183.1  100.391618  41.324786      0
 1137.363      -2.9    536.3    46.4      5192.2  100.391693  41.324708      0
 1138.330      -3.1    535.9    46.4      5201.5  100.391796  41.324646      0
 1139.297      -3.2    535.4    46.6      5205.4  100.391891  41.324629      0
 1140.264      -3.1    534.8    46.8      5214.5  100.392007  41.324629      0
 1141.232      -3.1    534.6    47.0      5225.0  100.392089  41.324657      0
 1142.199      -3.2    534.2    47.5      5232.5  100.392151  41.324674      0
 1143.166      -3.3    533.6    47.8      5243.7  100.392151  41.324715      0
 1144.133      -3.4    533.3    47.7      5247.1  100.392137  41.324698      0
 1145.068      -3.5    532.4    48.1      5257.5  100.392130  41.324640      0
 1146.066      -3.6    532.0    48.3      5264.4  100.392171  41.324629      0
 1147.002      -3.4    531.6    48.5      5269.6  100.392226  41.324646      0
 1148.954      -3.4    531.2    48.5      5275.7  100.392294  41.324684      0
 1149.936      -3.4    530.8    48.5      5275.7  100.392294  41.324684      0
 1150.904      -3.4    530.4    48.6      5278.8  100.392362  41.324715      0
 1151.855      -3.6    530.0    48.7      5282.9  100.392424  41.324752      0
 1152.822      -3.6    529.6    48.9      5289.4  100.392458  41.324776      0
 1153.790      -3.8    529.1    48.9      5294.7  100.392492  41.324797      0
 1154.757      -4.0    528.6    49.4      5301.8  100.392520  41.324807      0
 1155.724      -4.1    528.1    49.7      5310.2  100.392526  41.324804      0
 1156.691      -4.2    527.6    49.8      5318.2  100.392540  41.324783      0
 1157.658      -4.2    527.0    49.8      5326.5  100.392574  41.324739      0
 1158.626      -4.3    526.3    50.2      5334.3  100.392642  41.324698      0
 1159.593      -4.4    525.9    50.2      5343.1  100.392731  41.324653      0
 1160.560      -4.3    525.5    50.5      5352.3  100.392834  41.324623      0
 1161.527      -4.2    524.9    50.9      5359.3  100.392916  41.324646      0
 1162.494      -4.3    524.5    51.2      5367.2  100.392977  41.324698      0
 1163.462      -4.6    523.9    51.3      5378.9  100.393052  41.324728      0
 1164.429      -4.7    523.3    51.5      5390.5  100.393100  41.324735      0
 1165.396      -4.5    522.9    51.9      5401.5  100.393148  41.324718      0
 1166.348      -4.4    522.5    52.0      5403.5  100.393196  41.324677      0
 1167.330      -4.4    522.1    52.2      5411.5  100.393230  41.324640      0
 1168.298      -4.5    521.5    52.2      5417.4  100.393250  41.324612      0
 1169.249      -4.6    521.0    52.1      5425.0  100.393264  41.324605      0
 1170.232      -4.6    520.6    51.9      5431.5  100.393291  41.324616      0
 1171.184      -4.7    520.1    51.9      5438.4  100.393332  41.324646      0
 1172.151      -4.8    519.7    52.0      5446.6  100.393407  41.324670      0
 1173.134      -4.9    519.2    51.9      5454.5  100.393503  41.324684      0
 1174.052      -5.0    518.4    51.8      5469.5  100.393742  41.324643      0
 1175.020      -5.1    517.9    52.0      5475.4  100.393851  41.324582      0
 1176.987      -5.1    517.5    52.0      5483.4  100.393940  41.324513      0
 1177.954      -5.2    516.9    52.1      5483.4  100.393940  41.324513      0
 1178.921      -5.3    516.4    51.9      5492.0  100.394002  41.324442      0
 1179.888      -5.3    515.9    52.1      5502.6  100.394015  41.324383      0
 1180.856      -5.4    515.4    52.2      5510.0  100.394036  41.324349      0
 1181.823      -5.4    514.9    52.3      5517.5  100.394063  41.324342      0
 1182.774      -5.5    514.3    52.5      5526.8  100.394125  41.324329      0
 1183.757      -5.6    513.9    52.7      5534.5  100.394227  41.324315      0
 1184.724      -5.7    513.5    52.8      5540.2  100.394343  41.324305      0
 1185.676      -5.8    512.8    53.1      5548.6  100.394466  41.324305      0
 1186.659      -5.8    512.3    53.2      5557.1  100.394548  41.324315      0
 1187.626      -5.8    512.0    53.4      5565.5  100.394589  41.324308      0
 1188.593      -5.9    511.5    53.5      5573.4  100.394603  41.324281      0
 1189.545      -6.0    511.1    53.8      5578.9  100.394596  41.324230      0
 1190.512      -6.1    510.7    54.0      5585.7  100.394589  41.324161      0
 1191.479      -6.2    510.1    54.2      5594.8  100.394582  41.324103      0
 1192.447      -6.2    509.6    54.3      5602.4  100.394596  41.324080      0
 1193.414      -6.2    509.0    54.7      5611.1  100.394630  41.324086      0
 1194.381      -6.4    508.4    55.1      5619.3  100.394698  41.324114      0
 1195.348      -6.6    507.9    55.2      5629.0  100.394780  41.324141      0
 1196.315      -6.7    507.3    55.2      5641.3  100.394849  41.324134      0
 1197.283      -6.7    506.8    55.5      5649.1  100.394903  41.324141      0
 1198.250      -6.7    506.4    55.9      5654.1  100.394958  41.324148      0
 1199.217      -6.7    505.8    56.0      5662.5  100.395054  41.324121      0
 1200.184      -6.9    505.3    56.3      5673.9  100.395163  41.324073      0
 1201.151      -6.9    504.8    56.4      5680.4  100.395252  41.324039      0
 1202.086      -7.0    503.9    56.9      5691.0  100.395327  41.324039      0
 1203.053      -7.0    503.7    57.0      5698.6  100.395320  41.324045      0
 1204.005      -7.2    503.2    57.3      5706.5  100.395293  41.324052      0
 1205.987      -7.2    502.8    57.4      5714.0  100.395279  41.324049      0
 1206.955      -7.3    502.3    57.8      5714.0  100.395279  41.324049      0
 1207.906      -7.4    501.8    57.9      5722.0  100.395272  41.324004      0
 1208.889      -7.4    501.2    58.4      5734.0  100.395279  41.323957      0
 1209.841      -7.4    500.8    58.3      5742.0  100.395320  41.323909      0
 1210.808      -7.5    500.4    58.5      5752.1  100.395409  41.323864      0
 1211.775      -7.5    500.1    58.7      5755.9  100.395525  41.323844      0
 1212.742      -7.6    499.8    58.9      5761.3  100.395641  41.323847      0
 1213.709      -7.7    499.3    59.3      5765.9  100.395757  41.323875      0
 1214.677      -7.8    498.8    59.3      5773.5  100.395853  41.323899      0
 1215.644      -7.9    498.4    59.5      5780.2  100.395900  41.323916      0
 1216.611      -7.9    498.0    59.6      5786.4  100.395914  41.323926      0
 1217.578      -7.9    497.5    60.1      5793.3  100.395894  41.323919      0
 1218.545      -8.1    497.1    60.2      5801.1  100.395866  41.323885      0
 1219.513      -8.1    496.6    60.8      5809.0  100.395853  41.323840      0
 1220.480      -8.0    496.2    60.7      5817.4  100.395880  41.323796      0
 1221.447      -8.1    495.8    60.9      5825.0  100.395955  41.323776      0
 1222.414      -8.4    495.4    61.4      5831.0  100.396064  41.323782      0
 1223.366      -8.5    495.1    61.5      5831.5  100.396187  41.323772      0
 1224.349      -8.5    494.7    61.5      5837.2  100.396249  41.323793      0
 1225.300      -8.5    494.1    61.9      5846.3  100.396262  41.323806      0
 1226.267      -8.6    493.6    62.0      5855.7  100.396228  41.323799      0
 1227.250      -8.7    493.1    62.3      5864.2  100.396187  41.323779      0
 1228.202      -8.6    492.7    62.8      5880.4  100.396208  41.323755      0
 1229.169      -8.6    492.2    62.7      5887.5  100.396242  41.323697      0
 1230.152      -8.6    491.9    63.0      5886.5  100.396303  41.323670      0
 1231.071      -8.6    491.2    63.7      5900.0  100.396563  41.323574      0
 1232.038      -8.7    490.9    64.2      5905.9  100.396700  41.323550      0
 1233.005      -8.8    490.5    64.8      5910.9  100.396816  41.323530      0
 1234.972      -8.9    490.0    65.3      5915.8  100.396870  41.323554      0
 1235.939      -8.8    489.6    65.8      5915.8  100.396870  41.323554      0
 1236.907      -9.0    489.2    66.2      5917.9  100.396911  41.323571      0
 1237.874      -9.3    488.9    66.7      5929.0  100.396884  41.323581      0
 1238.841      -9.5    488.5    66.9      5929.9  100.396884  41.323554      0
 1239.808      -9.6    488.1    67.6      5935.3  100.396857  41.323509      0
 1240.760      -9.7    487.7    68.1      5940.8  100.396843  41.323444      0
 1241.743      -9.7    487.2    68.5      5947.7  100.396836  41.323386      0
 1242.710      -9.8    486.6    68.6      5956.0  100.396843  41.323335      0
 1243.661      -9.6    486.2    69.3      5964.1  100.396870  41.323301      0
 1244.629      -9.5    485.9    69.1      5971.8  100.396898  41.323277      0
 1245.611      -9.5    485.5    69.2      5978.3  100.396932  41.323270      0
 1246.563      -9.6    485.1    68.8      5983.3  100.396973  41.323284      0
 1247.530      -9.7    484.9    68.7      5987.8  100.397048  41.323311      0
 1248.513      -9.6    484.4    68.7      5993.7  100.397150  41.323318      0
 1249.465      -9.6    484.1    68.4      5999.9  100.397239  41.323297      0
 1250.432      -9.6    483.8    68.4      6006.2  100.397321  41.323246      0
 1251.399      -9.7    483.5    68.2      6009.7  100.397376  41.323171      0
 1252.366      -9.8    483.2    68.5      6013.0  100.397417  41.323093      0
 1253.333      -9.9    482.8    68.5      6020.4  100.397478  41.323024      0
 1254.301      -9.8    482.3    68.7      6026.8  100.397526  41.322983      0
 1255.268      -9.7    482.0    68.6      6033.0  100.397560  41.322976      0
 1256.235      -9.6    481.5    68.8      6037.6  100.397581  41.323004      0
 1257.202      -9.7    481.4    68.9      6042.9  100.397608  41.323038      0
 1258.169      -9.8    481.1    68.9      6045.7  100.397669  41.323062      0
 1259.137      -9.8    480.7    69.1      6051.5  100.397765  41.323079      0
 1260.071      -9.9    480.3    69.1      6062.2  100.398011  41.323052      0
 1261.038     -10.0    479.9    69.3      6065.9  100.398134  41.322997      0
 1262.990     -10.2    479.5    69.5      6070.9  100.398216  41.322918      0
 1263.973     -10.3    479.1    69.4      6076.5  100.398257  41.322840      0
 1264.924     -10.3    478.9    69.2      6076.5  100.398257  41.322840      0
 1265.891     -10.3    478.7    69.4      6081.9  100.398271  41.322785      0
 1266.859     -10.4    478.4    69.4      6085.5  100.398264  41.322761      0
 1267.826     -10.4    478.2    69.3      6086.5  100.398257  41.322765      0
 1268.793     -10.5    477.7    68.5      6089.5  100.398250  41.322775      0
 1269.791     -10.5    477.5    68.3      6095.8  100.398243  41.322772      0
 1270.727     -10.4    477.2    67.8      6101.3  100.398271  41.322758      0
 1271.695     -10.2    476.8    67.5      6105.3  100.398318  41.322751      0
 1272.662     -10.2    476.4    67.4      6111.7  100.398380  41.322754      0
 1273.629     -10.3    476.1    67.5      6118.2  100.398482  41.322765      0
 1274.581     -10.4    475.8    66.9      6127.8  100.398585  41.322765      0
 1275.563     -10.3    475.4    65.9      6133.7  100.398694  41.322754      0
 1276.531     -10.3    475.1    65.4      6138.6  100.398783  41.322710      0
 1277.482     -10.3    474.7    64.4      6145.4  100.398817  41.322635      0
 1278.465     -10.3    474.4    64.0      6149.6  100.398844  41.322563      0
 1279.432     -10.4    474.1    63.3      6156.4  100.398824  41.322512      0
 1280.384     -10.4    473.7    62.7      6163.0  100.398783  41.322485      0
 1281.367     -10.5    473.4    62.6      6170.6  100.398749  41.322478      0
 1282.318     -10.5    473.0    62.0      6176.9  100.398742  41.322457      0
 1283.285     -10.5    472.6    61.8      6182.0  100.398776  41.322416      0
 1284.253     -10.5    472.3    61.6      6188.4  100.398872  41.322375      0
 1285.220     -10.7    471.9    61.5      6192.0  100.399001  41.322321      0
 1286.187     -10.8    471.6    60.9      6199.8  100.399124  41.322273      0
 1287.154     -10.8    471.1    60.6      6206.0  100.399193  41.322229      0
 1288.121     -10.8    470.8    60.4      6213.6  100.399206  41.322188      0
 1289.056     -10.8    470.1    60.5      6223.0  100.399158  41.322126      0
 1290.023     -10.8    469.8    60.1      6226.3  100.399131  41.322123      0
 1291.990     -10.8    469.6    60.2      6233.1  100.399131  41.322136      0
 1292.957     -10.9    469.1    60.2      6233.1  100.399131  41.322136      0
 1293.925     -11.0    468.7    60.2      6239.7  100.399165  41.322160      0
 1294.892     -11.1    468.4    60.3      6246.3  100.399240  41.322164      0
 1295.843     -11.1    468.1    60.2      6252.0  100.399343  41.322147      0
 1296.826     -11.1    468.0    60.7      6255.9  100.399459  41.322106      0
 1297.778     -11.1    467.8    60.5      6259.0  100.399575  41.322068      0
 1298.745     -11.2    467.4    60.3      6264.8  100.399684  41.322037      0
 1299.728     -11.2    467.0    59.9      6270.3  100.399787  41.322024      0
 1300.679     -11.1    466.7    60.0      6275.8  100.399876  41.322007      0
 1301.647     -11.2    466.4    59.8      6282.1  100.399937  41.321983      0
 1302.614     -11.2    466.0    59.6      6288.9  100.399992  41.321935      0
 1303.581     -11.2    465.8    59.6      6295.3  100.400053  41.321884      0
 1304.548     -11.3    465.4    59.5      6301.1  100.400108  41.321843      0
 1305.516     -11.4    465.0    59.9      6306.7  100.400169  41.321836      0
 1306.483     -11.4    464.6    60.1      6311.6  100.400244  41.321849      0
 1307.450     -11.5    464.4    59.9      6316.2  100.400333  41.321863      0
 1308.417     -11.5    464.2    59.6      6322.0  100.400429  41.321853      0
 1309.384     -11.5    463.8    59.6      6328.4  100.400518  41.321815      0
 1310.352     -11.5    463.4    59.8      6333.2  100.400586  41.321754      0
 1311.319     -11.5    463.1    59.5      6336.3  100.400620  41.321679      0
 1312.286     -11.6    462.7    59.3      6342.3  100.400620  41.321610      0
 1313.253     -11.6    462.6    59.4      6348.2  100.400613  41.321559      0
 1314.205     -11.6    462.4    59.4      6352.1  100.400613  41.321525      0
 1315.188     -11.6    461.9    59.0      6358.0  100.400647  41.321481      0
 1316.139     -11.6    461.6    59.4      6363.6  100.400709  41.321419      0
 1317.089     -11.8    461.0    59.3      6372.8  100.400934  41.321313      0
 1318.041     -11.8    460.8    59.2      6377.2  100.401064  41.321293      0
 1319.008     -11.8    460.5    58.6      6381.4  100.401173  41.321293      0
 1320.975     -11.8    460.3    58.2      6384.4  100.401269  41.321306      0
 1321.942     -11.8    460.1    58.0      6384.4  100.401269  41.321306      0
 1322.910     -11.9    459.8    58.0      6389.7  100.401365  41.321320      0
 1323.877     -11.8    459.5    57.3      6394.5  100.401467  41.321313      0
 1324.844     -11.8    459.3    57.1      6399.6  100.401563  41.321283      0
 1325.811     -11.8    459.0    57.1      6403.3  100.401665  41.321221      0
 1326.778     -11.9    458.6    57.2      6407.7  100.401781  41.321143      0
 1327.746     -12.0    458.3    56.5      6413.9  100.401904  41.321078      0
 1328.713     -11.9    458.0    56.2      6419.2  100.402000  41.321033      0
 1329.680     -11.9    457.8    55.8      6423.4  100.402082  41.321026      0
 1330.647     -11.9    457.6    55.9      6427.0  100.402136  41.321044      0
 1331.614     -12.0    457.3    55.4      6432.1  100.402184  41.321054      0
 1332.566     -12.0    456.9    55.1      6439.2  100.402273  41.321057      0
 1333.549     -12.0    456.5    54.7      6441.2  100.402355  41.321067      0
 1334.516     -12.0    456.3    54.1      6445.3  100.402485  41.321020      0
 1335.468     -12.0    456.1    53.5      6450.3  100.402608  41.320944      0
 1336.450     -12.0    455.8    53.3      6454.1  100.402703  41.320863      0
 1337.418     -12.0    455.6    52.6      6459.3  100.402758  41.320781      0
 1338.369     -12.0    455.4    52.3      6463.7  100.402772  41.320729      0
 1339.336     -12.0    455.2    51.6      6465.8  100.402792  41.320685      0
 1340.304     -12.0    454.8    51.4      6473.0  100.402813  41.320634      0
 1341.271     -12.0    454.5    51.4      6479.0  100.402874  41.320579      0
 1342.238     -12.0    454.4    51.0      6483.9  100.402977  41.320528      0
 1343.205     -12.0    454.1    50.8      6488.2  100.403120  41.320480      0
 1344.172     -12.2    453.7    50.8      6491.4  100.403277  41.320439      0
 1345.140     -12.2    453.6    50.6      6494.8  100.403434  41.320388      0
 1346.074     -12.3    453.0    50.3      6506.9  100.403687  41.320234      0
 1347.041     -12.3    452.6    49.6      6511.8  100.403755  41.320156      0
 1348.008     -12.3    452.3    49.2      6517.6  100.403783  41.320125      0
 1349.976     -12.3    452.1    48.9      6522.2  100.403810  41.320108      0
 1350.943     -12.3    451.9    48.0      6522.2  100.403810  41.320108      0
 1351.910     -12.3    451.6    47.4      6526.1  100.403871  41.320084      0
 1352.877     -12.4    451.3    46.2      6531.1  100.403967  41.320084      0
 1353.844     -12.4    451.0    45.4      6536.1  100.404104  41.320063      0
 1354.812     -12.4    450.9    44.5      6539.5  100.404247  41.320033      0
 1355.763     -12.3    450.7    44.1      6544.0  100.404384  41.319998      0
 1356.746     -12.2    450.4    44.1      6548.6  100.404507  41.319971      0
 1357.713     -12.2    449.9    44.1      6553.9  100.404609  41.319951      0
 1358.665     -12.3    449.7    44.1      6557.8  100.404670  41.319958      0
 1359.632     -12.3    449.4    44.5      6562.6  100.404711  41.319954      0
 1360.599     -12.3    449.2    44.9      6568.6  100.404746  41.319910      0
 1361.566     -12.2    448.9    44.7      6574.1  100.404793  41.319838      0
 1362.534     -12.3    448.8    45.3      6578.4  100.404875  41.319742      0
 1363.501     -12.3    448.5    45.1      6584.5  100.404998  41.319643      0
 1364.468     -12.3    448.3    45.1      6588.1  100.405142  41.319544      0
 1365.435     -12.1    448.1    45.2      6590.7  100.405285  41.319432      0
 1366.402     -12.2    447.8    45.5      6594.9  100.405394  41.319360      0
 1367.370     -12.3    447.6    45.5      6601.2  100.405483  41.319271      0
 1368.337     -12.3    447.3    45.2      6608.1  100.405565  41.319186      0
 1369.304     -12.2    447.0    45.1      6611.0  100.405654  41.319114      0
 1370.271     -12.3    446.7    44.9      6617.4  100.405750  41.319107      0
 1371.238     -12.4    446.3    45.1      6619.5  100.405873  41.319083      0
 1372.206     -12.5    446.0    45.0      6625.5  100.405989  41.319083      0
 1373.173     -12.3    445.9    45.1      6628.8  100.406098  41.319056      0
 1374.171     -12.3    445.4    44.8      6636.2  100.406166  41.319012      0
 1375.074     -12.5    444.9    45.0      6644.6  100.406269  41.318837      0
 1376.042     -12.6    444.7    44.9      6652.1  100.406344  41.318731      0
 1377.993     -12.6    444.3    44.8      6657.2  100.406480  41.318639      0
 1378.960     -12.6    444.0    45.0      6665.6  100.406651  41.318540      0
 1379.943     -12.4    443.9    45.0      6665.6  100.406651  41.318540      0
 1380.895     -12.5    443.7    45.1      6668.4  100.406815  41.318496      0
 1381.862     -12.7    443.5    44.9      6662.2  100.406952  41.318516      0
 1382.845     -12.9    443.3    45.0      6667.2  100.407095  41.318510      0
 1383.828     -13.1    443.0    45.2      6673.6  100.407211  41.318506      0
 1384.764     -13.2    442.7    45.2      6680.9  100.407314  41.318513      0
 1385.746     -13.2    442.5    45.2      6685.4  100.407423  41.318489      0
 1386.698     -13.0    442.2    44.8      6690.2  100.407539  41.318431      0
 1387.665     -13.1    442.0    44.5      6692.9  100.407662  41.318335      0
 1388.632     -13.0    441.6    44.4      6698.2  100.407771  41.318219      0
 1389.600     -12.9    441.4    44.2      6705.2  100.407867  41.318117      0
 1390.567     -12.8    441.2    43.8      6708.9  100.407949  41.318035      0
 1391.534     -13.0    440.8    42.9      6712.5  100.408017  41.317997      0
 1392.501     -13.0    440.5    42.6      6715.9  100.408099  41.317987      0
 1393.468     -13.3    440.5    42.3      6721.9  100.408188  41.317997      0
 1394.436     -13.4    440.2    42.2      6722.2  100.408290  41.317990      0
 1395.403     -13.4    439.9    41.5      6727.3  100.408366  41.317960      0
 1396.370     -13.6    439.5    41.7      6732.6  100.408434  41.317915      0
 1397.322     -13.5    439.2    41.1      6738.6  100.408502  41.317844      0
 1398.304     -13.3    439.0    41.4      6742.5  100.408598  41.317748      0
 1399.272     -13.3    438.9    41.2      6744.1  100.408728  41.317632      0
 1400.223     -13.4    438.6    40.9      6745.1  100.408857  41.317512      0
 1401.190     -13.5    438.4    41.2      6746.8  100.409014  41.317417      0
 1402.158     -13.4    438.3    41.3      6750.2  100.409178  41.317328      0
 1403.140     -13.4    438.0    41.4      6752.7  100.409342  41.317266      0
 1404.059     -13.5    437.7    41.1      6763.9  100.409684  41.317215      0
 1405.026     -13.7    437.4    41.2      6768.3  100.409820  41.317195      0
 1406.009     -13.8    437.1    40.7      6775.3  100.409923  41.317188      0
 1407.961     -13.8    436.8    40.6      6780.1  100.410012  41.317164      0
 1408.928     -13.8    436.6    40.6      6780.1  100.410012  41.317164      0
 1409.895     -14.0    436.3    40.3      6784.3  100.410059  41.317120      0
 1410.862     -14.1    435.9    40.4      6777.4  100.410135  41.317027      0
 1411.830     -14.1    435.6    40.8      6792.6  100.410135  41.316962      0
 1412.797     -14.2    435.4    40.8      6796.3  100.410217  41.316853      0
 1413.764     -14.1    435.3    41.0      6799.7  100.410367  41.316778      0
 1414.731     -13.7    435.0    41.1      6810.0  100.410531  41.316700      0
 1415.698     -13.6    434.8    41.3      6810.2  100.410681  41.316611      0
 1416.666     -13.6    434.5    41.5      6817.7  100.410763  41.316628      0
 1417.633     -13.9    434.3    41.6      6817.4  100.410845  41.316583      0
 1418.584     -14.2    433.9    41.5      6821.7  100.410934  41.316580      0
 1419.567     -14.2    433.6    42.0      6828.8  100.411023  41.316573      0
 1420.535     -14.2    433.3    42.6      6834.0  100.411159  41.316553      0
 1421.486     -14.0    433.2    42.8      6837.3  100.411303  41.316501      0
 1422.469     -14.1    432.9    43.3      6841.6  100.411446  41.316419      0
 1423.436     -14.1    432.7    43.7      6848.2  100.411555  41.316327      0
 1424.388     -14.1    432.5    44.1      6847.9  100.411651  41.316256      0
 1425.355     -14.2    432.3    44.2      6858.4  100.411685  41.316201      0
 1426.338     -14.4    432.0    44.5      6862.2  100.411726  41.316177      0
 1427.289     -14.4    431.8    44.6      6866.6  100.411774  41.316160      0
 1428.257     -14.4    431.2    44.8      6871.2  100.411849  41.316129      0
 1429.224     -14.4    431.0    44.8      6876.4  100.411986  41.316088      0
 1430.191     -14.5    430.8    44.8      6880.4  100.412156  41.316047      0
 1431.158     -14.5    430.7    44.7      6884.9  100.412320  41.315996      0
 1432.125     -14.3    430.4    44.8      6892.4  100.412457  41.315931      0
 1433.060     -14.2    429.8    44.1      6903.0  100.412614  41.315849      0
 1434.027     -14.2    429.5    43.9      6907.1  100.412682  41.315829      0
 1435.994     -14.2    429.4    43.4      6911.4  100.412778  41.315835      0
 1436.961     -14.2    429.2    43.1      6913.4  100.412901  41.315842      0
 1437.929     -14.3    428.9    42.7      6913.4  100.412901  41.315842      0
 1438.896     -14.3    428.6    42.3      6918.5  100.413037  41.315856      0
 1439.863     -14.4    428.4    41.9      6924.3  100.413181  41.315859      0
 1440.815     -14.3    428.0    41.6      6940.5  100.413358  41.315801      0
 1441.797     -14.3    427.9    41.1      6941.4  100.413502  41.315754      0
 1442.765     -14.4    427.7    40.8      6934.6  100.413632  41.315702      0
 1443.747     -14.4    427.3    40.6      6943.9  100.413816  41.315603      0
 1444.699     -14.5    427.0    40.3      6959.3  100.414014  41.315514      0
 1445.651     -14.4    426.9    40.2      6966.6  100.414212  41.315446      0
 1446.633     -14.4    426.7    39.5      6964.4  100.414383  41.315443      0
 1447.601     -14.4    426.5    38.5      6967.4  100.414574  41.315415      0
 1448.552     -14.5    426.1    37.7      6974.3  100.414759  41.315371      0
 1449.519     -14.4    425.9    36.8      6982.0  100.414902  41.315320      0
 1450.502     -14.4    425.7    36.0      6986.6  100.415032  41.315238      0
 1451.454     -14.5    425.5    35.8      6986.7  100.415134  41.315163      0
 1452.421     -14.5    425.2    34.8      6990.8  100.415237  41.315077      0
 1453.404     -14.6    424.9    34.5      6996.5  100.415367  41.314992      0
 1454.355     -14.7    424.7    34.1      7003.4  100.415524  41.314924      0
 1455.323     -14.7    424.3    33.6      7006.4  100.415701  41.314879      0
 1456.290     -14.7    424.2    33.1      7009.7  100.415899  41.314852      0
 1457.257     -14.8    424.1    32.1      7013.6  100.416104  41.314838      0
 1458.224     -14.8    423.9    31.3      7014.9  100.416302  41.314835      0
 1459.191     -14.8    423.7    30.6      7020.7  100.416480  41.314831      0
 1460.159     -14.8    423.5    30.0      7024.7  100.416651  41.314831      0
 1461.126     -14.8    423.2    28.8      7027.1  100.416801  41.314818      0
 1462.060     -14.7    422.7    27.7      7036.9  100.416992  41.314753      0
 1463.027     -14.8    422.4    26.6      7042.4  100.417047  41.314715      0
 1464.995     -14.9    422.1    26.5      7046.8  100.417115  41.314657      0
 1465.962     -15.0    421.7    25.7      7053.7  100.417197  41.314596      0
 1466.929     -15.1    421.4    25.8      7053.7  100.417197  41.314596      0
 1467.896     -15.1    421.0    25.4      7058.9  100.417334  41.314528      0
 1468.863     -15.2    420.6    25.1      7066.6  100.417504  41.314510      0
 1469.815     -15.3    420.2    24.8      7074.9  100.417716  41.314500      0
 1470.798     -15.2    419.9    24.7      7080.0  100.417935  41.314507      0
 1471.765     -15.0    419.6    24.3      7087.7  100.418112  41.314524      0
 1472.717     -14.9    419.3    24.4      7092.1  100.418276  41.314490      0
 1473.684     -14.9    419.0    24.0      7092.4  100.418406  41.314333      0
 1474.667     -15.0    418.8    24.2      7098.2  100.418515  41.314319      0
 1475.618     -15.1    418.5    23.6      7093.8  100.418686  41.314302      0
 1476.585     -14.9    418.3    23.6      7104.4  100.418870  41.314142      0
 1477.553     -15.2    418.0    23.5      7112.1  100.419007  41.314166      0
 1478.520     -15.4    417.7    23.1      7112.4  100.419144  41.314217      0
 1479.487     -15.5    417.4    23.1      7124.5  100.419349  41.314234      0
 1480.454     -15.3    417.2    22.9      7120.5  100.419512  41.314288      0
 1481.421     -15.5    417.0    23.0      7126.5  100.419731  41.314241      0
 1482.389     -15.5    416.8    22.7      7123.5  100.419909  41.314227      0
 1483.356     -15.3    416.7    22.7      7138.8  100.420120  41.314111      0
 1484.323     -15.2    416.4    22.6      7143.7  100.420298  41.314056      0
 1485.290     -15.2    416.1    22.2      7140.9  100.420469  41.314036      0
 1486.257     -15.2    415.7    21.6      7151.6  100.420660  41.313998      0
 1487.225     -15.5    415.4    20.7      7160.2  100.420803  41.313995      0
 1488.192     -15.5    415.2    19.8      7161.1  100.420933  41.314015      0
 1489.159     -15.7    414.9    19.0      7167.1  100.421036  41.314005      0
 1490.126     -15.7    414.7    18.5      7174.7  100.421138  41.314022      0
 1491.061     -15.8    414.2    17.2      7185.7  100.421391  41.313827      0
 1492.028     -15.9    413.9    16.4      7182.0  100.421493  41.313776      0
 1493.979     -15.9    413.8    16.1      7186.6  100.421602  41.313708      0
 1494.947     -15.9    413.5    15.4      7189.6  100.421698  41.313663      0
 1495.929     -15.9    413.3    14.7      7189.6  100.421698  41.313663      0
 1496.881     -15.8    413.0    13.8      7190.6  100.421794  41.313640      0
 1497.848     -15.7    412.6    13.2      7198.4  100.421910  41.313595      0
 1498.862     -15.8    412.2    12.8      7205.8  100.422046  41.313561      0
 1499.783     -15.8    411.8    12.4      7213.4  100.422190  41.313541      0
 1500.750     -15.7    411.7    11.5      7217.8  100.422347  41.313517      0
 1501.717     -15.6    411.4    11.2      7226.0  100.422484  41.313489      0
 1502.684     -15.7    411.0    10.8      7231.6  100.422600  41.313510      0
 1503.651     -16.1    410.8    10.5      7235.5  100.422668  41.313479      0
 1504.619     -16.2    410.5    10.2      7240.6  100.422750  41.313418      0
 1505.586     -16.2    410.3     9.6      7246.2  100.422873  41.313356      0
 1506.553     -16.2    410.0     9.6      7245.4  100.423044  41.313288      0
 1507.520     -16.1    409.8     9.8      7254.9  100.423242  41.313199      0
 1508.487     -16.1    409.6     9.5      7255.8  100.423412  41.313141      0
 1509.455     -16.1    409.2     9.7      7263.1  100.423590  41.313073      0
 1510.422     -16.0    408.9     9.4      7269.3  100.423706  41.313032      0
 1511.389     -16.0    408.7     9.6      7277.3  100.423815  41.312991      0
 1512.356     -16.1    408.4     9.2      7282.0  100.423904  41.312967      0
 1513.323     -16.0    408.1     9.1      7286.3  100.424020  41.312916      0
 1514.291     -15.9    408.0     9.3      7290.5  100.424130  41.312861      0
 1515.258     -16.0    407.7     8.8      7296.8  100.424273  41.312786      0
 1516.225     -16.2    407.3     8.8      7299.4  100.424430  41.312724      0
 1517.192     -16.2    407.0     8.7      7305.6  100.424594  41.312666      0
 1518.159     -15.9    406.8     8.6      7313.3  100.424731  41.312625      0
 1519.111     -15.8    406.3     8.3      7319.6  100.424785  41.312588      0
 1520.061     -16.0    405.9     8.2      7322.7  100.424963  41.312550      0
 1521.013     -16.3    405.7     8.1      7331.8  100.424949  41.312502      0
 1522.995     -16.4    405.3     8.0      7335.1  100.425045  41.312489      0
 1523.963     -16.5    405.1     7.7      7342.1  100.425147  41.312478      0
 1524.914     -16.5    404.6     7.6      7342.1  100.425147  41.312478      0
 1525.881     -16.2    404.3     7.4      7349.7  100.425298  41.312468      0
 1526.864     -16.1    404.0     7.8      7356.7  100.425448  41.312458      0
 1527.816     -16.3    403.7     7.5      7360.4  100.425632  41.312441      0
 1528.783     -16.6    403.4     7.6      7371.0  100.425824  41.312410      0
 1529.750     -16.6    403.1     7.5      7379.0  100.426022  41.312366      0
 1530.717     -16.7    402.9     7.3      7382.9  100.426206  41.312301      0
 1531.685     -16.8    402.6     7.3      7385.0  100.426390  41.312215      0
 1532.652     -16.9    402.3     7.1      7393.0  100.426561  41.312137      0
 1533.619     -16.9    402.1     6.9      7395.5  100.426725  41.312048      0
 1534.586     -16.8    401.7     7.1      7402.1  100.426889  41.311959      0
 1535.554     -16.8    401.3     6.7      7407.5  100.427019  41.311881      0
 1536.521     -17.0    401.0     6.4      7415.5  100.427114  41.311806      0
 1537.488     -17.2    400.7     6.4      7421.4  100.427183  41.311741      0
 1538.455     -17.3    400.4     6.3      7427.8  100.427265  41.311693      0
 1539.422     -17.2    399.9     6.2      7434.3  100.427374  41.311649      0
 1540.390     -17.2    399.6     6.2      7442.6  100.427538  41.311601      0
 1541.357     -17.0    399.4     5.8      7447.7  100.427743  41.311563      0
 1542.324     -16.9    399.0     6.0      7451.3  100.427941  41.311529      0
 1543.291     -16.8    398.8     6.1      7455.5  100.428132  41.311515      0
 1544.258     -16.8    398.5     5.6      7459.4  100.428330  41.311502      0
 1545.226     -17.0    398.1     5.4      7469.2  100.428515  41.311457      0
 1546.193     -17.1    397.8     5.3      7475.4  100.428651  41.311471      0
 1547.160     -17.3    397.4     5.5      7483.2  100.428754  41.311471      0
 1548.127     -17.4    397.1     5.2      7491.6  100.428842  41.311478      0
 1549.046     -17.3    396.4     4.9      7504.9  100.429006  41.311355      0
 1550.029     -17.5    396.0     4.8      7502.7  100.429123  41.311239      0
 1551.996     -17.7    395.7     5.0      7511.7  100.429239  41.311150      0
 1552.948     -17.7    395.3     5.0      7515.5  100.429341  41.311089      0
 1553.915     -17.4    395.1     4.8      7515.5  100.429341  41.311089      0
 1554.898     -17.6    394.9     4.8      7523.5  100.429525  41.311068      0
 1555.849     -17.8    394.5     4.8      7529.7  100.429689  41.311099      0
 1556.816     -17.9    394.3     4.8      7536.5  100.429812  41.311116      0
 1557.784     -18.0    394.1     4.5      7541.1  100.429901  41.311147      0
 1558.751     -18.1    393.7     4.7      7546.9  100.429922  41.311160      0
 1559.718     -18.2    393.6     4.6      7547.6  100.429997  41.311112      0
 1560.685     -18.2    393.2     4.6      7559.4  100.430038  41.311061      0
 1561.652     -18.2    392.9     4.8      7559.6  100.430106  41.310962      0
 1562.620     -18.1    392.6     4.6      7565.6  100.430243  41.310894      0
 1563.587     -17.8    392.3     4.8      7572.0  100.430386  41.310849      0
 1564.554     -17.5    392.1     4.7      7576.3  100.430550  41.310819      0
 1565.521     -17.8    391.8     4.5      7582.9  100.430707  41.310843      0
 1566.488     -18.0    391.5     4.7      7591.6  100.430864  41.310856      0
 1567.456     -18.1    391.2     4.8      7597.6  100.431028  41.310839      0
 1568.423     -18.0    390.8     4.8      7604.1  100.431185  41.310785      0
 1569.390     -18.1    390.6     4.7      7611.8  100.431329  41.310706      0
 1570.357     -18.4    390.4     4.5      7615.8  100.431452  41.310600      0
 1571.324     -18.5    390.1     4.2      7619.8  100.431547  41.310491      0
 1572.292     -18.6    389.9     4.3      7626.4  100.431636  41.310388      0
 1573.259     -18.7    389.5     4.1      7632.8  100.431718  41.310310      0
 1574.226     -18.6    389.1     4.5      7641.5  100.431841  41.310245      0
 1575.193     -18.4    388.8     4.4      7649.5  100.432005  41.310207      0
 1576.145     -18.1    388.5     4.2      7653.2  100.432162  41.310170      0
 1577.112     -18.1    388.1     4.4      7663.2  100.432333  41.310102      0
 1578.046     -18.1    387.4     4.2      7677.9  100.432565  41.310016      0
 1579.014     -18.3    387.0     4.2      7684.8  100.432688  41.309975      0
 1580.996     -18.4    386.8     4.1      7689.2  100.432804  41.309968      0
 1581.964     -18.7    386.4     4.1      7692.7  100.432913  41.309989      0
 1582.915     -18.7    386.2     3.8      7692.7  100.432913  41.309989      0
 1583.882     -18.6    385.9     3.7      7699.1  100.433016  41.309999      0
 1584.850     -18.7    385.7     3.7      7693.0  100.433118  41.310009      0
 1585.817     -19.0    385.5     3.9      7701.6  100.433173  41.309992      0
 1586.784     -19.2    385.0     3.7      7709.0  100.433214  41.309962      0
 1587.751     -19.3    384.6     3.9      7714.7  100.433275  41.309903      0
 1588.718     -19.3    384.5     3.4      7722.3  100.433364  41.309828      0
 1589.686     -19.4    384.2     3.5      7722.9  100.433501  41.309767      0
 1590.653     -19.2    383.9     3.7      7727.7  100.433671  41.309716      0
 1591.620     -19.3    383.6     3.4      7737.1  100.433876  41.309654      0
 1592.587     -19.4    383.3     3.3      7740.7  100.434061  41.309658      0
 1593.554     -19.5    383.1     3.3      7749.6  100.434238  41.309630      0
 1594.522     -19.4    382.8     3.2      7757.5  100.434354  41.309647      0
 1595.489     -19.4    382.6     3.0      7761.5  100.434436  41.309668      0
 1596.456     -19.6    382.2     3.5      7768.6  100.434498  41.309671      0
 1597.423     -19.8    381.9     3.1      7771.7  100.434580  41.309668      0
 1598.390     -19.7    381.6     3.4      7780.3  100.434675  41.309651      0
 1599.358     -19.6    381.4     3.4      7784.2  100.434785  41.309620      0
 1600.325     -19.6    381.1     3.3      7788.6  100.434894  41.309593      0
 1601.292     -19.7    380.6     3.4      7795.2  100.434983  41.309565      0
 1602.244     -19.6    380.2     3.2      7802.6  100.435058  41.309528      0
 1603.226     -19.5    379.9     3.3      7810.0  100.435140  41.309483      0
 1604.194     -19.6    379.6     3.5      7815.6  100.435263  41.309453      0
 1605.161     -19.8    379.3     3.6      7821.3  100.435420  41.309419      0
 1606.095     -20.0    378.9     3.6      7829.5  100.435823  41.309357      0
 1607.062     -20.1    378.4     3.5      7837.7  100.436021  41.309299      0
 1608.014     -19.8    378.1     3.6      7845.5  100.436178  41.309234      0
 1609.981     -19.7    377.8     3.3      7848.9  100.436301  41.309190      0
 1610.964     -19.8    377.6     3.3      7858.3  100.436383  41.309156      0
 1611.916     -19.9    377.4     3.7      7858.3  100.436383  41.309156      0
 1612.883     -20.0    377.2     3.6      7861.4  100.436472  41.309159      0
 1613.850     -20.0    376.9     3.5      7867.3  100.436561  41.309162      0
 1614.817     -20.0    376.7     3.5      7876.2  100.436636  41.309186      0
 1615.784     -20.0    376.3     3.6      7882.3  100.436752  41.309169      0
 1616.752     -19.9    376.1     3.6      7888.7  100.436868  41.309128      0
 1617.719     -19.9    375.8     3.4      7893.6  100.436998  41.309070      0
 1618.686     -20.0    375.6     3.3      7899.1  100.437127  41.308995      0
 1619.653     -20.0    375.3     3.6      7904.8  100.437250  41.308927      0
 1620.620     -20.1    374.9     3.5      7912.5  100.437373  41.308862      0
 1621.588     -32.5      0.0    60.2      7918.9  100.437503  41.308800      0
 1622.555     -20.2    374.3     3.4      7924.8  100.437653  41.308736      0
 1623.522     -20.3    374.1     3.5      7929.4  100.437831  41.308674      0
 1624.489     -20.3    373.9     3.2      7934.4  100.438036  41.308609      0
 1625.456     -20.4    373.6     3.4      7939.6  100.438248  41.308544      0
 1626.424     -20.5    373.2     3.3      7948.1  100.438432  41.308479      0
 1627.391     -20.5    372.9     3.2      7955.0  100.438582  41.308425      0
 1628.358     -20.4    372.6     3.3      7961.0  100.438705  41.308401      0
 1629.325     -20.5    372.5     3.4      7965.1  100.438821  41.308401      0
 1630.292     -20.6    372.0     3.1      7971.3  100.438951  41.308418      0
 1631.260     -20.8    371.8     3.1      7979.9  100.439101  41.308435      0
 1632.211     -20.8    371.5     3.0      7986.4  100.439265  41.308455      0
 1633.194     -20.9    371.1     3.1      7988.2  100.439422  41.308493      0
 1634.161     -20.9    370.9     3.2      7992.9  100.439614  41.308500      0
 1635.080     -21.0    370.2     3.1      8007.7  100.440017  41.308514      0
 1636.063     -21.1    369.9     3.0      8015.9  100.440222  41.308503      0
 1637.014     -21.1    369.6     3.4      8022.4  100.440440  41.308473      0
 1638.982     -21.1    369.3     3.2      8028.3  100.440679  41.308421      0
 1639.964     -21.2    369.0     3.2      8033.8  100.440918  41.308346      0
 1640.916     -21.3    368.8     3.4      8033.8  100.440918  41.308346      0
 1641.883     -21.4    368.6     3.4      8039.6  100.441150  41.308261      0
 1642.866     -21.3    368.3     3.4      8045.9  100.441369  41.308162      0
 1643.818     -21.4    367.9     3.6      8052.8  100.441560  41.308076      0
 1644.785     -21.5    367.6     3.4      8066.5  100.441738  41.307988      0
 1645.752     -21.5    367.3     3.5      8077.5  100.441929  41.307930      0
 1646.719     -21.4    366.9     3.6      8081.0  100.442141  41.307865      0
 1647.687     -21.5    366.7     3.4      8087.6  100.442346  41.307858      0
 1648.654     -21.7    366.5     3.6      8092.4  100.442564  41.307868      0
 1649.621     -21.8    366.1     3.5      8091.5  100.442769  41.307909      0
 1650.588     -21.9    365.8     3.9      8099.5  100.443001  41.307902      0
 1651.555     -22.0    365.4     3.6      8107.2  100.443247  41.307892      0
 1652.569     -22.1    365.0     3.8      8116.4  100.443480  41.307861      0
 1653.490     -22.0    364.7     3.6      8120.0  100.443705  41.307813      0
 1654.457     -22.0    364.4     3.7      8121.5  100.443924  41.307738      0
 1655.424     -22.1    364.2     3.9      8127.8  100.444115  41.307632      0
 1656.391     -22.2    363.8     4.0      8133.4  100.444292  41.307506      0
 1657.359     -22.2    363.5     3.8      8139.8  100.444463  41.307390      0
 1658.326     -22.3    363.3     4.1      8147.5  100.444607  41.307318      0
 1659.293     -22.3    363.0     4.1      8154.6  100.444750  41.307267      0
 1660.260     -22.3    362.8     3.9      8158.9  100.444880  41.307233      0
 1661.212     -22.3    362.5     3.7      8163.2  100.445023  41.307216      0
 1662.195     -22.4    362.1     3.9      8171.5  100.445173  41.307219      0
 1663.162     -22.6    361.7     4.0      8178.5  100.445324  41.307243      0
 1664.096     -22.4    361.1     4.1      8193.7  100.445734  41.307182      0
 1665.063     -22.5    360.7     4.3      8199.5  100.445973  41.307100      0
 1666.015     -22.4    360.4     4.8      8203.6  100.446218  41.307004      0
 1667.982     -22.5    360.2     4.6      8210.8  100.446444  41.306929      0
 1668.965     -22.4    359.8     4.3      8217.2  100.446662  41.306881      0
 1669.917     -22.3    359.6     4.8      8217.2  100.446662  41.306881      0
 1670.884     -22.4    359.4     4.8      8222.8  100.446854  41.306867      0
 1671.867     -22.6    359.1     4.8      8225.7  100.447024  41.306881      0
 1672.818     -22.8    358.7     5.2      8233.5  100.447168  41.306881      0
 1673.785     -23.0    358.4     5.0      8238.7  100.447304  41.306850      0
 1674.768     -23.0    358.1     5.3      8243.4  100.447455  41.306789      0
 1675.720     -23.0    357.8     5.4      8250.5  100.447598  41.306707      0
 1676.687     -23.2    357.5     5.5      8253.8  100.447762  41.306618      0
 1677.654     -23.5    357.2     5.6      8262.7  100.447947  41.306495      0
 1678.621     -23.5    356.9     6.0      8267.4  100.448138  41.306403      0
 1679.589     -23.3    356.6     6.0      8276.0  100.448370  41.306301      0
 1680.556     -23.3    356.2     6.1      8281.1  100.448643  41.306239      0
 1681.523     -23.6    355.9     6.3      8284.1  100.448910  41.306205      0
 1682.490     -23.6    355.6     6.5      8292.7  100.449196  41.306137      0
 1683.457     -23.5    355.2     6.7      8302.6  100.449429  41.306068      0
 1684.425     -23.4    354.8     6.9      8308.9  100.449593  41.305997      0
 1685.392     -23.5    354.6     7.0      8313.9  100.449736  41.305932      0
 1686.359     -23.5    354.3     7.2      8319.1  100.449873  41.305887      0
 1687.326     -23.5    354.1     7.4      8326.7  100.450050  41.305860      0
 1688.293     -23.5    353.9     8.0      8330.7  100.450262  41.305840      0
 1689.261     -23.4    353.6     7.9      8334.7  100.450515  41.305826      0
 1690.228     -23.4    353.5     8.1      8339.3  100.450781  41.305805      0
 1691.195     -23.4    353.0     7.9      8345.4  100.451047  41.305781      0
 1692.162     -23.3    352.8     8.6      8352.9  100.451259  41.305737      0
 1693.097     -23.5    352.1     8.4      8366.7  100.451648  41.305559      0
 1694.079     -23.7    352.0     8.6      8373.1  100.451853  41.305440      0
 1695.031     -23.9    351.6     8.8      8379.8  100.452072  41.305344      0
 1696.998     -23.8    351.2     9.0      8387.4  100.452297  41.305286      0
 1697.950     -23.9    350.9     9.2      8393.5  100.452509  41.305245      0
 1698.917     -24.0    350.7     9.4      8393.5  100.452509  41.305245      0
 1699.900     -23.9    350.3     9.7      8398.2  100.452700  41.305228      0
 1700.851     -24.2    350.0     9.6      8405.3  100.452878  41.305184      0
 1701.819     -24.2    349.7     9.9      8412.4  100.453049  41.305112      0
 1702.801     -23.9    349.6     9.9      8416.8  100.453226  41.305020      0
 1703.753     -24.0    349.4    10.0      8421.2  100.453404  41.304921      0
 1704.720     -24.2    349.1     9.8      8426.5  100.453575  41.304835      0
 1705.687     -24.3    349.0    10.1      8432.0  100.453766  41.304767      0
 1706.670     -24.5    348.6    10.3      8427.2  100.453971  41.304754      0
 1707.622     -24.7    348.3    10.5      8441.1  100.454244  41.304695      0
 1708.589     -24.9    348.1    10.5      8438.8  100.454497  41.304682      0
 1709.556     -24.9    347.9    10.3      8453.1  100.454770  41.304590      0
 1710.523     -24.8    347.6    10.7      8457.8  100.455009  41.304501      0
 1711.491     -24.8    347.3    10.8      8464.4  100.455193  41.304398      0
 1712.458     -24.8    347.1    11.1      8469.6  100.455350  41.304299      0
 1713.425     -24.9    346.9    10.9      8472.9  100.455501  41.304217      0
 1714.392     -25.0    346.6    10.9      8480.2  100.455658  41.304132      0
 1715.359     -25.1    346.3    11.1      8488.6  100.455829  41.304047      0
 1716.327     -25.1    345.9    11.1      8495.8  100.456040  41.303961      0
 1717.294     -25.1    345.5    11.2      8502.9  100.456286  41.303876      0
 1718.261     -25.2    345.3    11.3      8508.3  100.456573  41.303804      0
 1719.228     -25.5    345.2    11.3      8512.8  100.456880  41.303746      0
 1720.195     -25.6    344.9    11.3      8518.0  100.457195  41.303705      0
 1721.163     -25.3    344.8    11.2      8523.3  100.457488  41.303671      0
 1722.130     -25.2    344.4    11.4      8528.6  100.457748  41.303640      0
 1723.049     -25.0    344.0    11.6      8538.8  100.458199  41.303568      0
 1724.031     -25.1    343.8    11.6      8545.6  100.458404  41.303524      0
 1725.999     -25.3    343.3    11.9      8554.1  100.458595  41.303469      0
 1726.966     -25.1    343.1    11.9      8559.0  100.458793  41.303411      0
 1727.917     -25.2    342.9    11.7      8559.0  100.458793  41.303411      0
 1728.900     -25.5    342.7    12.2      8563.9  100.458984  41.303353      0
 1729.867     -25.6    342.5    12.1      8568.6  100.459182  41.303299      0
 1730.819     -25.7    342.2    12.2      8576.0  100.459387  41.303247      0
 1731.786     -25.7    342.0    11.9      8580.5  100.459612  41.303196      0
 1732.769     -25.8    341.8    12.3      8584.8  100.459858  41.303145      0
 1733.736     -25.8    341.6    12.5      8589.9  100.460111  41.303101      0
 1734.703     -25.8    341.3    12.3      8593.8  100.460357  41.303056      0
 1735.655     -25.9    341.0    12.2      8599.9  100.460603  41.303002      0
 1736.622     -25.9    340.8    12.5      8607.5  100.460849  41.302947      0
 1737.589     -26.0    340.5    12.5      8613.3  100.461095  41.302865      0
 1738.572     -26.1    340.2    12.8      8618.7  100.461347  41.302759      0
 1739.524     -26.1    340.0    12.7      8623.2  100.461586  41.302629      0
 1740.491     -26.1    339.8    12.8      8628.7  100.461832  41.302482      0
 1741.505     -26.2    339.5    12.6      8633.3  100.462071  41.302339      0
 1742.425     -26.2    339.3    13.0      8639.6  100.462290  41.302226      0
 1743.393     -26.1    339.1    13.1      8644.6  100.462502  41.302148      0
 1744.360     -26.0    338.9    13.4      8648.5  100.462713  41.302090      0
 1745.327     -26.1    338.7    13.2      8653.9  100.462939  41.302001      0
 1746.294     -26.2    338.4    13.6      8659.7  100.463191  41.301916      0
 1747.261     -26.2    338.2    13.6      8663.9  100.463458  41.301823      0
 1748.229     -26.3    337.9    14.1      8670.4  100.463745  41.301745      0
 1749.196     -26.4    337.5    13.9      8676.1  100.464032  41.301673      0
 1750.163     -26.4    337.3    14.4      8682.5  100.464284  41.301595      0
 1751.130     -26.5    336.9    14.7      8690.4  100.464503  41.301502      0
 1752.065     -26.7    336.4    14.8      8702.4  100.464913  41.301270      0
 1753.032     -26.7    336.1    15.1      8707.5  100.465138  41.301192      0
 1754.999     -26.7    335.9    15.0      8712.3  100.465391  41.301120      0
 1755.966     -26.8    335.7    15.4      8717.1  100.465671  41.301082      0
 1756.933     -26.9    335.6    15.7      8717.1  100.465671  41.301082      0
 1757.901     -27.0    335.2    15.6      8720.8  100.465971  41.301038      0
 1758.868     -27.0    334.9    15.6      8728.4  100.466272  41.300970      0
 1759.819     -27.0    334.7    16.1      8734.2  100.466559  41.300874      0
 1760.802     -26.9    334.5    16.3      8739.3  100.466818  41.300765      0
 1761.770     -27.1    334.1    16.3      8744.9  100.467071  41.300666      0
 1762.768     -27.1    333.8    16.6      8751.9  100.467310  41.300580      0
 1763.688     -27.2    333.6    16.9      8758.9  100.467542  41.300526      0
 1764.671     -27.2    333.3    17.0      8763.5  100.467795  41.300468      0
 1765.623     -27.2    333.1    17.0      8769.5  100.468075  41.300375      0
 1766.590     -27.3    332.9    17.1      8773.3  100.468382  41.300280      0
 1767.573     -27.4    332.5    17.4      8778.7  100.468697  41.300157      0
 1768.540     -27.5    332.3    17.6      8782.8  100.469004  41.300020      0
 1769.492     -27.5    332.0    17.9      8789.4  100.469284  41.299897      0
 1770.474     -27.5    331.8    18.1      8796.1  100.469523  41.299795      0
 1771.426     -27.5    331.4    18.0      8801.3  100.469755  41.299723      0
 1772.393     -27.7    331.1    18.1      8807.4  100.469988  41.299686      0
 1773.360     -27.9    330.8    18.5      8814.7  100.470247  41.299662      0
 1774.328     -28.0    330.5    18.8      8825.2  100.470541  41.299593      0
 1775.295     -28.0    330.2    18.6      8832.6  100.470869  41.299515      0
 1776.262     -28.3    329.8    18.9      8835.5  100.471190  41.299426      0
 1777.229     -28.1    329.5    19.0      8846.1  100.471517  41.299276      0
 1778.196     -27.8    329.4    19.5      8840.4  100.471839  41.299166      0
 1779.164     -27.9    329.0    19.5      8850.9  100.472160  41.299030      0
 1780.131     -28.0    328.7    19.9      8860.3  100.472481  41.298927      0
 1781.065     -27.9    328.1    20.3      8880.3  100.473109  41.298736      0
 1782.032     -27.9    327.8    20.2      8886.8  100.473362  41.298654      0
 1783.000     -28.1    327.5    20.6      8895.0  100.473580  41.298565      0
 1784.967     -28.4    327.3    20.6      8902.0  100.473785  41.298473      0
 1785.934     -28.4    327.0    21.1      8902.0  100.473785  41.298473      0
 1786.901     -28.3    326.8    21.3      8901.1  100.474004  41.298429      0
 1787.868     -28.3    326.5    21.6      8909.4  100.474277  41.298371      0
 1788.820     -28.1    326.4    22.1      8904.9  100.474571  41.298354      0
 1789.787     -28.1    326.1    22.1      8913.0  100.474898  41.298292      0
 1790.770     -28.1    325.9    22.4      8917.5  100.475233  41.298200      0
 1791.737     -28.1    325.6    22.4      8925.6  100.475534  41.298087      0
 1792.689     -28.1    325.4    22.7      8932.6  100.475793  41.297964      0
 1793.656     -28.2    325.3    23.1      8935.7  100.476032  41.297858      0
 1794.639     -28.5    324.9    23.1      8939.4  100.476258  41.297759      0
 1795.590     -28.6    324.8    23.3      8945.3  100.476497  41.297657      0
 1796.558     -28.7    324.5    23.9      8950.7  100.476777  41.297565      0
 1797.525     -28.9    324.3    23.8      8952.8  100.477070  41.297507      0
 1798.492     -29.0    324.1    23.8      8957.5  100.477385  41.297455      0
 1799.459     -29.2    323.8    24.2      8961.3  100.477692  41.297411      0
 1800.426     -29.2    323.7    24.1      8967.9  100.477979  41.297353      0
 1801.394     -29.0    323.5    24.3      8972.9  100.478245  41.297278      0
 1802.361     -29.0    323.1    24.3      8978.7  100.478512  41.297179      0
 1803.328     -29.2    322.9    24.6      8985.4  100.478805  41.297073      0
 1804.295     -29.2    322.7    24.6      8991.1  100.479106  41.296967      0
 1805.278     -29.3    322.4    24.3      8999.4  100.479400  41.296878      0
 1806.230     -29.4    322.1    24.9      9005.7  100.479680  41.296803      0
 1807.197     -29.3    321.9    25.0      9011.0  100.479939  41.296721      0
 1808.164     -29.4    321.6    24.7      9018.7  100.480212  41.296622      0
 1809.131     -29.5    321.4    24.8      9023.4  100.480492  41.296516      0
 1810.066     -29.5    320.9    24.8      9035.9  100.481039  41.296311      0
 1811.033     -29.6    320.6    24.9      9041.6  100.481298  41.296229      0
 1812.000     -29.6    320.4    25.3      9047.0  100.481558  41.296178      0
 1813.967     -29.7    320.0    24.8      9054.3  100.481838  41.296158      0
 1814.919     -29.8    319.9    24.8      9054.3  100.481838  41.296158      0
 1815.886     -29.9    319.5    24.7      9059.0  100.482145  41.296120      0
 1816.869     -30.0    319.1    25.0      9068.6  100.482466  41.296045      0
 1817.836     -30.0    318.8    25.0      9075.4  100.482767  41.295977      0
 1818.788     -30.1    318.4    24.5      9081.7  100.483074  41.295871      0
 1819.755     -30.1    318.3    24.4      9088.9  100.483388  41.295779      0
 1820.738     -30.1    318.0    24.6      9093.8  100.483723  41.295704      0
 1821.689     -30.2    317.8    24.2      9097.0  100.484065  41.295656      0
 1822.656     -30.2    317.7    24.0      9101.1  100.484413  41.295618      0
 1823.624     -30.3    317.5    24.1      9105.4  100.484748  41.295608      0
 1824.591     -30.2    317.3    23.8      9109.3  100.485048  41.295591      0
 1825.558     -30.1    317.1    23.7      9115.8  100.485328  41.295546      0
 1826.525     -30.0    316.8    23.2      9120.9  100.485601  41.295475      0
 1827.492     -30.0    316.7    23.0      9127.0  100.485875  41.295386      0
 1828.460     -30.0    316.4    22.6      9132.4  100.486161  41.295307      0
 1829.427     -30.1    316.1    22.3      9137.2  100.486462  41.295236      0
 1830.394     -30.2    315.9    22.1      9144.4  100.486803  41.295171      0
 1831.361     -30.2    315.6    21.8      9155.2  100.487138  41.295113      0
 1832.375     -30.2    315.3    21.4      9159.4  100.487480  41.295055      0
 1833.296     -30.2    315.0    21.2      9171.4  100.487753  41.294986      0
 1834.263     -30.1    314.8    20.5      9173.2  100.488033  41.294898      0
 1835.230     -30.2    314.5    20.6      9179.4  100.488279  41.294788      0
 1836.197     -30.3    314.3    20.3      9181.5  100.488518  41.294676      0
 1837.164     -30.3    314.2    19.8      9187.4  100.488757  41.294563      0
 1838.116     -30.2    314.0    19.6      9197.8  100.488975  41.294495      0
 1839.066     -30.2    313.6    19.1      9202.1  100.489501  41.294372      0
 1840.033     -30.2    313.4    19.0      9206.7  100.489781  41.294327      0
 1841.985     -30.2    313.1    18.7      9213.6  100.490089  41.294269      0
 1842.968     -30.2    312.8    18.3      9218.2  100.490417  41.294187      0
 1843.935     -30.3    312.7    18.3      9218.2  100.490417  41.294187      0
 1844.886     -30.4    312.2    18.1      9224.2  100.490724  41.294078      0
 1845.854     -30.5    311.9    17.9      9231.7  100.491004  41.293955      0
 1846.836     -30.6    311.8    17.8      9238.4  100.491264  41.293832      0
 1847.788     -30.6    311.6    17.7      9242.1  100.491509  41.293719      0
 1848.755     -30.6    311.4    17.5      9247.3  100.491769  41.293610      0
 1849.722     -30.6    311.1    17.6      9253.4  100.492035  41.293491      0
 1850.705     -30.6    310.9    17.3      9258.9  100.492322  41.293371      0
 1851.657     -30.6    310.7    17.3      9263.6  100.492636  41.293258      0
 1852.624     -30.7    310.4    17.1      9270.5  100.492964  41.293166      0
 1853.591     -30.7    310.2    17.2      9276.7  100.493278  41.293094      0
 1854.558     -30.9    309.9    17.1      9284.1  100.493552  41.293043      0
 1855.526     -30.9    309.5    17.0      9289.8  100.493811  41.293002      0
 1856.493     -30.9    309.3    16.9      9295.2  100.494071  41.292948      0
 1857.460     -30.8    309.1    17.0      9298.6  100.494351  41.292869      0
 1858.427     -30.8    308.9    16.8      9303.9  100.494658  41.292753      0
 1859.394     -31.0    308.7    17.1      9306.4  100.494986  41.292627      0
 1860.362     -31.1    308.5    16.9      9312.9  100.495314  41.292497      0
 1861.329     -31.1    308.2    16.7      9319.6  100.495628  41.292401      0
 1862.296     -31.0    308.0    16.8      9323.9  100.495908  41.292319      0
 1863.248     -31.0    307.9    16.8      9327.1  100.496147  41.292251      0
 1864.230     -31.0    307.7    16.6      9331.4  100.496359  41.292176      0
 1865.198     -31.0    307.5    16.9      9335.5  100.496584  41.292090      0
 1866.149     -31.0    307.3    16.7      9341.4  100.496837  41.291995      0
 1867.132     -31.0    307.2    16.7      9344.1  100.497117  41.291899      0
 1868.146     -31.2    306.8    16.7      9349.8  100.497411  41.291803      0
 1869.018     -31.4    306.4    16.8      9360.8  100.497971  41.291633      0
 1870.001     -31.6    306.1    16.8      9367.0  100.498244  41.291547      0
 1871.968     -31.6    305.9    16.8      9373.3  100.498504  41.291459      0
 1872.920     -31.6    305.6    16.8      9373.3  100.498504  41.291459      0
 1873.887     -31.7    305.4    16.8      9378.9  100.498770  41.291377      0
 1874.870     -31.8    305.1    16.7      9384.9  100.499036  41.291308      0
 1875.821     -31.8    304.9    16.8      9390.9  100.499296  41.291254      0
 1876.789     -32.0    304.7    16.7      9396.1  100.499535  41.291202      0
 1877.756     -32.0    304.4    17.0      9401.0  100.499754  41.291134      0
 1878.723     -31.8    304.2    16.9      9405.6  100.499965  41.291052      0
 1879.690     -31.7    304.0    16.8      9409.8  100.500177  41.290957      0
 1880.657     -31.8    303.6    17.0      9418.1  100.500396  41.290854      0
 1881.625     -31.9    303.3    17.1      9426.4  100.500641  41.290769      0
 1882.592     -32.1    303.1    17.2      9429.7  100.500915  41.290711      0
 1883.559     -32.6    302.7    17.2      9434.0  100.501202  41.290642      0
 1884.526     -32.5    302.5    17.0      9440.9  100.501488  41.290591      0
 1885.493     -32.2    302.3    17.1      9448.5  100.501748  41.290550      0
 1886.461     -32.1    302.1    17.1      9453.8  100.501994  41.290502      0
 1887.412     -32.1    302.0    17.3      9459.2  100.502199  41.290441      0
 1888.395     -32.1    301.6    17.4      9463.5  100.502404  41.290359      0
 1889.362     -32.2    301.5    17.3      9466.7  100.502615  41.290253      0
 1890.314     -32.2    301.2    17.4      9473.7  100.502861  41.290127      0
 1891.297     -31.8    301.1    17.5      9492.7  100.503169  41.289963      0
 1892.264     -32.2    300.9    17.3      9497.4  100.503490  41.289843      0
 1893.215     -32.4    300.5    17.7      9493.4  100.503770  41.289785      0
 1894.183     -32.3    300.4    17.7      9498.4  100.504063  41.289710      0
 1895.165     -32.2    300.1    17.6      9505.4  100.504350  41.289628      0
 1897.147     -32.4    299.7    17.8      9518.2  100.504903  41.289481      0
 1898.034     -32.5    299.2    17.8      9527.5  100.505429  41.289242      0
 1899.986     -32.9    299.0    18.0      9530.2  100.505675  41.289095      0
 1900.953     -33.1    298.9    18.1      9534.8  100.505928  41.288952      0
 1901.920     -33.2    298.6    17.9      9534.8  100.505928  41.288952      0
 1902.887     -33.1    298.5    18.4      9538.9  100.506188  41.288826      0
 1903.855     -32.8    298.4    18.6      9542.4  100.506454  41.288720      0
 1904.822     -32.9    298.2    18.5      9548.1  100.506713  41.288627      0
 1905.789     -33.0    298.1    18.5      9552.6  100.506953  41.288535      0
 1906.756     -33.1    297.8    18.7      9557.5  100.507198  41.288453      0
 1907.723     -33.1    297.5    18.6      9563.1  100.507437  41.288378      0
 1908.691     -33.1    297.4    18.6      9567.8  100.507683  41.288310      0
 1909.658     -33.2    297.1    18.6      9576.4  100.507950  41.288221      0
 1910.625     -33.2    296.9    18.6      9577.9  100.508237  41.288112      0
 1911.592     -33.4    296.7    19.0      9585.8  100.508523  41.288013      0
 1912.559     -33.4    296.3    18.9      9590.8  100.508804  41.287907      0
 1913.527     -33.6    296.0    19.0      9596.7  100.509070  41.287811      0
 1914.494     -33.6    295.9    18.8      9597.5  100.509343  41.287722      0
 1915.445     -33.6    295.7    19.0      9607.3  100.509630  41.287640      0
 1916.413     -33.8    295.4    19.0      9614.3  100.509937  41.287559      0
 1917.395     -33.8    295.2    18.9      9618.0  100.510238  41.287470      0
 1918.378     -33.7    294.9    19.1      9620.7  100.510525  41.287395      0
 1919.314     -33.7    294.8    19.4      9626.5  100.510764  41.287319      0
 1920.281     -33.7    294.6    18.9      9629.7  100.510976  41.287251      0
 1921.264     -33.8    294.4    19.1      9633.4  100.511167  41.287176      0
 1922.216     -33.8    294.3    19.3      9640.5  100.511365  41.287070      0
 1923.183     -33.8    294.1    19.3      9645.5  100.511597  41.286957      0
 1924.150     -33.8    293.7    18.9      9650.9  100.511870  41.286841      0
 1925.133     -33.8    293.7    19.3      9654.6  100.512171  41.286739      0
 1926.052     -33.9    293.2    19.2      9664.3  100.512772  41.286558      0
 1927.019     -33.9    293.1    19.3      9668.7  100.513045  41.286466      0
 1928.986     -34.0    292.9    19.3      9673.7  100.513305  41.286367      0
 1929.953     -34.0    292.6    19.4      9678.9  100.513564  41.286268      0
 1930.921     -34.1    292.4    19.5      9678.9  100.513564  41.286268      0
 1931.888     -34.1    292.3    19.4      9683.3  100.513837  41.286169      0
 1932.855     -34.1    292.1    19.6      9687.2  100.514124  41.286070      0
 1933.822     -34.1    292.0    19.5      9691.2  100.514418  41.285970      0
 1934.821     -34.2    291.8    19.7      9695.9  100.514725  41.285861      0
 1935.757     -34.2    291.7    19.8      9700.3  100.515012  41.285738      0
 1936.724     -34.2    291.4    19.8      9704.4  100.515285  41.285619      0
 1937.691     -34.2    291.1    19.9      9710.8  100.515518  41.285520      0
 1938.658     -34.3    290.9    20.0      9715.9  100.515750  41.285455      0
 1939.625     -34.3    290.8    19.7      9720.5  100.515982  41.285387      0
 1940.593     -34.4    290.5    19.9      9726.2  100.516248  41.285294      0
 1941.560     -34.4    290.3    19.6      9731.1  100.516528  41.285199      0
 1942.511     -34.5    290.1    20.2      9736.1  100.516822  41.285103      0
 1943.494     -34.7    289.8    20.0      9741.7  100.517143  41.285007      0
 1944.461     -34.8    289.6    20.0      9747.5  100.517451  41.284925      0
 1945.475     -34.7    289.4    20.1      9753.1  100.517724  41.284854      0
 1946.380     -34.8    289.3    20.2      9758.5  100.517949  41.284789      0
 1947.363     -34.8    289.1    20.0      9761.3  100.518161  41.284717      0
 1948.330     -34.7    289.0    20.4      9763.6  100.518345  41.284642      0
 1949.282     -34.8    288.8    20.3      9770.3  100.518530  41.284563      0
 1950.249     -34.8    288.6    20.1      9775.6  100.518741  41.284475      0
 1951.232     -34.9    288.3    20.6      9784.2  100.518980  41.284389      0
 1952.183     -35.1    288.1    20.5      9792.6  100.519261  41.284287      0
 1953.151     -35.1    287.8    20.5      9798.2  100.519554  41.284174      0
 1954.101     -35.2    287.3    20.7      9814.6  100.520101  41.283976      0
 1955.052     -35.4    287.0    20.6      9822.2  100.520326  41.283891      0
 1956.019     -35.5    286.6    20.9      9823.6  100.520551  41.283846      0
 1957.987     -35.6    286.5    20.8      9828.0  100.520763  41.283795      0
 1958.954     -35.8    286.2    20.9      9841.3  100.521009  41.283740      0
 1959.921     -35.6    285.9    20.9      9841.3  100.521009  41.283740      0
 1960.888     -35.5    285.6    21.1      9847.3  100.521269  41.283717      0
 1961.855     -35.3    285.5    21.1      9847.1  100.521528  41.283696      0
 1962.823     -35.2    285.3    21.3      9853.2  100.521788  41.283611      0
 1963.790     -35.3    285.0    21.1      9857.6  100.522034  41.283498      0
 1964.757     -35.5    284.8    21.0      9863.6  100.522259  41.283365      0
 1965.724     -35.6    284.6    21.3      9881.0  100.522525  41.283218      0
 1966.691     -35.5    284.4    21.4      9884.8  100.522778  41.283136      0
 1967.659     -35.6    284.3    21.7      9883.6  100.523038  41.283081      0
 1968.626     -35.9    284.1    21.6      9886.9  100.523311  41.283034      0
 1969.593     -36.1    283.9    21.7      9890.4  100.523570  41.282979      0
 1970.560     -35.9    283.7    21.6      9895.5  100.523823  41.282907      0
 1971.527     -35.6    283.6    21.8      9899.6  100.524069  41.282812      0
 1972.495     -35.6    283.4    21.9      9902.1  100.524329  41.282699      0
 1973.446     -35.7    283.1    22.1      9907.8  100.524602  41.282579      0
 1974.413     -36.0    282.9    22.3      9907.5  100.524868  41.282494      0
 1975.396     -36.0    282.8    22.5      9913.7  100.525134  41.282409      0
 1976.363     -36.2    282.6    22.5      9920.3  100.525380  41.282327      0
 1977.315     -36.2    282.4    22.4      9924.5  100.525606  41.282248      0
 1978.282     -36.3    282.1    23.0      9930.1  100.525831  41.282149      0
 1979.265     -36.3    281.9    23.1      9943.0  100.526063  41.282029      0
 1980.232     -36.4    281.7    23.0      9947.8  100.526323  41.281896      0
 1981.184     -36.5    281.5    23.2      9954.6  100.526582  41.281770      0
 1982.151     -36.5    281.2    23.4      9960.1  100.526849  41.281657      0
 1983.134     -36.5    281.1    23.1      9961.5  100.527102  41.281562      0
 1984.053     -36.6    280.6    23.8      9970.2  100.527600  41.281463      0
 1985.020     -36.7    280.5    23.6      9974.8  100.527873  41.281415      0
 1986.987     -36.7    280.3    23.6      9980.0  100.528147  41.281353      0
 1987.954     -36.7    280.1    23.9      9984.5  100.528406  41.281261      0
 1988.922     -36.7    280.0    24.1      9984.5  100.528406  41.281261      0
 1989.889     -36.6    279.8    24.1      9987.6  100.528652  41.281162      0
 1990.856     -36.7    279.5    24.0      9991.7  100.528891  41.281056      0
 1991.823     -36.9    279.3    24.0      9997.6  100.529144  41.280961      0
 1992.790     -37.0    279.1    24.1     10003.3  100.529403  41.280875      0
 1993.758     -37.1    278.9    24.3     10007.4  100.529690  41.280803      0
 1994.725     -37.1    278.8    24.5     10012.1  100.529963  41.280739      0
 1995.692     -37.1    278.5    24.5     10017.2  100.530216  41.280667      0
 1996.659     -37.2    278.3    24.6     10023.8  100.530442  41.280571      0
 1997.626     -37.1    278.0    24.7     10029.2  100.530667  41.280459      0
 1998.594     -37.2    277.8    24.8     10033.6  100.530913  41.280356      0
 1999.561     -37.2    277.7    24.7     10038.6  100.531152  41.280267      0
 2000.528     -37.3    277.4    24.9     10043.0  100.531418  41.280199      0
 2001.495     -37.4    277.3    25.0     10047.2  100.531712  41.280138      0
 2002.462     -37.5    277.2    24.8     10050.8  100.532019  41.280079      0
 2003.430     -37.5    276.9    25.0     10056.9  100.532313  41.279997      0
 2004.381     -37.5    276.6    24.9     10063.7  100.532573  41.279902      0
 2005.348     -37.5    276.5    25.0     10067.4  100.532818  41.279793      0
 2006.331     -37.6    276.2    24.9     10075.9  100.533037  41.279687      0
 2007.298     -37.6    276.0    24.9     10083.0  100.533269  41.279581      0
 2008.250     -37.7    275.8    25.1     10088.7  100.533501  41.279495      0
 2009.217     -37.7    275.5    24.7     10093.5  100.533734  41.279441      0
 2010.200     -37.9    275.4    24.9     10099.5  100.533952  41.279420      0
 2011.152     -38.0    275.2    24.8     10101.5  100.534191  41.279362      0
 2012.086     -38.0    274.7    24.6     10114.0  100.534683  41.279205      0
 2013.100     -37.9    274.6    24.8     10115.8  100.534915  41.279116      0
 2014.020     -37.9    274.4    24.8     10119.7  100.535154  41.278990      0
 2015.988     -37.9    274.3    24.7     10126.0  100.535387  41.278877      0
 2016.955     -37.9    274.2    24.7     10129.7  100.535612  41.278775      0
 2017.922     -37.9    274.0    24.4     10129.7  100.535612  41.278775      0
 2018.889     -38.1    273.7    24.6     10136.2  100.535837  41.278686      0
 2019.856     -38.2    273.4    24.8     10141.7  100.536070  41.278590      0
 2020.824     -38.3    273.3    24.9     10147.0  100.536309  41.278509      0
 2021.791     -38.4    273.0    25.0     10152.1  100.536541  41.278440      0
 2022.758     -38.4    272.8    25.0     10156.5  100.536780  41.278375      0
 2023.725     -38.4    272.6    25.1     10162.6  100.537033  41.278307      0
 2024.692     -38.4    272.4    25.1     10168.2  100.537306  41.278228      0
 2025.660     -38.4    272.1    25.4     10171.1  100.537572  41.278153      0
 2026.627     -38.5    272.0    25.5     10176.7  100.537825  41.278075      0
 2027.594     -38.5    271.8    25.5     10182.1  100.538050  41.278003      0
 2028.561     -38.5    271.6    25.6     10186.7  100.538262  41.277938      0
 2029.528     -38.6    271.4    25.5     10191.8  100.538488  41.277880      0
 2030.496     -38.6    271.1    25.4     10199.1  100.538747  41.277808      0
 2031.463     -38.8    270.9    25.6     10205.7  100.539020  41.277733      0
 2032.414     -38.8    270.8    25.6     10209.8  100.539307  41.277641      0
 2033.397     -38.8    270.5    25.4     10214.4  100.539574  41.277556      0
 2034.364     -38.8    270.4    25.4     10225.4  100.539806  41.277467      0
 2035.332     -38.7    270.2    25.4     10223.2  100.540052  41.277395      0
 2036.283     -38.8    270.0    25.4     10229.8  100.540243  41.277310      0
 2037.266     -38.7    269.8    25.6     10233.6  100.540448  41.277218      0
 2038.233     -38.8    269.7    25.7     10239.7  100.540673  41.277115      0
 2039.232     -38.8    269.5    25.6     10245.6  100.540926  41.277006      0
 2040.152     -38.8    269.2    25.4     10248.9  100.541206  41.276910      0
 2041.135     -38.9    269.1    25.4     10254.3  100.541493  41.276842      0
 2042.054     -39.1    268.7    25.2     10267.5  100.541998  41.276750      0
 2043.036     -39.1    268.5    25.0     10271.4  100.542237  41.276685      0
 2044.004     -39.1    268.4    25.4     10276.9  100.542476  41.276606      0
 2045.955     -39.2    268.0    25.0     10283.1  100.542743  41.276514      0
 2046.922     -39.4    267.8    25.0     10283.1  100.542743  41.276514      0
 2047.905     -39.3    267.6    25.1     10289.7  100.543002  41.276418      0
 2048.857     -39.3    267.4    25.1     10294.5  100.543275  41.276343      0
 2049.824     -39.3    267.2    25.1     10300.4  100.543549  41.276261      0
 2050.791     -39.4    267.0    25.0     10305.6  100.543836  41.276166      0
 2051.758     -39.4    266.8    25.0     10315.6  100.544102  41.276070      0
 2052.726     -39.4    266.6    25.1     10321.6  100.544355  41.275985      0
 2053.693     -39.5    266.4    25.0     10326.1  100.544594  41.275920      0
 2054.660     -39.5    266.3    25.0     10328.1  100.544812  41.275872      0
 2055.627     -39.4    266.1    25.1     10332.3  100.545031  41.275814      0
 2056.594     -39.5    265.8    25.1     10340.1  100.545263  41.275735      0
 2057.562     -39.6    265.7    24.9     10343.8  100.545516  41.275650      0
 2058.529     -39.5    265.6    25.2     10347.6  100.545775  41.275554      0
 2059.496     -39.5    265.3    25.0     10352.1  100.546055  41.275483      0
 2060.463     -39.6    265.1    25.1     10357.2  100.546329  41.275432      0
 2061.430     -39.7    265.0    25.3     10363.0  100.546588  41.275394      0
 2062.398     -39.8    264.8    25.2     10367.1  100.546834  41.275356      0
 2063.365     -39.8    264.5    25.1     10373.2  100.547073  41.275291      0
 2064.332     -39.8    264.3    24.8     10379.8  100.547319  41.275210      0
 2065.299     -39.9    264.0    25.3     10386.4  100.547572  41.275107      0
 2066.266     -40.1    263.8    25.5     10396.5  100.547852  41.275015      0
 2067.234     -40.2    263.5    25.1     10406.0  100.548132  41.274950      0
 2068.201     -40.5    263.2    25.2     10408.3  100.548419  41.274865      0
 2069.152     -40.4    263.0    25.4     10410.7  100.548664  41.274800      0
 2070.135     -40.3    262.8    25.3     10417.9  100.548863  41.274721      0
 2071.054     -40.3    262.5    25.6     10425.1  100.549231  41.274537      0
 2072.021     -40.2    262.3    25.3     10431.3  100.549423  41.274451      0
 2073.004     -40.2    261.9    25.5     10442.0  100.549655  41.274373      0
 2074.971     -40.3    261.7    25.3     10452.7  100.549901  41.274308      0
 2075.923     -39.8    261.5    25.3     10452.7  100.549901  41.274308      0
 2076.890     -40.0    261.4    25.5     10455.3  100.550174  41.274274      0
 2077.873     -40.1    261.1    25.5     10454.5  100.550488  41.274253      0
 2078.824     -40.1    261.0    25.5     10464.9  100.550843  41.274175      0
 2079.792     -40.1    260.8    25.7     10467.4  100.551185  41.274096      0
 2080.759     -40.2    260.7    25.5     10472.7  100.551506  41.274004      0
 2081.742     -40.3    260.4    25.7     10477.4  100.551813  41.273912      0
 2082.693     -40.3    260.2    25.7     10480.8  100.552100  41.273826      0
 2083.660     -40.1    260.0    25.8     10483.8  100.552387  41.273758      0
 2084.628     -40.0    259.8    25.9     10488.3  100.552687  41.273690      0
 2085.595     -40.0    259.5    26.1     10497.7  100.552988  41.273639      0
 2086.562     -40.2    259.2    26.1     10504.0  100.553309  41.273591      0
 2087.529     -40.8    259.1    26.0     10510.0  100.553623  41.273550      0
 2088.496     -41.1    258.9    26.1     10513.2  100.553931  41.273516      0
 2089.464     -41.3    258.6    26.2     10518.4  100.554183  41.273499      0
 2090.431     -41.5    258.3    26.0     10524.1  100.554416  41.273488      0
 2091.398     -41.7    258.3    26.1     10526.8  100.554641  41.273464      0
 2092.365     -41.8    258.0    26.1     10534.1  100.554839  41.273420      0
 2093.332     -41.9    257.8    26.4     10538.2  100.555044  41.273355      0
 2094.300     -42.0    257.5    26.5     10544.0  100.555256  41.273273      0
 2095.298     -41.9    257.4    26.6     10548.6  100.555488  41.273198      0
 2096.234     -41.8    257.0    26.6     10552.8  100.555727  41.273137      0
 2097.201     -41.6    256.9    26.7     10557.7  100.555986  41.273106      0
 2098.168     -41.5    256.6    26.7     10563.3  100.556266  41.273099      0
 2099.136     -41.9    256.4    26.9     10569.4  100.556560  41.273099      0
 2100.070     -42.0    255.9    26.9     10582.0  100.557223  41.273075      0
 2101.037     -42.0    255.7    27.1     10587.7  100.557578  41.273031      0
 2102.005     -42.1    255.4    27.1     10594.8  100.557933  41.272949      0
 2103.972     -42.1    255.2    27.1     10600.4  100.558281  41.272843      0
 2104.939     -42.2    255.0    27.3     10606.5  100.558609  41.272740      0
 2105.906     -42.3    254.8    27.5     10606.5  100.558609  41.272740      0
 2106.873     -42.2    254.7    27.5     10610.7  100.558937  41.272652      0
 2107.841     -42.0    254.4    27.4     10618.0  100.559272  41.272600      0
 2108.808     -42.1    254.0    27.5     10623.8  100.559613  41.272566      0
 2109.759     -42.4    253.7    27.6     10630.9  100.559948  41.272566      0
 2110.742     -42.3    253.6    27.5     10644.0  100.560248  41.272559      0
 2111.709     -41.9    253.3    27.6     10650.0  100.560515  41.272505      0
 2112.677     -41.9    253.1    27.6     10653.1  100.560774  41.272436      0
 2113.628     -42.1    252.9    27.6     10659.9  100.560959  41.272358      0
 2114.611     -42.3    252.6    27.5     10667.6  100.561157  41.272290      0
 2115.578     -42.5    252.4    27.5     10671.9  100.561389  41.272245      0
 2116.530     -42.7    252.0    27.5     10676.1  100.561662  41.272242      0
 2117.497     -42.5    251.9    27.6     10682.9  100.561990  41.272266      0
 2118.480     -42.5    251.6    27.6     10690.7  100.562359  41.272290      0
 2119.447     -42.2    251.3    27.5     10696.7  100.562762  41.272283      0
 2120.399     -42.3    251.2    27.4     10702.3  100.563185  41.272225      0
 2121.381     -42.4    250.9    27.3     10709.1  100.563582  41.272115      0
 2122.349     -42.5    250.7    27.3     10717.5  100.563930  41.271986      0
 2123.300     -42.6    250.4    27.0     10726.0  100.564203  41.271880      0
 2124.267     -42.7    250.0    27.2     10734.6  100.564463  41.271825      0
 2125.250     -42.9    249.8    27.1     10741.8  100.564736  41.271825      0
 2126.202     -43.0    249.5    27.0     10748.4  100.565091  41.271859      0
 2127.169     -42.7    249.3    26.8     10755.1  100.565501  41.271883      0
 2128.136     -42.3    249.2    26.8     10759.8  100.565945  41.271870      0
 2129.071     -42.1    248.6    26.4     10771.9  100.566799  41.271671      0
 2130.038     -42.2    248.4    26.3     10780.3  100.567161  41.271538      0
 2131.005     -42.2    248.1    26.1     10789.6  100.567502  41.271436      0
 2132.972     -42.1    248.0    26.0     10796.2  100.567850  41.271371      0
 2133.939     -41.8    247.7    25.7     10801.8  100.568247  41.271330      0
 2134.907     -41.8    247.4    25.5     10801.8  100.568247  41.271330      0
 2135.889     -41.6    247.4    25.5     10807.4  100.568691  41.271296      0
 2136.841     -41.2    247.3    25.0     10806.4  100.569148  41.271279      0
 2137.808     -41.0    247.0    25.0     10813.1  100.569613  41.271262      0
 2138.775     -40.8    246.9    24.9     10819.4  100.570029  41.271251      0
 2139.743     -40.5    246.8    24.5     10821.5  100.570425  41.271241      0
 2140.710     -40.4    246.6    24.2     10824.6  100.570774  41.271228      0
 2141.677     -40.3    246.4    24.0     10828.6  100.571102  41.271193      0
 2142.644     -40.5    246.2    23.8     10836.1  100.571423  41.271139      0
 2143.611     -40.6    246.1    23.5     10840.8  100.571771  41.271067      0
 2144.579     -40.5    246.0    23.3     10846.8  100.572140  41.270992      0
 2145.546     -40.2    245.8    23.0     10838.5  100.572522  41.270982      0
 2146.513     -40.0    245.6    22.7     10850.4  100.572932  41.270903      0
 2147.480     -39.8    245.5    22.4     10867.8  100.573376  41.270831      0
 2148.447     -39.8    245.3    22.4     10862.0  100.573765  41.270866      0
 2149.415     -40.0    245.2    22.2     10872.1  100.574196  41.270831      0
 2150.382     -40.0    244.9    22.1     10874.3  100.574599  41.270790      0
 2151.349     -40.0    244.8    21.6     10877.9  100.574981  41.270736      0
 2152.316     -40.0    244.6    21.5     10884.3  100.575336  41.270678      0
 2153.283     -40.5    244.4    21.2     10889.5  100.575678  41.270630      0
 2154.251     -40.6    244.2    20.9     10897.0  100.576033  41.270592      0
 2155.218     -40.5    244.1    20.8     10901.2  100.576409  41.270562      0
 2156.185     -40.4    244.1    20.8     10904.8  100.576819  41.270531      0
 2157.152     -40.2    243.8    20.3     10910.5  100.577235  41.270490      0
 2158.087     -39.8    243.5    19.8     10918.0  100.578041  41.270377      0
 2159.054     -39.7    243.3    19.8     10922.7  100.578417  41.270336      0
 2160.021     -39.7    243.1    19.6     10921.7  100.578806  41.270305      0
 2161.988     -39.9    243.1    19.5     10933.8  100.579127  41.270278      0
 2162.955     -40.2    242.9    19.3     10936.1  100.579469  41.270258      0
 2163.923     -40.4    242.7    18.9     10936.1  100.579469  41.270258      0
 2164.890     -40.1    242.6    18.7     10939.2  100.579817  41.270227      0
 2165.857     -39.9    242.4    18.5     10943.7  100.580152  41.270182      0
 2166.824     -39.9    242.3    18.6     10947.4  100.580520  41.270135      0
 2167.776     -40.3    242.0    18.2     10958.1  100.580930  41.270066      0
 2168.759     -40.3    241.8    18.0     10967.3  100.581347  41.270005      0
 2169.726     -40.3    241.6    17.8     10997.7  100.581777  41.269892      0
 2170.693     -40.2    241.6    17.6     10978.8  100.582126  41.269885      0
 2171.645     -40.3    241.4    17.5     10975.8  100.582481  41.269848      0
 2172.627     -40.3    241.2    17.3     10983.8  100.582836  41.269793      0
 2173.595     -40.2    241.0    17.2     10987.5  100.583191  41.269742      0
 2174.546     -40.3    240.8    16.8     10994.1  100.583553  41.269680      0
 2175.529     -40.4    240.7    16.8     10998.2  100.583908  41.269612      0
 2176.496     -40.4    240.4    16.6     11002.8  100.584257  41.269544      0
 2177.463     -40.4    240.3    16.3     11008.4  100.584612  41.269489      0
 2178.415     -40.4    240.2    16.2     11012.6  100.584987  41.269441      0
 2179.398     -40.4    240.0    16.0     11017.6  100.585377  41.269397      0
 2180.365     -40.5    239.7    15.6     11025.0  100.585752  41.269342      0
 2181.317     -40.5    239.6    15.7     11028.7  100.586128  41.269277      0
 2182.299     -40.5    239.4    15.5     11034.0  100.586511  41.269192      0
 2183.267     -40.5    239.2    15.3     11038.2  100.586900  41.269096      0
 2184.234     -40.5    239.1    15.1     11044.7  100.587289  41.269015      0
 2185.185     -40.4    239.0    14.9     11050.6  100.587651  41.268939      0
 2186.153     -40.3    238.8    14.9     11054.4  100.588000  41.268875      0
 2187.135     -40.3    238.6    14.6     11060.1  100.588362  41.268813      0
 2188.054     -40.3    238.2    14.4     11070.3  100.589120  41.268690      0
 2189.037     -40.3    238.1    14.2     11077.7  100.589495  41.268615      0
 2190.004     -40.3    237.8    14.3     11084.4  100.589864  41.268530      0
 2191.956     -40.2    237.6    13.9     11088.7  100.590226  41.268434      0
 2192.939     -40.2    237.4    13.6     11094.3  100.590609  41.268338      0
 2193.890     -40.1    237.2    13.6     11094.3  100.590609  41.268338      0
 2194.857     -40.1    237.2    13.2     11098.1  100.591005  41.268253      0
 2195.840     -40.1    236.9    13.1     11102.4  100.591401  41.268171      0
 2196.792     -40.2    236.8    12.9     11108.0  100.591783  41.268099      0
 2197.759     -40.1    236.6    12.8     11114.2  100.592132  41.268034      0
 2198.742     -40.2    236.4    12.8     11119.5  100.592487  41.267983      0
 2199.693     -40.2    236.3    12.5     11122.5  100.592869  41.267942      0
 2200.661     -40.2    236.2    12.6     11126.1  100.593252  41.267898      0
 2201.628     -40.2    235.9    12.2     11132.1  100.593621  41.267836      0
 2202.611     -40.3    235.8    12.0     11138.2  100.593996  41.267751      0
 2203.562     -40.3    235.6    11.8     11143.9  100.594372  41.267648      0
 2204.529     -40.3    235.4    11.9     11148.6  100.594748  41.267563      0
 2205.497     -40.4    235.3    11.7     11152.6  100.595137  41.267481      0
 2206.479     -40.4    235.2    11.6     11159.5  100.595533  41.267399      0
 2207.431     -40.5    234.9    11.5     11164.2  100.595943  41.267317      0
 2208.398     -40.5    234.8    11.5     11167.7  100.596367  41.267232      0
 2209.365     -40.5    234.5    11.0     11173.6  100.596783  41.267140      0
 2210.333     -40.5    234.4    10.9     11181.2  100.597213  41.267061      0
 2211.300     -40.5    234.1    10.9     11184.4  100.597637  41.266976      0
 2212.267     -40.5    234.0    10.8     11191.8  100.598026  41.266911      0
 2213.234     -40.5    233.9    10.6     11198.6  100.598388  41.266866      0
 2214.201     -40.5    233.6    10.6     11203.1  100.598750  41.266808      0
 2215.169     -40.6    233.5    10.3     11208.3  100.599146  41.266709      0
 2216.136     -40.5    233.4    10.1     11212.7  100.599543  41.266621      0
 2217.070     -40.6    233.0     9.9     11220.3  100.600355  41.266470      0
 2218.038     -40.6    232.8    10.0     11225.8  100.600752  41.266388      0
 2219.005     -40.6    232.6     9.8     11231.3  100.601141  41.266300      0
 2220.988     -40.6    232.6     9.6     11235.5  100.601537  41.266197      0
 2221.939     -40.5    232.3     9.5     11241.1  100.601940  41.266084      0
 2222.906     -40.5    232.1     9.3     11241.1  100.601940  41.266084      0
 2223.874     -40.7    231.9     9.3     11248.3  100.602363  41.265979      0
 2224.856     -40.7    231.9     9.3     11255.1  100.602828  41.265873      0
 2225.808     -40.7    231.6     9.3     11258.4  100.603292  41.265791      0
 2226.775     -40.7    231.4     9.2     11265.3  100.603736  41.265698      0
 2227.742     -40.6    231.4     9.0     11271.0  100.604167  41.265593      0
 2228.725     -40.6    231.1     8.9     11277.2  100.604563  41.265494      0
 2229.677     -40.6    230.9     8.7     11282.0  100.604973  41.265405      0
 2230.644     -40.6    230.8     8.9     11284.9  100.605376  41.265336      0
 2231.611     -40.7    230.5     8.6     11293.2  100.605779  41.265258      0
 2232.594     -40.7    230.3     8.6     11301.1  100.606188  41.265155      0
 2233.546     -40.6    230.1     8.6     11305.5  100.606605  41.265050      0
 2234.513     -40.7    229.9     8.3     11310.4  100.607015  41.264937      0
 2235.480     -40.7    229.8     8.2     11315.2  100.607438  41.264838      0
 2236.447     -40.7    229.7     7.9     11319.5  100.607869  41.264742      0
 2237.414     -40.8    229.5     8.1     11325.1  100.608319  41.264643      0
 2238.382     -40.8    229.3     8.3     11329.6  100.608791  41.264537      0
 2239.349     -40.8    229.2     8.1     11336.9  100.609255  41.264435      0
 2240.316     -40.8    228.9     7.8     11343.1  100.609713  41.264343      0
 2241.283     -40.7    228.8     7.8     11347.1  100.610157  41.264257      0
 2242.250     -40.7    228.5     7.5     11352.5  100.610601  41.264179      0
 2243.218     -40.9    228.4     7.7     11360.3  100.611051  41.264087      0
 2244.185     -40.9    228.1     7.5     11366.4  100.611509  41.263981      0
 2245.152     -40.9    227.9     7.5     11374.3  100.611953  41.263865      0
 2246.086     -40.8    227.4     7.5     11385.3  100.612766  41.263612      0
 2247.054     -40.8    227.4     7.4     11390.6  100.613162  41.263503      0
 2248.021     -40.7    227.1     7.2     11394.2  100.613585  41.263404      0
 2249.988     -40.7    226.9     7.3     11400.8  100.614064  41.263308      0
 2250.955     -40.8    226.9     7.0     11406.4  100.614548  41.263202      0
 2251.922     -40.8    226.6     7.3     11406.4  100.614548  41.263202      0
 2252.890     -40.9    226.3     7.1     11411.3  100.615047  41.263103      0
 2253.857     -41.0    226.1     7.1     11419.2  100.615553  41.263018      0
 2254.824     -41.0    225.9     7.0     11426.6  100.616058  41.262936      0
 2255.791     -40.9    225.9     7.0     11432.3  100.616557  41.262867      0
 2256.758     -41.1    225.6     7.0     11437.4  100.617062  41.262785      0
 2257.726     -40.9    225.3     6.8     11448.5  100.617588  41.262676      0
 2258.693     -40.5    225.2     6.8     11458.0  100.618114  41.262557      0
 2259.660     -40.3    225.1     6.7     11468.5  100.618640  41.262413      0
 2260.627     -40.2    224.9     6.8     11466.8  100.619138  41.262297      0
 2261.594     -40.1    224.8     6.7     11473.0  100.619603  41.262178      0
 2262.562     -40.1    224.6     6.6     11475.4  100.620060  41.262075      0
 2263.529     -40.3    224.4     6.5     11478.5  100.620532  41.261976      0
 2264.512     -40.5    224.3     6.6     11485.1  100.621017  41.261874      0
 2265.463     -40.5    224.0     6.5     11490.2  100.621529  41.261785      0
 2266.430     -40.1    223.9     6.3     11494.4  100.622055  41.261720      0
 2267.398     -40.1    223.8     6.4     11501.3  100.622567  41.261648      0
 2268.380     -40.2    223.6     6.4     11509.1  100.623073  41.261566      0
 2269.332     -40.5    223.3     6.2     11514.8  100.623558  41.261467      0
 2270.299     -40.5    223.2     6.3     11519.1  100.624029  41.261354      0
 2271.266     -40.5    222.9     6.3     11524.0  100.624500  41.261221      0
 2272.249     -40.1    222.9     6.1     11528.5  100.624985  41.261092      0
 2273.201     -40.0    222.7     6.0     11531.7  100.625484  41.260979      0
 2274.168     -39.9    222.5     6.0     11534.5  100.625982  41.260876      0
 2275.135     -40.0    222.4     6.0     11539.4  100.626474  41.260784      0
 2276.070     -40.0    222.1     5.8     11550.1  100.627417  41.260610      0
 2277.037     -40.1    221.9     5.7     11559.9  100.627895  41.260525      0
 2278.004     -40.1    221.7     5.6     11568.8  100.628400  41.260408      0
 2279.971     -40.2    221.6     5.4     11570.4  100.628899  41.260306      0
 2280.938     -40.3    221.3     5.3     11575.5  100.629390  41.260183      0
 2281.906     -40.2    221.2     5.3     11575.5  100.629390  41.260183      0
 2282.888     -40.4    221.1     5.2     11579.9  100.629875  41.260070      0
 2283.840     -40.4    220.9     5.3     11586.2  100.630374  41.259968      0
 2284.807     -40.3    220.8     5.3     11589.6  100.630873  41.259883      0
 2285.774     -40.5    220.6     5.1     11595.3  100.631364  41.259811      0
 2286.757     -40.6    220.5     5.1     11599.9  100.631843  41.259753      0
 2287.709     -40.5    220.3     5.1     11604.5  100.632307  41.259688      0
 2288.676     -40.5    220.0     5.0     11610.2  100.632765  41.259603      0
 2289.643     -40.4    219.9     4.9     11614.6  100.633229  41.259490      0
 2290.626     -40.5    219.7     5.0     11618.5  100.633728  41.259357      0
 2291.578     -40.4    219.6     4.9     11621.5  100.634254  41.259206      0
 2292.545     -40.4    219.5     4.9     11625.6  100.634780  41.259066      0
 2293.512     -40.4    219.3     4.9     11632.9  100.635292  41.258947      0
 2294.479     -40.3    219.2     4.7     11639.7  100.635770  41.258838      0
 2295.446     -40.3    219.0     4.7     11641.9  100.636248  41.258752      0
 2296.445     -40.4    218.6     4.4     11645.3  100.636747  41.258677      0
 2297.381     -40.3    218.5     4.6     11650.3  100.637238  41.258602      0
 2298.348     -40.3    218.4     4.5     11656.5  100.637730  41.258503      0
 2299.315     -40.3    218.2     4.4     11662.5  100.638208  41.258383      0
 2300.282     -40.4    218.1     4.4     11667.0  100.638686  41.258250      0
 2301.250     -40.4    217.9     4.3     11671.7  100.639144  41.258110      0
 2302.232     -40.3    217.8     4.4     11678.4  100.639602  41.257987      0
 2303.184     -40.3    217.5     4.1     11684.7  100.640093  41.257871      0
 2304.151     -40.4    217.4     4.0     11696.2  100.640599  41.257769      0
 2305.086     -40.4    217.1     4.1     11696.1  100.641692  41.257598      0
 2306.053     -40.4    217.0     4.0     11699.3  100.642224  41.257485      0
 2307.036     -40.4    216.8     3.8     11705.5  100.642730  41.257355      0
 2308.987     -40.4    216.6     3.8     11709.8  100.643208  41.257215      0
 2309.954     -40.3    216.4     3.6     11714.7  100.643666  41.257086      0
 2310.922     -40.3    216.3     3.7     11719.6  100.644137  41.256966      0
 2311.904     -40.2    216.1     3.8     11719.6  100.644137  41.256966      0
 2312.856     -40.2    215.9     3.6     11725.5  100.644622  41.256850      0
 2313.823     -40.3    215.7     3.6     11733.1  100.645120  41.256720      0
 2314.790     -40.2    215.6     3.5     11739.1  100.645633  41.256584      0
 2315.773     -40.2    215.4     3.6     11742.3  100.646152  41.256447      0
 2316.725     -40.3    215.3     3.3     11749.9  100.646698  41.256297      0
 2317.708     -40.5    215.2     3.2     11755.7  100.647258  41.256153      0
 2318.659     -40.5    214.8     3.3     11761.4  100.647818  41.256027      0
 2319.626     -40.4    214.7     3.1     11771.3  100.648358  41.255914      0
 2320.594     -40.6    214.6     3.3     11777.8  100.648877  41.255860      0
 2321.576     -40.5    214.3     3.2     11783.2  100.649382  41.255761      0
 2322.528     -40.6    214.1     3.2     11794.2  100.649874  41.255617      0
 2323.495     -40.5    213.9     3.1     11802.1  100.650386  41.255457      0
 2324.462     -40.6    213.7     2.9     11800.5  100.650892  41.255337      0
 2325.445     -40.6    213.5     2.9     11806.3  100.651391  41.255194      0
 2326.397     -40.5    213.3     2.8     11815.0  100.651896  41.255054      0
 2327.364     -40.7    213.1     2.8     11825.0  100.652422  41.254917      0
 2328.331     -40.7    212.8     3.0     11838.2  100.653009  41.254774      0
 2329.314     -40.4    212.7     2.9     11850.0  100.653617  41.254640      0
 2330.266     -40.2    212.5     2.6     11850.5  100.654225  41.254541      0
 2331.233     -40.4    212.4     2.5     11845.9  100.654833  41.254483      0
 2332.200     -40.2    212.2     2.6     11852.6  100.655434  41.254412      0
 2333.183     -40.2    212.0     2.6     11856.7  100.655987  41.254343      0
 2334.197     -40.4    211.9     2.5     11861.0  100.656520  41.254254      0
 2335.069     -40.4    211.6     2.5     11870.4  100.657545  41.254029      0
 2336.099     -40.4    211.6     2.5     11874.3  100.658098  41.253886      0
 2337.003     -40.3    211.3     2.4     11880.4  100.658658  41.253735      0
 2338.971     -40.3    211.2     2.2     11886.7  100.659238  41.253602      0
 2339.938     -40.0    211.1     2.6     11889.4  100.659805  41.253472      0
 2340.921     -39.9    210.8     2.3     11889.4  100.659805  41.253472      0
 2341.872     -40.3    210.7     2.2     11892.6  100.660379  41.253346      0
 2342.839     -40.6    210.5     2.5     11899.8  100.660939  41.253223      0
 2343.807     -40.7    210.4     2.3     11904.2  100.661513  41.253097      0
 2344.789     -40.8    210.2     2.1     11910.1  100.662080  41.252984      0
 2345.741     -41.0    210.2     2.3     11914.4  100.662640  41.252882      0
 2346.708     -41.3    209.9     2.2     11922.0  100.663200  41.252783      0
 2347.675     -41.0    209.9     2.0     11924.5  100.663774  41.252690      0
 2348.658     -41.1    209.7     2.0     11932.4  100.664354  41.252571      0
 2349.610     -41.1    209.5     2.1     11935.7  100.664935  41.252448      0
 2350.577     -41.0    209.3     2.0     11931.9  100.665515  41.252335      0
 2351.560     -41.0    209.3     2.1     11943.7  100.666041  41.252202      0
 2352.527     -41.0    209.0     2.2     11948.5  100.666574  41.252072      0
 2353.479     -41.0    208.9     2.0     11951.1  100.667120  41.251936      0
 2354.446     -40.9    208.8     1.6     11954.0  100.667674  41.251796      0
 2355.429     -40.9    208.7     1.7     11958.4  100.668227  41.251669      0
 2356.396     -41.0    208.5     1.7     11965.5  100.668787  41.251553      0
 2357.347     -40.9    208.3     1.7     11967.0  100.669340  41.251451      0
 2358.315     -41.0    208.2     1.8     11971.5  100.669887  41.251358      0
 2359.297     -41.0    208.0     1.8     11979.5  100.670426  41.251253      0
 2360.265     -41.0    208.0     1.8     11982.5  100.671000  41.251143      0
 2361.216     -41.0    207.8     1.6     11984.7  100.671594  41.251041      0
 2362.183     -41.1    207.6     1.6     11990.1  100.672209  41.250942      0
 2363.166     -41.1    207.6     1.6     11991.7  100.672824  41.250856      0
 2364.085     -41.1    207.3     1.5     12010.7  100.673985  41.250652      0
 2365.052     -41.0    207.2     1.5     12010.5  100.674545  41.250546      0
 2366.035     -41.0    206.9     1.5     12012.1  100.675098  41.250426      0
 2367.987     -41.0    206.9     1.4     12017.5  100.675658  41.250300      0
 2368.954     -41.0    206.7     1.3     12021.9  100.676218  41.250187      0
 2369.937     -41.1    206.6     1.3     12028.7  100.676785  41.250081      0
 2370.904     -41.1    206.3     1.4     12028.7  100.676785  41.250081      0
 2371.855     -41.1    206.3     1.4     12032.4  100.663364  41.249979      0
 2372.823     -41.1    206.2     1.2     12040.2  100.677905  41.249890      0
 2373.805     -41.1    206.0     1.2     12045.0  100.678472  41.249815      0
 2374.773     -41.1    205.8     1.3     12049.0  100.679053  41.249740      0
 2375.724     -41.1    205.6     1.3     12053.8  100.679633  41.249644      0
 2376.754     -41.1    205.6     1.3     12059.0  100.680207  41.249531      0
 2377.674     -41.1    205.3     1.1     12065.4  100.680788  41.249402      0
 2378.641     -41.2    205.3     1.1     12070.1  100.681382  41.249279      0
 2379.593     -41.1    205.1     1.1     12073.3  100.681969  41.249159      0
 2380.560     -41.2    205.1     1.0     12079.5  100.682536  41.249040      0
 2381.543     -41.1    204.9     1.0     12084.1  100.683089  41.248917      0
 2382.510     -41.1    204.8     1.1     12087.1  100.683643  41.248801      0
 2383.462     -41.1    204.6     1.2     12093.4  100.684196  41.248691      0
 2384.429     -41.2    204.6     1.0     12096.0  100.684770  41.248596      0
 2385.412     -41.1    204.4     1.0     12100.0  100.685357  41.248503      0
 2386.379     -41.2    204.2     1.0     12104.5  100.685951  41.248401      0
 2387.331     -41.2    204.2     1.0     12110.9  100.686546  41.248288      0
 2388.298     -41.3    204.0     1.0     12115.4  100.687133  41.248165      0
 2389.281     -41.3    203.9     1.0     12118.5  100.687727  41.248053      0
 2390.248     -41.4    203.7     1.0     12126.7  100.688280  41.247947      0
 2391.199     -41.5    203.6     1.0     12124.9  100.688861  41.247841      0
 2392.167     -41.5    203.4     1.0     12130.6  100.689401  41.247721      0
 2393.149     -41.4    203.3     1.0     12142.8  100.689940  41.247575      0
 2394.068     -41.5    203.0     1.0     12146.1  100.691081  41.247380      0
 2395.051     -41.5    202.9     1.0     12148.3  100.691668  41.247288      0
 2396.018     -41.5    202.7     1.0     12155.1  100.692262  41.247185      0
 2397.985     -41.5    202.7     1.0     12159.8  100.692870  41.247076      0
 2398.937     -41.5    202.5     1.0     12164.2  100.693458  41.246960      0
 2399.920     -41.5    202.4     1.0     12164.2  100.693458  41.246960      0
 2400.887     -41.6    202.2     1.0     12168.0  100.694031  41.246840      0
 2401.839     -41.6    202.1     1.0     12173.3  100.694564  41.246731      0
 2402.806     -41.6    202.0     1.0     12176.6  100.695090  41.246618      0
 2403.789     -41.5    201.7     1.0     12181.7  100.695623  41.246506      0
 2404.756     -41.6    201.7     1.0     12186.2  100.696156  41.246390      0
 2405.707     -41.6    201.5     1.0     12191.4  100.696702  41.246284      0
 2406.675     -41.6    201.4     1.0     12196.8  100.697262  41.246195      0
 2407.657     -41.7    201.2     1.0     12199.6  100.697836  41.246113      0
 2408.625     -41.8    201.1     1.0     12206.2  100.698423  41.246021      0
 2409.576     -41.6    201.0     1.0     12211.6  100.699004  41.245911      0
 2410.543     -41.7    200.9     1.0     12214.2  100.699584  41.245809      0
 2411.526     -41.8    200.6     1.0     12218.8  100.700138  41.245703      0
 2412.493     -41.8    200.5     1.0     12223.9  100.700684  41.245604      0
 2413.445     -41.8    200.3     1.0     12230.1  100.701217  41.245498      0
 2414.428     -41.9    200.2     1.0     12232.4  100.701763  41.245385      0
 2415.395     -41.7    200.2     1.0     12236.0  100.702303  41.245266      0
 2416.362     -41.8    200.0     1.0     12242.3  100.702842  41.245136      0
 2417.314     -41.9    200.0     1.0     12247.1  100.703382  41.245003      0
 2418.297     -41.8    199.7     1.0     12252.4  100.703922  41.244880      0
 2419.264     -41.9    199.6     1.0     12257.7  100.704488  41.244788      0
 2420.215     -41.9    199.6     1.0     12262.6  100.705062  41.244706      0
 2421.183     -42.0    199.3     1.0     12269.1  100.705650  41.244627      0
 2422.165     -42.0    199.1     1.0     12274.9  100.706230  41.244539      0
 2423.133     -42.1    198.9     1.0     12280.5  100.706797  41.244446      0
 2424.067     -42.2    198.6     1.0     12293.2  100.707910  41.244248      0
 2425.034     -42.1    198.4     1.0     12297.7  100.708457  41.244149      0
 2426.001     -42.3    198.4     1.0     12301.8  100.708983  41.244043      0
 2427.953     -42.2    198.2     1.0     12307.2  100.709495  41.243931      0
 2428.936     -42.3    198.0     1.0     12309.4  100.710035  41.243811      0
 2429.903     -42.2    197.8     1.0     12309.4  100.710035  41.243811      0
 2430.870     -42.5    197.7     1.0     12315.7  100.710588  41.243695      0
 2431.822     -42.3    197.7     1.0     12320.6  100.711162  41.243582      0
 2432.805     -42.5    197.5     1.0     12325.0  100.711742  41.243476      0
 2433.772     -42.4    197.4     1.0     12330.9  100.712302  41.243381      0
 2434.739     -42.4    197.3     1.0     12334.3  100.712849  41.243278      0
 2435.691     -42.4    197.1     1.0     12337.7  100.713368  41.243176      0
 2436.673     -42.4    197.0     1.0     12343.8  100.713866  41.243060      0
 2437.641     -42.5    196.9     1.0     12346.4  100.714385  41.242940      0
 2438.608     -42.4    196.7     1.0     12353.0  100.714918  41.242831      0
 2439.559     -42.6    196.5     1.0     12356.2  100.715512  41.242746      0
 2440.542     -42.6    196.5     1.0     12361.1  100.716086  41.242677      0
 2441.509     -42.7    196.4     1.0     12365.2  100.716653  41.242609      0
 2442.461     -42.7    196.2     1.0     12371.0  100.717227  41.242534      0
 2443.428     -42.7    196.0     1.0     12377.1  100.717787  41.242435      0
 2444.411     -42.6    196.0     1.0     12380.3  100.718340  41.242326      0
 2445.378     -42.7    195.8     1.0     12388.4  100.718886  41.242220      0
 2446.346     -42.9    195.7     1.0     12392.9  100.719447  41.242110      0
 2447.297     -42.8    195.5     1.0     12395.7  100.720000  41.242011      0
 2448.280     -42.9    195.3     1.0     12403.8  100.720546  41.241895      0
 2449.247     -42.9    195.1     1.0     12406.3  100.721113  41.241783      0
 2450.214     -42.9    195.0     1.0     12413.1  100.721673  41.241680      0
 2451.166     -43.0    194.9     1.0     12418.5  100.722261  41.241584      0
 2452.149     -43.4    194.8     1.0     12425.1  100.722841  41.241496      0
 2453.083     -43.1    194.5     1.0     12432.8  100.723989  41.241325      0
 2454.035     -43.2    194.3     1.0     12438.2  100.724535  41.241229      0
 2455.018     -43.2    194.2     1.0     12439.6  100.725095  41.241141      0
 2456.985     -43.3    193.9     1.0     12444.7  100.725662  41.241048      0
 2457.952     -43.3    193.9     1.0     12448.7  100.726249  41.240956      0
 2458.904     -43.2    193.8     1.0     12448.7  100.726249  41.240956      0
 2459.886     -43.0    193.7     1.0     12452.6  100.726823  41.240857      0
 2460.854     -42.8    193.6     1.0     12456.1  100.727404  41.240751      0
 2461.805     -42.9    193.3     1.0     12461.5  100.727977  41.240666      0
 2462.772     -42.8    193.2     1.0     12466.7  100.728558  41.240584      0
 2463.755     -42.6    193.0     1.0     12471.0  100.729132  41.240519      0
 2464.722     -42.7    192.9     1.0     12477.0  100.729705  41.240458      0
 2465.674     -43.0    192.8     1.0     12479.9  100.730272  41.240369      0
 2466.641     -43.0    192.8     1.0     12484.8  100.730826  41.240277      0
 2467.624     -43.0    192.6     1.0     12490.7  100.731372  41.240174      0
 2468.591     -43.1    192.4     1.0     12495.6  100.731932  41.240078      0
 2469.543     -43.0    192.3     1.0     12501.0  100.732499  41.239996      0
 2470.510     -43.1    192.1     1.0     12504.6  100.733073  41.239915      0
 2471.493     -43.4    192.0     1.0     12510.7  100.733660  41.239826      0
 2472.460     -43.4    191.9     1.0     12513.7  100.734254  41.239737      0
 2473.412     -43.1    191.7     1.0     12522.6  100.734862  41.239624      0
 2474.394     -43.5    191.6     1.0     12526.4  100.735463  41.239549      0
 2475.362     -43.9    191.5     1.0     12529.7  100.736058  41.239484      0
 2476.376     -43.7    191.3     1.0     12532.5  100.736631  41.239419      0
 2477.280     -43.2    191.3     1.0     12537.9  100.737198  41.239337      0
 2478.263     -43.3    191.1     1.0     12540.1  100.737758  41.239238      0
 2479.230     -43.5    190.9     1.0     12544.4  100.738298  41.239143      0
 2480.198     -43.4    190.8     1.0     12551.2  100.738837  41.239044      0
 2481.149     -43.7    190.6     1.0     12558.6  100.739398  41.238941      0
 2482.132     -43.9    190.6     1.0     12562.4  100.739978  41.238852      0
 2483.066     -44.3    190.2     1.0     12553.4  100.741146  41.238743      0
 2484.018     -43.8    190.0     1.0     12572.3  100.741768  41.238617      0
 2485.001     -44.0    189.9     1.0     12576.5  100.742362  41.238548      0
 2486.968     -44.2    189.8     1.0     12584.1  100.742936  41.238470      0
 2487.935     -43.9    189.6     1.0     12590.8  100.743509  41.238381      0
 2488.902     -43.8    189.4     1.0     12590.8  100.743509  41.238381      0
 2489.870     -43.9    189.4     1.0     12594.6  100.744069  41.238292      0
 2490.837     -44.1    189.2     1.0     12599.4  100.744636  41.238207      0
 2491.788     -44.2    189.1     1.0     12605.1  100.745203  41.238125      0
 2492.771     -44.0    189.0     1.0     12610.8  100.745763  41.238040      0
 2493.738     -44.2    188.9     1.0     12616.2  100.746337  41.237941      0
 2494.706     -44.5    188.6     1.0     12619.8  100.746904  41.237831      0
 2495.657     -44.3    188.5     1.0     12626.1  100.747498  41.237739      0
 2496.640     -44.2    188.4     1.0     12630.3  100.748092  41.237654      0
 2497.607     -44.4    188.2     1.0     12637.1  100.748680  41.237579      0
 2498.574     -44.3    188.1     1.0     12642.5  100.749267  41.237503      0
 2499.542     -44.4    187.9     1.0     12648.4  100.749827  41.237418      0
 2500.509     -44.3    187.8     1.0     12656.1  100.750387  41.237346      0
 2501.476     -44.4    187.6     1.0     12658.0  100.750968  41.237271      0
 2502.443     -44.5    187.5     1.0     12666.2  100.751542  41.237193      0
 2503.410     -44.5    187.4     1.0     12672.2  100.752129  41.237097      0
 2504.378     -44.5    187.1     1.0     12675.0  100.752716  41.236995      0
 2505.345     -44.5    187.1     1.0     12682.1  100.753297  41.236913      0
 2506.296     -44.6    186.9     1.0     12687.0  100.753871  41.236838      0
 2507.279     -44.6    186.8     1.0     12692.3  100.754444  41.236769      0
 2508.246     -44.7    186.6     1.0     12698.8  100.755032  41.236697      0
 2509.214     -44.6    186.4     1.0     12703.2  100.755626  41.236616      0
 2510.181     -44.6    186.3     1.0     12708.4  100.756227  41.236547      0
 2511.148     -44.8    186.2     1.0     12715.3  100.756821  41.236476      0
 2512.082     -44.8    185.8     1.0     12727.0  100.758010  41.236312      0
 2513.050     -44.7    185.9     1.0     12729.0  100.758590  41.236216      0
 2514.017     -44.8    185.6     1.0     12735.8  100.759157  41.236117      0
 2515.984     -44.8    185.5     1.0     12741.0  100.759724  41.236032      0
 2516.951     -44.9    185.4     1.0     12745.6  100.760291  41.235950      0
 2517.918     -44.9    185.3     1.0     12745.6  100.760291  41.235950      0
 2518.886     -45.0    185.2     1.0     12752.5  100.760858  41.235868      0
 2519.853     -45.1    185.0     1.0     12756.7  100.761439  41.235779      0
 2520.820     -45.2    184.8     1.0     12763.0  100.762019  41.235693      0
 2521.787     -45.3    184.7     1.0     12768.4  100.762620  41.235618      0
 2522.754     -45.2    184.6     1.0     12772.7  100.763214  41.235550      0
 2523.722     -45.3    184.3     1.0     12781.0  100.763788  41.235471      0
 2524.689     -45.3    184.3     1.0     12782.9  100.764376  41.235383      0
 2525.656     -45.3    184.1     1.0     12787.5  100.764956  41.235287      0
 2526.623     -45.5    183.9     1.0     12793.9  100.765557  41.235195      0
 2527.590     -45.4    183.8     1.0     12797.8  100.766172  41.235109      0
 2528.558     -45.6    183.5     1.0     12804.7  100.766766  41.235024      0
 2529.525     -45.7    183.5     1.0     12811.7  100.767347  41.234928      0
 2530.492     -45.6    183.2     1.0     12815.9  100.767907  41.234836      0
 2531.459     -45.8    183.0     1.0     12823.7  100.768467  41.234761      0
 2532.426     -45.7    182.9     1.0     12828.6  100.769034  41.234703      0
 2533.394     -45.8    182.7     1.0     12831.7  100.769621  41.234655      0
 2534.361     -45.8    182.5     1.0     12850.2  100.770236  41.234563      0
 2535.328     -46.1    182.4     1.0     12850.2  100.770864  41.234495      0
 2536.295     -45.9    182.2     1.0     12855.7  100.771472  41.234416      0
 2537.262     -46.1    182.1     1.0     12862.4  100.772066  41.234341      0
 2538.230     -46.2    181.9     1.0     12867.7  100.772647  41.234266      0
 2539.197     -46.3    181.8     1.0     12871.3  100.773214  41.234187      0
 2540.164     -46.1    181.6     1.0     12875.3  100.773767  41.234099      0
 2541.131     -46.0    181.6     1.0     12882.1  100.774327  41.234020      0
 2542.066     -45.9    181.3     1.0     12892.6  100.775488  41.233894      0
 2543.033     -46.0    181.1     1.0     12899.9  100.776076  41.233825      0
 2544.000     -45.9    181.0     1.0     12905.6  100.776663  41.233750      0
 2545.967     -45.6    180.9     1.0     12910.8  100.777250  41.233665      0
 2546.934     -45.6    180.7     1.0     12917.6  100.777831  41.233586      0
 2547.902     -45.9    180.5     1.0     12917.6  100.777831  41.233586      0
 2548.869     -46.1    180.5     1.0     12920.8  100.778418  41.233515      0
 2549.836     -46.4    180.3     1.0     12925.4  100.778999  41.233450      0
 2550.803     -46.6    180.2     1.0     12929.6  100.779586  41.233378      0
 2551.770     -46.6    180.1     1.0     12934.9  100.780160  41.233289      0
 2552.738     -46.5    179.9     1.0     12938.7  100.780734  41.233190      0
 2553.705     -46.2    179.7     1.0     12942.6  100.781314  41.233088      0
 2554.672     -45.9    179.6     1.0     12951.2  100.781922  41.232985      0
 2555.639     -45.6    179.5     1.0     12951.4  100.782537  41.232920      0
 2556.606     -45.4    179.4     1.0     12954.1  100.783138  41.232866      0
 2557.574     -45.6    179.2     1.0     12960.8  100.783719  41.232794      0
 2558.541     -45.7    179.1     1.0     12964.5  100.784286  41.232722      0
 2559.508     -46.0    178.9     1.0     12971.1  100.784852  41.232644      0
 2560.475     -46.0    178.9     1.0     12981.0  100.785447  41.232548      0
 2561.443     -45.9    178.6     1.0     12983.2  100.786048  41.232453      0
 2562.410     -45.8    178.4     1.0     12989.4  100.786656  41.232357      0
 2563.377     -45.7    178.4     1.0     12993.0  100.787257  41.232261      0
 2564.344     -46.2    178.1     1.0     12998.9  100.787851  41.232176      0
 2565.311     -46.6    178.1     1.0     13004.8  100.788452  41.232084      0
 2566.279     -46.6    177.9     1.0     13009.4  100.789053  41.231995      0
 2567.246     -46.5    177.8     1.0     13014.4  100.789640  41.231913      0
 2568.213     -46.6    177.6     1.0     13019.3  100.790214  41.231841      0
 2569.180     -46.8    177.5     1.0     13025.4  100.790767  41.231770      0
 2570.147     -46.9    177.4     1.0     13032.0  100.791314  41.231681      0
 2571.082     -47.2    177.1     1.0     13040.8  100.792489  41.231472      0
 2572.049     -47.7    177.0     1.0     13044.6  100.793110  41.231360      0
 2573.032     -47.3    176.8     1.0     13049.1  100.793745  41.231264      0
 2574.983     -47.3    176.7     1.0     13054.6  100.794353  41.231179      0
 2575.951     -47.5    176.5     1.0     13061.4  100.794941  41.231107      0
 2576.918     -47.5    176.5     1.0     13064.7  100.795514  41.231049      0
 2577.901     -47.3    176.4     1.0     13064.7  100.795514  41.231049      0
 2578.852     -47.2    176.2     1.0     13070.5  100.796081  41.230984      0
 2579.819     -47.1    176.1     1.0     13074.3  100.796669  41.230912      0
 2580.787     -47.1    176.0     1.0     13078.4  100.797249  41.230820      0
 2581.769     -47.2    175.7     1.0     13083.9  100.797809  41.230714      0
 2582.721     -47.0    175.6     1.0     13089.6  100.798356  41.230595      0
 2583.688     -46.8    175.5     1.0     13095.2  100.798902  41.230485      0
 2584.655     -46.8    175.3     1.0     13101.2  100.799469  41.230393      0
 2585.638     -46.6    175.2     1.0     13104.8  100.800050  41.230322      0
 2586.590     -46.3    175.1     1.0     13113.4  100.800617  41.230274      0
 2587.557     -46.7    175.0     1.0     13116.8  100.801190  41.230236      0
 2588.524     -47.0    174.9     1.0     13119.7  100.801764  41.230202      0
 2589.507     -46.7    174.8     1.0     13125.9  100.802345  41.230164      0
 2590.459     -46.9    174.6     1.0     13130.3  100.802932  41.230113      0
 2591.426     -46.9    174.5     1.0     13134.1  100.803519  41.230052      0
 2592.393     -46.7    174.3     1.0     13140.1  100.804093  41.229977      0
 2593.376     -46.8    174.2     1.0     13145.7  100.804633  41.229881      0
 2594.327     -47.1    174.1     1.0     13149.3  100.805165  41.229782      0
 2595.295     -47.2    173.9     1.0     13155.7  100.805698  41.229693      0
 2596.277     -47.2    173.8     1.0     13159.3  100.806251  41.229615      0
 2597.245     -47.3    173.7     1.0     13166.7  100.806818  41.229557      0
 2598.196     -47.4    173.5     1.0     13172.9  100.807392  41.229505      0
 2599.163     -47.3    173.4     1.0     13181.4  100.807959  41.229447      0
 2600.146     -47.4    173.2     1.0     13186.5  100.808533  41.229389      0
 2601.065     -47.3    172.9     1.0     13196.7  100.809714  41.229242      0
 2602.032     -47.4    172.8     1.0     13204.0  100.810281  41.229167      0
 2603.015     -47.5    172.7     1.0     13211.2  100.810841  41.229089      0
 2604.982     -47.4    172.5     1.0     13216.2  100.811381  41.229014      0
 2605.934     -47.4    172.4     1.0     13222.5  100.811934  41.228935      0
 2606.917     -47.4    172.3     1.0     13222.5  100.811934  41.228935      0
 2607.884     -47.5    172.1     1.0     13226.5  100.812501  41.228856      0
 2608.835     -47.6    172.0     1.0     13231.1  100.813068  41.228785      0
 2609.834     -47.6    171.8     1.0     13238.8  100.813628  41.228713      0
 2610.785     -47.6    171.6     1.0     13242.5  100.814181  41.228648      0
 2611.753     -47.6    171.5     1.0     13248.8  100.814735  41.228573      0
 2612.704     -47.6    171.4     1.0     13248.9  100.815308  41.228505      0
 2613.671     -47.7    171.2     1.0     13260.2  100.815882  41.228406      0
 2614.654     -47.8    171.1     1.0     13264.9  100.816442  41.228327      0
 2615.621     -47.8    170.9     1.0     13272.5  100.816982  41.228245      0
 2616.573     -47.9    170.8     1.0     13278.3  100.817521  41.228177      0
 2617.540     -47.8    170.7     1.0     13284.8  100.818081  41.228109      0
 2618.523     -47.9    170.5     1.0     13289.6  100.818648  41.228040      0
 2619.490     -48.0    170.3     1.0     13293.5  100.819208  41.227986      0
 2620.442     -48.1    170.2     1.0     13301.0  100.819762  41.227924      0
 2621.425     -48.1    170.0     1.0     13303.8  100.820315  41.227869      0
 2622.392     -48.0    169.8     1.0     13311.5  100.820882  41.227808      0
 2623.359     -48.1    169.7     1.0     13315.7  100.821462  41.227740      0
 2624.311     -47.9    169.7     1.0     13319.3  100.822050  41.227682      0
 2625.293     -48.0    169.5     1.0     13327.1  100.822617  41.227610      0
 2626.261     -48.0    169.4     1.0     13331.2  100.823170  41.227548      0
 2627.228     -48.1    169.2     1.0     13337.1  100.823723  41.227484      0
 2628.179     -48.1    169.1     1.0     13341.1  100.824297  41.227422      0
 2629.162     -48.2    168.9     1.0     13346.9  100.824864  41.227354      0
 2630.129     -48.4    168.8     1.0     13351.3  100.825424  41.227292      0
 2631.064     -48.4    168.5     1.0     13364.9  100.826517  41.227145      0
 2632.031     -48.5    168.4     1.0     13373.8  100.827083  41.227057      0
 2633.998     -48.4    168.2     1.0     13375.5  100.827644  41.226975      0
 2634.965     -48.5    168.0     1.0     13381.3  100.828190  41.226893      0
 2635.933     -48.5    168.0     1.0     13385.6  100.828743  41.226814      0
 2636.900     -48.6    167.8     1.0     13385.6  100.828743  41.226814      0
 2637.867     -48.5    167.7     1.0     13393.1  100.829303  41.226739      0
 2638.834     -48.8    167.6     1.0     13396.5  100.829884  41.226671      0
 2639.801     -49.0    167.5     1.0     13400.9  100.830471  41.226609      0
 2640.769     -48.7    167.3     1.0     13406.3  100.831045  41.226555      0
 2641.736     -48.9    167.2     1.0     13412.1  100.831612  41.226497      0
 2642.687     -48.9    167.1     1.0     13417.7  100.832172  41.226442      0
 2643.670     -48.9    166.9     1.0     13420.7  100.832753  41.226377      0
 2644.637     -49.0    166.7     1.0     13425.5  100.833326  41.226292      0
 2645.605     -48.7    166.7     1.0     13430.0  100.833900  41.226199      0
 2646.572     -49.0    166.5     1.0     13434.1  100.834453  41.226097      0
 2647.539     -48.9    166.4     1.0     13442.0  100.834979  41.225991      0
 2648.506     -48.9    166.3     1.0     13447.1  100.835498  41.225906      0
 2649.473     -49.0    166.2     1.0     13453.7  100.836038  41.225820      0
 2650.441     -48.9    166.1     1.0     13458.5  100.836598  41.225738      0
 2651.408     -49.0    165.9     1.0     13463.8  100.837179  41.225660      0
 2652.375     -49.5    165.7     1.0     13468.2  100.837759  41.225588      0
 2653.373     -49.5    165.6     1.0     13477.2  100.838326  41.225510      0
 2654.309     -49.3    165.4     1.0     13481.8  100.838913  41.225428      0
 2655.277     -49.6    165.3     1.0     13485.9  100.839501  41.225335      0
 2656.244     -49.6    165.2     1.0     13492.9  100.840068  41.225233      0
 2657.211     -49.4    165.1     1.0     13496.6  100.840614  41.225141      0
 2658.178     -49.5    165.0     1.0     13501.3  100.841161  41.225038      0
 2659.145     -49.5    164.9     1.0     13508.3  100.841721  41.224939      0
 2660.080     -49.6    164.7     1.0     13517.8  100.842895  41.224762      0
 2661.047     -49.7    164.6     1.0     13523.2  100.843483  41.224676      0
 2662.014     -49.6    164.3     1.0     13528.8  100.844057  41.224588      0
 2663.981     -49.6    164.2     1.0     13531.8  100.844630  41.224502      0
 2664.949     -49.5    164.2     1.0     13540.2  100.845204  41.224410      0
 2665.916     -49.5    163.9     1.0     13544.8  100.845785  41.224318      0
 2666.883     -49.5    163.8     1.0     13544.8  100.845785  41.224318      0
 2667.850     -49.6    163.7     1.0     13550.0  100.846365  41.224229      0
 2668.817     -49.5    163.6     1.0     13555.4  100.846918  41.224147      0
 2669.785     -49.6    163.4     1.0     13560.0  100.847492  41.224075      0
 2670.752     -49.7    163.4     1.0     13565.8  100.848073  41.223997      0
 2671.719     -49.5    163.1     1.0     13571.6  100.848667  41.223922      0
 2672.686     -49.6    163.0     1.0     13576.9  100.849254  41.223843      0
 2673.654     -49.5    162.9     1.0     13580.6  100.849828  41.223775      0
 2674.621     -49.5    162.7     1.0     13596.0  100.850388  41.223672      0
 2675.588     -49.6    162.6     1.0     13598.0  100.850962  41.223604      0
 2676.555     -49.7    162.4     1.0     13604.3  100.851536  41.223508      0
 2677.538     -49.6    162.3     1.0     13610.1  100.852109  41.223423      0
 2678.490     -49.7    162.3     1.0     13615.4  100.852663  41.223334      0
 2679.457     -49.5    162.1     1.0     13617.4  100.853223  41.223252      0
 2680.440     -49.6    162.0     1.0     13621.2  100.853803  41.223170      0
 2681.407     -49.7    161.8     1.0     13628.3  100.854391  41.223078      0
 2682.358     -49.5    161.7     1.0     13630.1  100.854978  41.222996      0
 2683.326     -49.7    161.5     1.0     13636.7  100.855552  41.222907      0
 2684.293     -49.8    161.4     1.0     13641.9  100.856105  41.222819      0
 2685.276     -49.9    161.3     1.0     13646.6  100.856658  41.222730      0
 2686.227     -49.9    161.1     1.0     13652.6  100.857211  41.222624      0
 2687.194     -49.7    161.1     1.0     13658.4  100.857765  41.222525      0
 2688.177     -49.7    160.9     1.0     13665.1  100.858325  41.222416      0
 2689.129     -50.1    160.7     1.0     13670.9  100.858878  41.222313      0
 2690.063     -50.2    160.6     1.0     13681.8  100.860005  41.222129      0
 2691.046     -49.9    160.5     1.0     13686.2  100.860592  41.222040      0
 2692.998     -49.8    160.3     1.0     13690.1  100.861180  41.221948      0
 2693.965     -50.0    160.1     1.0     13695.1  100.861740  41.221852      0
 2694.948     -50.0    160.0     1.0     13699.9  100.862279  41.221753      0
 2695.915     -49.9    159.9     1.0     13699.9  100.862279  41.221753      0
 2696.866     -50.1    159.6     1.0     13707.4  100.862805  41.221654      0
 2697.834     -50.2    159.6     1.0     13713.9  100.863352  41.221552      0
 2698.816     -50.1    159.6     1.0     13718.1  100.863905  41.221456      0
 2699.784     -50.1    159.3     1.0     13723.4  100.864458  41.221371      0
 2700.735     -50.3    159.2     1.0     13730.5  100.865005  41.221272      0
 2701.718     -50.3    159.0     1.0     13740.1  100.865551  41.221169      0
 2702.685     -50.3    159.0     1.0     13744.0  100.866104  41.221070      0
 2703.652     -50.6    158.8     1.0     13747.7  100.866678  41.220957      0
 2704.604     -50.5    158.7     1.0     13754.6  100.867238  41.220841      0
 2705.587     -50.5    158.6     1.0     13756.2  100.867798  41.220739      0
 2706.554     -50.5    158.5     1.0     13765.1  100.868345  41.220623      0
 2707.506     -50.6    158.2     1.0     13768.9  100.868912  41.220520      0
 2708.488     -50.6    158.2     1.0     13774.4  100.869478  41.220411      0
 2709.456     -50.6    158.0     1.0     13774.9  100.870045  41.220319      0
 2710.423     -50.6    157.9     1.0     13784.1  100.870592  41.220220      0
 2711.374     -50.6    157.7     1.0     13789.8  100.871125  41.220124      0
 2712.357     -50.5    157.8     1.0     13793.9  100.871678  41.220025      0
 2713.324     -50.6    157.5     1.0     13804.8  100.872252  41.219905      0
 2714.292     -50.4    157.4     1.0     13804.2  100.872832  41.219803      0
 2715.259     -50.6    157.3     1.0     13809.8  100.873406  41.219677      0
 2716.226     -50.5    157.2     1.0     13814.0  100.873959  41.219557      0
 2717.193     -50.4    157.2     1.0     13814.3  100.874499  41.219444      0
 2718.160     -50.3    157.0     1.0     13824.5  100.875025  41.219328      0
 2719.128     -50.5    156.9     1.0     13823.6  100.875585  41.219233      0
 2720.062     -50.9    156.6     1.0     13836.4  100.876698  41.219031      0
 2721.029     -50.9    156.4     1.0     13839.3  100.877251  41.218936      0
 2722.996     -50.9    156.4     1.0     13847.6  100.877784  41.218837      0
 2723.964     -50.9    156.2     1.0     13848.7  100.878344  41.218734      0
 2724.931     -51.0    156.1     1.0     13850.7  100.878904  41.218638      0
 2725.898     -50.8    156.1     1.0     13850.7  100.878904  41.218638      0
 2726.865     -51.0    155.9     1.0     13856.0  100.879492  41.218519      0
 2727.832     -51.0    155.8     1.0     13866.6  100.880045  41.218396      0
 2728.800     -51.0    155.7     1.0     13867.2  100.880591  41.218280      0
 2729.767     -51.1    155.5     1.0     13873.9  100.881131  41.218157      0
 2730.734     -51.1    155.5     1.0     13879.6  100.881664  41.218054      0
 2731.701     -50.9    155.3     1.0     13880.3  100.882210  41.217966      0
 2732.668     -51.1    155.3     1.0     13888.3  100.882743  41.217860      0
 2733.636     -51.1    155.1     1.0     13891.8  100.883282  41.217751      0
 2734.603     -51.2    154.9     1.0     13898.0  100.883822  41.217624      0
 2735.570     -51.2    154.9     1.0     13902.9  100.884382  41.217505      0
 2736.537     -51.5    154.7     1.0     13908.5  100.884942  41.217389      0
 2737.504     -51.5    154.6     1.0     13913.8  100.885509  41.217272      0
 2738.472     -51.6    154.5     1.0     13919.0  100.886069  41.217149      0
 2739.439     -51.5    154.4     1.0     13924.1  100.886609  41.217033      0
 2740.406     -51.6    154.3     1.0     13927.5  100.887155  41.216928      0
 2741.373     -51.9    154.3     1.0     13935.7  100.887674  41.216828      0
 2742.340     -52.0    154.1     1.0     13938.1  100.888207  41.216740      0
 2743.308     -51.8    154.0     1.0     13943.9  100.888726  41.216634      0
 2744.275     -51.6    153.9     1.0     13948.2  100.889238  41.216514      0
 2745.242     -51.8    153.6     1.0     13953.0  100.889785  41.216398      0
 2746.209     -52.0    153.5     1.0     13959.6  100.890338  41.216279      0
 2747.176     -51.9    153.5     1.0     13963.7  100.890905  41.216169      0
 2748.144     -51.8    153.4     1.0     13969.3  100.891485  41.216053      0
 2749.126     -52.3    153.3     1.0     13976.5  100.892059  41.215927      0
 2750.045     -52.1    153.0     1.0     13988.7  100.893159  41.215701      0
 2751.012     -52.1    152.9     1.0     13994.8  100.893691  41.215596      0
 2752.995     -52.3    152.7     1.0     14000.9  100.894204  41.215497      0
 2753.962     -52.5    152.7     1.0     14004.2  100.894730  41.215391      0
 2754.914     -52.5    152.5     1.0     14011.0  100.895269  41.215278      0
 2755.881     -52.4    152.3     1.0     14011.0  100.895269  41.215278      0
 2756.864     -52.2    152.3     1.0     14015.0  100.895823  41.215172      0
 2757.816     -52.6    152.1     1.0     14019.3  100.896403  41.215059      0
 2758.783     -52.6    152.0     1.0     14026.1  100.896984  41.214930      0
 2759.766     -52.4    151.9     1.0     14028.4  100.897557  41.214807      0
 2760.733     -52.7    151.8     1.0     14030.1  100.898124  41.214680      0
 2761.684     -52.7    151.7     1.0     14036.7  100.898650  41.214568      0
 2762.652     -52.8    151.6     1.0     14042.7  100.899162  41.214469      0
 2763.634     -52.5    151.4     1.0     14047.0  100.899675  41.214373      0
 2764.602     -52.6    151.3     1.0     14054.3  100.900167  41.214271      0
 2765.553     -52.6    151.1     1.0     14059.6  100.900679  41.214158      0
 2766.520     -52.7    151.0     1.0     14065.2  100.901232  41.214045      0
 2767.503     -52.3    150.9     1.0     14069.1  100.901799  41.213936      0
 2768.470     -52.0    150.8     1.0     14075.8  100.902379  41.213813      0
 2769.422     -51.6    150.7     1.0     14083.1  100.902940  41.213690      0
 2770.405     -51.5    150.6     1.0     14087.3  100.903486  41.213570      0
 2771.372     -51.6    150.5     1.0     14089.7  100.904026  41.213465      0
 2772.339     -51.8    150.3     1.0     14094.9  100.904551  41.213376      0
 2773.306     -52.0    150.3     1.0     14100.0  100.905077  41.213294      0
 2774.274     -52.0    150.1     1.0     14106.5  100.905583  41.213208      0
 2775.241     -52.1    149.9     1.0     14113.3  100.906095  41.213109      0
 2776.208     -52.2    149.9     1.0     14116.7  100.906601  41.212993      0
 2777.175     -52.4    149.7     1.0     14123.5  100.907120  41.212877      0
 2778.142     -52.7    149.6     1.0     14128.1  100.907659  41.212771      0
 2779.077     -53.0    149.3     1.0     14137.9  100.908745  41.212587      0
 2780.044     -52.8    149.2     1.0     14145.9  100.909264  41.212481      0
 2781.011     -53.0    149.0     1.0     14151.7  100.909790  41.212385      0
 2782.978     -53.3    149.0     1.0     14154.7  100.910316  41.212300      0
 2783.946     -53.1    148.9     1.0     14157.7  100.910849  41.212211      0
 2784.913     -52.7    148.8     1.0     14163.3  100.911382  41.212109      0
 2785.880     -52.7    148.7     1.0     14163.3  100.911382  41.212109      0
 2786.847     -52.7    148.5     1.0     14170.6  100.911921  41.211996      0
 2787.815     -52.6    148.4     1.0     14174.4  100.912468  41.211880      0
 2788.782     -52.6    148.2     1.0     14180.1  100.913007  41.211784      0
 2789.749     -52.5    148.2     1.0     14183.9  100.913533  41.211706      0
 2790.716     -52.6    148.1     1.0     14186.5  100.914059  41.211631      0
 2791.683     -52.8    147.8     1.0     14192.4  100.914578  41.211545      0
 2792.651     -53.0    147.9     1.0     14197.9  100.915090  41.211443      0
 2793.618     -53.1    147.7     1.0     14200.8  100.915596  41.211340      0
 2794.585     -53.1    147.6     1.0     14208.5  100.916095  41.211238      0
 2795.552     -52.9    147.5     1.0     14209.3  100.916600  41.211156      0
 2796.519     -52.5    147.2     1.0     14217.7  100.917099  41.211064      0
 2797.487     -52.7    147.1     1.0     14222.9  100.917611  41.210972      0
 2798.454     -53.1    147.1     1.0     14227.8  100.918137  41.210879      0
 2799.421     -53.1    146.9     1.0     14235.6  100.918656  41.210801      0
 2800.388     -53.1    146.9     1.0     14239.0  100.919189  41.210753      0
 2801.355     -53.5    146.7     1.0     14243.7  100.919715  41.210674      0
 2802.323     -53.4    146.6     1.0     14248.7  100.920247  41.210582      0
 2803.290     -53.3    146.6     1.0     14254.6  100.920780  41.210493      0
 2804.257     -53.6    146.3     1.0     14258.3  100.921320  41.210405      0
 2805.224     -53.5    146.2     1.0     14265.8  100.921832  41.210323      0
 2806.191     -53.4    146.1     1.0     14274.8  100.922330  41.210251      0
 2807.190     -53.5    146.0     1.0     14277.1  100.922829  41.210179      0
 2808.141     -53.5    145.9     1.0     14283.4  100.923341  41.210094      0
 2809.060     -53.4    145.6     1.0     14295.6  100.924359  41.209875      0
 2810.027     -53.2    145.5     1.0     14303.0  100.924864  41.209773      0
 2811.010     -53.3    145.5     1.0     14307.2  100.925356  41.209681      0
 2812.962     -53.3    145.5     1.0     14312.8  100.925855  41.209595      0
 2813.929     -53.3    145.4     1.0     14319.4  100.926360  41.209500      0
 2814.912     -53.1    145.3     1.0     14319.4  100.926360  41.209500      0
 2815.879     -53.3    145.0     1.0     14321.0  100.926879  41.209421      0
 2816.831     -53.5    144.9     1.0     14328.2  100.927385  41.209339      0
 2817.798     -53.8    144.9     1.0     14334.0  100.927877  41.209264      0
 2818.781     -53.9    144.7     1.0     14340.1  100.928375  41.209185      0
 2819.748     -54.0    144.6     1.0     14346.7  100.928881  41.209093      0
 2820.699     -54.0    144.5     1.0     14352.5  100.929393  41.208984      0
 2821.667     -53.6    144.3     1.0     14359.9  100.929905  41.208871      0
 2822.649     -53.4    144.2     1.0     14366.5  100.930417  41.208769      0
 2823.617     -53.4    144.1     1.0     14374.6  100.930916  41.208673      0
 2824.568     -53.4    144.0     1.0     14376.4  100.931428  41.208578      0
 2825.551     -53.5    143.9     1.0     14379.8  100.931920  41.208482      0
 2826.518     -53.7    143.8     1.0     14390.9  100.932405  41.208383      0
 2827.485     -53.7    143.6     1.0     14395.4  100.932910  41.208298      0
 2828.437     -53.8    143.5     1.0     14400.2  100.933416  41.208222      0
 2829.420     -54.0    143.4     1.0     14404.8  100.933921  41.208134      0
 2830.387     -53.7    143.4     1.0     14407.8  100.934440  41.208038      0
 2831.339     -53.5    143.2     1.0     14411.0  100.934946  41.207942      0
 2832.321     -53.4    143.0     1.0     14416.5  100.935444  41.207857      0
 2833.289     -53.4    142.9     1.0     14420.1  100.935936  41.207772      0
 2834.256     -53.8    142.9     1.0     14426.1  100.936435  41.207690      0
 2835.207     -54.0    142.8     1.0     14429.1  100.936947  41.207597      0
 2836.190     -54.0    142.6     1.0     14434.1  100.937459  41.207505      0
 2837.157     -54.0    142.6     1.0     14443.9  100.937972  41.207416      0
 2838.125     -54.0    142.3     1.0     14446.4  100.938477  41.207331      0
 2839.059     -54.2    142.1     1.0     14456.4  100.939467  41.207140      0
 2840.026     -53.9    142.1     1.0     14459.3  100.939959  41.207027      0
 2841.993     -53.6    141.8     1.0     14464.7  100.940437  41.206914      0
 2842.961     -53.7    141.7     1.0     14470.7  100.940902  41.206815      0
 2843.928     -53.7    141.6     1.0     14475.9  100.941359  41.206730      0
 2844.895     -53.5    141.6     1.0     14475.9  100.941359  41.206730      0
 2845.862     -53.7    141.4     1.0     14481.5  100.941838  41.206651      0
 2846.829     -54.1    141.3     1.0     14487.0  100.942343  41.206566      0
 2847.797     -54.3    141.3     1.0     14489.9  100.942855  41.206481      0
 2848.764     -54.4    141.2     1.0     14497.0  100.943354  41.206392      0
 2849.731     -54.5    140.9     1.0     14501.8  100.943839  41.206307      0
 2850.698     -54.4    140.8     1.0     14508.2  100.944303  41.206225      0
 2851.665     -54.2    140.7     1.0     14514.1  100.944781  41.206143      0
 2852.633     -54.2    140.6     1.0     14521.8  100.945280  41.206054      0
 2853.600     -54.2    140.5     1.0     14526.0  100.945785  41.205965      0
 2854.567     -54.2    140.4     1.0     14532.4  100.946284  41.205880      0
 2855.534     -54.2    140.2     1.0     14538.0  100.946776  41.205798      0
 2856.501     -54.4    140.1     1.0     14542.6  100.947254  41.205716      0
 2857.469     -54.6    139.9     1.0     14551.9  100.947746  41.205641      0
 2858.451     -54.9    139.9     1.0     14557.5  100.948251  41.205572      0
 2859.403     -55.2    139.7     1.0     14564.2  100.948784  41.205504      0
 2860.370     -54.9    139.5     1.0     14568.7  100.949337  41.205449      0
 2861.337     -54.4    139.4     1.0     14575.1  100.949897  41.205398      0
 2862.336     -54.2    139.3     1.0     14580.4  100.950416  41.205378      0
 2863.287     -54.1    139.1     1.0     14590.2  100.950888  41.205326      0
 2864.239     -53.8    139.0     1.0     14593.0  100.951345  41.205292      0
 2865.206     -54.0    138.9     1.0     14594.8  100.951782  41.205272      0
 2866.173     -54.8    138.7     1.0     14596.7  100.952219  41.205251      0
 2867.156     -55.1    138.6     1.0     14609.7  100.952745  41.205145      0
 2868.075     -54.9    138.3     1.0     14618.9  100.953784  41.205012      0
 2869.058     -54.8    138.2     1.0     14633.7  100.954337  41.204913      0
 2870.025     -54.8    138.0     1.0     14637.5  100.954829  41.204859      0
 2871.977     -54.9    137.8     1.0     14648.2  100.955266  41.204790      0
 2872.944     -55.2    137.8     1.0     14644.4  100.955737  41.204719      0
 2873.927     -55.2    137.8     1.0     14651.9  100.956160  41.204633      0
 2874.894     -55.6    137.5     1.0     14651.9  100.956160  41.204633      0
 2875.845     -55.4    137.4     1.0     14659.3  100.956632  41.204544      0
 2876.828     -54.8    137.4     1.0     14666.9  100.957130  41.204459      0
 2877.795     -54.6    137.2     1.0     14670.7  100.957670  41.204408      0
 2878.763     -54.6    137.0     1.0     14676.6  100.958189  41.204346      0
 2879.714     -54.6    136.9     1.0     14683.5  100.958708  41.204292      0
 2880.697     -55.1    136.8     1.0     14688.3  100.959193  41.204251      0
 2881.664     -55.4    136.7     1.0     14691.7  100.959644  41.204220      0
 2882.631     -55.2    136.7     1.0     14695.2  100.960088  41.204206      0
 2883.599     -55.2    136.5     1.0     14701.2  100.960532  41.204196      0
 2884.566     -55.1    136.4     1.0     14708.5  100.960996  41.204162      0
 2885.533     -55.7    136.2     1.0     14714.3  100.961502  41.204100      0
 2886.500     -56.4    136.3     1.0     14717.2  100.962021  41.204022      0
 2887.467     -56.9    135.9     1.0     14722.2  100.962540  41.203933      0
 2888.435     -57.3    135.9     1.0     14727.4  100.963073  41.203872      0
 2889.402     -57.5    135.8     1.0     14734.5  100.963585  41.203834      0
 2890.369     -57.3    135.6     1.0     14738.3  100.964083  41.203810      0
 2891.336     -56.7    135.5     1.0     14742.3  100.964555  41.203779      0
 2892.303     -56.3    135.4     1.0     14748.7  100.964999  41.203725      0
 2893.271     -56.2    135.1     1.0     14751.5  100.965470  41.203663      0
 2894.238     -56.1    135.1     1.0     14756.9  100.965955  41.203592      0
 2895.205     -56.1    134.9     1.0     14761.1  100.966481  41.203527      0
 2896.172     -55.8    134.9     1.0     14779.9  100.966932  41.203438      0
 2897.155     -55.6    134.7     1.0     14779.1  100.967512  41.203434      0
 2898.074     -56.0    134.5     1.0     14795.1  100.968509  41.203383      0
 2899.041     -56.3    134.5     1.0     14794.4  100.968953  41.203356      0
 2900.008     -55.9    134.3     1.0     14801.0  100.969356  41.203315      0
 2901.976     -56.0    134.2     1.0     14805.1  100.969787  41.203308      0
 2902.943     -56.2    134.1     1.0     14808.6  100.970244  41.203312      0
 2903.910     -55.5    134.1     1.0     14813.6  100.970716  41.203301      0
 2904.877     -55.4    133.9     1.0     14813.6  100.970716  41.203301      0
 2905.844     -55.9    133.8     1.0     14819.0  100.971214  41.203267      0
 2906.812     -56.3    133.7     1.0     14823.1  100.971726  41.203223      0
 2907.779     -56.0    133.6     1.0     14829.7  100.972232  41.203172      0
 2908.746     -56.0    133.5     1.0     14838.2  100.972737  41.203127      0
 2909.729     -55.9    133.3     1.0     14839.1  100.973250  41.203090      0
 2910.680     -56.0    133.2     1.0     14847.4  100.973721  41.203059      0
 2911.648     -56.2    133.1     1.0     14854.3  100.974185  41.203025      0
 2912.615     -56.4    132.9     1.0     14859.3  100.974650  41.202984      0
 2913.598     -56.6    132.8     1.0     14867.1  100.975114  41.202943      0
 2914.549     -56.4    132.8     1.0     14871.0  100.975592  41.202915      0
 2915.516     -56.5    132.7     1.0     14876.9  100.976070  41.202881      0
 2916.499     -56.6    132.6     1.0     14883.1  100.976549  41.202837      0
 2917.451     -56.7    132.5     1.0     14885.2  100.977027  41.202789      0
 2918.418     -56.7    132.3     1.0     14893.4  100.977484  41.202745      0
 2919.385     -56.7    132.1     1.0     14898.3  100.977956  41.202714      0
 2920.368     -56.8    132.2     1.0     14903.7  100.978413  41.202687      0
 2921.320     -56.8    132.0     1.0     14910.4  100.978891  41.202652      0
 2922.287     -56.7    131.8     1.0     14917.1  100.979376  41.202608      0
 2923.270     -56.9    131.7     1.0     14923.1  100.979861  41.202564      0
 2924.237     -57.0    131.6     1.0     14930.7  100.980346  41.202519      0
 2925.188     -57.0    131.5     1.0     14934.9  100.980831  41.202488      0
 2926.171     -57.0    131.5     1.0     14940.4  100.981316  41.202458      0
 2927.138     -57.0    131.3     1.0     14943.7  100.981815  41.202417      0
 2928.057     -56.9    131.0     1.0     14952.6  100.982771  41.202331      0
 2929.040     -57.1    131.0     1.0     14959.3  100.983235  41.202294      0
 2930.007     -57.1    130.8     1.0     14964.6  100.983713  41.202263      0
 2931.959     -57.2    130.8     1.0     14971.2  100.984185  41.202222      0
 2932.942     -57.3    130.6     1.0     14976.7  100.984663  41.202167      0
 2933.909     -57.4    130.6     1.0     14976.7  100.984663  41.202167      0
 2934.876     -57.2    130.4     1.0     14980.6  100.985148  41.202113      0
 2935.843     -57.4    130.3     1.0     14986.1  100.985653  41.202068      0
 2936.810     -57.2    130.2     1.0     14992.0  100.986152  41.202034      0
 2937.778     -57.5    130.1     1.0     14995.9  100.986657  41.202004      0
 2938.745     -57.5    129.9     1.0     15003.3  100.987149  41.201966      0
 2939.712     -57.4    129.9     1.0     15009.1  100.987627  41.201915      0
 2940.679     -57.5    129.6     1.0     15014.4  100.988092  41.201874      0
 2941.631     -57.5    129.6     1.0     15021.1  100.988549  41.201836      0
 2942.614     -57.4    129.4     1.0     15026.1  100.989014  41.201812      0
 2943.581     -57.5    129.3     1.0     15031.9  100.989485  41.201785      0
 2944.548     -57.6    129.2     1.0     15037.9  100.989949  41.201747      0
 2945.515     -57.4    129.1     1.0     15043.2  100.990414  41.201703      0
 2946.482     -57.6    129.0     1.0     15049.3  100.990892  41.201672      0
 2947.450     -57.7    128.9     1.0     15054.7  100.991363  41.201659      0
 2948.417     -57.6    128.8     1.0     15059.6  100.991848  41.201645      0
 2949.384     -57.7    128.7     1.0     15064.8  100.992313  41.201631      0
 2950.351     -57.5    128.6     1.0     15069.9  100.992770  41.201618      0
 2951.318     -57.6    128.4     1.0     15075.6  100.993221  41.201604      0
 2952.286     -57.5    128.3     1.0     15082.6  100.993685  41.201594      0
 2953.268     -57.8    128.3     1.0     15086.5  100.994157  41.201583      0
 2954.220     -57.7    128.2     1.0     15092.4  100.994628  41.201553      0
 2955.187     -57.7    128.1     1.0     15099.0  100.995099  41.201502      0
 2956.154     -57.4    127.9     1.0     15103.0  100.995571  41.201443      0
 2957.122     -57.7    127.8     1.0     15110.2  100.996049  41.201385      0
 2958.056     -57.5    127.6     1.0     15122.4  100.997019  41.201300      0
 2959.023     -57.8    127.4     1.0     15126.5  100.997490  41.201269      0
 2960.990     -58.0    127.3     1.0     15131.9  100.997954  41.201235      0
 2961.958     -57.8    127.2     1.0     15137.2  100.998432  41.201208      0
 2962.925     -57.8    127.1     1.0     15142.7  100.998911  41.201191      0
 2963.892     -57.6    127.0     1.0     15142.7  100.998911  41.201191      0
 2964.859     -57.4    126.8     1.0     15148.2  100.999389  41.201167      0
 2965.842     -57.1    126.8     1.0     15153.6  100.999853  41.201133      0
 2966.794     -57.4    126.7     1.0     15160.0  101.000304  41.201085      0
 2967.761     -57.7    126.6     1.0     15167.8  101.000748  41.201034      0
 2968.744     -57.9    126.4     1.0     15173.6  101.001206  41.200989      0
 2969.695     -58.1    126.3     1.0     15178.9  101.001656  41.200952      0
 2970.662     -58.4    126.2     1.0     15184.5  101.002100  41.200907      0
 2971.645     -58.5    126.0     1.0     15191.1  101.002544  41.200856      0
 2972.612     -58.3    126.0     1.0     15195.9  101.003002  41.200795      0
 2973.564     -58.0    125.8     1.0     15202.2  101.003473  41.200754      0
 2974.531     -58.4    125.7     1.0     15208.6  101.003958  41.200719      0
 2975.514     -58.9    125.7     1.0     15213.3  101.004436  41.200672      0
 2976.466     -59.2    125.5     1.0     15220.3  101.004914  41.200624      0
 2977.433     -59.0    125.5     1.0     15226.7  101.005379  41.200562      0
 2978.416     -58.4    125.3     1.0     15232.2  101.005830  41.200494      0
 2979.383     -58.4    125.3     1.0     15238.8  101.006253  41.200433      0
 2980.334     -58.4    125.2     1.0     15243.2  101.006663  41.200378      0
 2981.317     -58.3    125.0     1.0     15248.1  101.007079  41.200334      0
 2982.284     -58.0    124.9     1.0     15254.4  101.007510  41.200279      0
 2983.236     -58.1    124.7     1.0     15259.2  101.007954  41.200221      0
 2984.219     -58.1    124.6     1.0     15265.8  101.008398  41.200166      0
 2985.186     -57.9    124.5     1.0     15272.0  101.008828  41.200112      0
 2986.153     -58.0    124.5     1.0     15277.7  101.009258  41.200050      0
 2987.088     -58.5    124.2     1.0     15287.9  101.010119  41.199879      0
 2988.055     -58.3    124.1     1.0     15294.6  101.010536  41.199787      0
 2989.022     -58.5    124.0     1.0     15299.9  101.010945  41.199705      0
 2990.989     -58.4    123.9     1.0     15304.9  101.011342  41.199627      0
 2991.956     -58.3    123.8     1.0     15310.0  101.011744  41.199545      0
 2992.924     -58.4    123.7     1.0     15320.4  101.012168  41.199449      0
 2993.891     -58.2    123.5     1.0     15320.4  101.012168  41.199449      0
 2994.858     -58.5    123.4     1.0     15325.3  101.012585  41.199364      0
 2995.825     -58.5    123.3     1.0     15325.7  101.013015  41.199302      0
 2996.792     -58.5    123.0     1.0     15336.9  101.013418  41.199227      0
 2997.760     -58.6    123.0     1.0     15341.4  101.013835  41.199162      0
 2998.727     -58.6    123.0     1.0     15343.9  101.014251  41.199087      0
 2999.694     -58.5    122.8     1.0     15349.6  101.014661  41.198998      0
 3000.661     -58.6    122.7     1.0     15357.6  101.015064  41.198909      0
 3001.628     -58.6    122.6     1.0     15366.4  101.015460  41.198831      0
 3002.596     -58.5    122.5     1.0     15369.7  101.015856  41.198763      0
 3003.563     -58.5    122.3     1.0     15377.0  101.016252  41.198687      0
 3004.530     -58.6    122.2     1.0     15387.6  101.016655  41.198592      0
 3005.497     -58.5    122.0     1.0     15388.4  101.017072  41.198503      0
 3006.464     -58.4    122.0     1.0     15396.4  101.017475  41.198411      0
 3007.432     -58.6    121.9     1.0     15401.9  101.017878  41.198325      0
 3008.414     -58.6    121.8     1.0     15408.5  101.018274  41.198244      0
 3009.366     -58.6    121.7     1.0     15413.3  101.018663  41.198148      0
 3010.333     -58.4    121.6     1.0     15419.3  101.019053  41.198045      0
 3011.300     -58.5    121.4     1.0     15424.4  101.019449  41.197953      0
 3012.283     -58.9    121.3     1.0     15430.2  101.019845  41.197871      0
 3013.235     -58.8    121.2     1.0     15435.9  101.020241  41.197793      0
 3014.202     -58.8    121.0     1.0     15443.1  101.020644  41.197707      0
 3015.185     -58.9    121.0     1.0     15447.7  101.021034  41.197615      0
 3016.137     -58.8    120.8     1.0     15450.5  101.021423  41.197523      0
 3017.087     -59.2    120.7     1.0     15469.5  101.022154  41.197349      0
 3018.054     -59.1    120.5     1.0     15475.6  101.022516  41.197267      0
 3019.005     -59.1    120.4     1.0     15486.0  101.022878  41.197168      0
 3020.988     -59.0    120.2     1.0     15492.2  101.023240  41.197062      0
 3021.955     -58.9    120.2     1.0     15495.6  101.023609  41.196970      0
 3022.923     -59.0    120.0     1.0     15500.6  101.023977  41.196884      0
 3023.874     -58.8    119.9     1.0     15500.6  101.023977  41.196884      0
 3024.857     -58.6    119.7     1.0     15507.9  101.024346  41.196792      0
 3025.824     -58.6    119.6     1.0     15513.4  101.024729  41.196703      0
 3026.776     -58.7    119.6     1.0     15518.0  101.025098  41.196604      0
 3027.759     -59.0    119.5     1.0     15525.3  101.025466  41.196519      0
 3028.726     -59.3    119.4     1.0     15531.3  101.025822  41.196447      0
 3029.693     -59.0    119.2     1.0     15537.7  101.026163  41.196379      0
 3030.660     -58.6    119.1     1.0     15544.6  101.026505  41.196304      0
 3031.627     -58.7    119.0     1.0     15551.8  101.026853  41.196208      0
 3032.595     -59.0    118.9     1.0     15557.6  101.027208  41.196109      0
 3033.562     -59.1    118.8     1.0     15564.7  101.027563  41.196013      0
 3034.529     -59.3    118.6     1.0     15569.9  101.027912  41.195921      0
 3035.496     -59.5    118.6     1.0     15576.7  101.028260  41.195832      0
 3036.463     -59.6    118.4     1.0     15577.8  101.028615  41.195744      0
 3037.431     -59.2    118.2     1.0     15590.1  101.028957  41.195621      0
 3038.398     -59.1    118.1     1.0     15593.9  101.029284  41.195535      0
 3039.365     -59.3    118.1     1.0     15598.1  101.029605  41.195450      0
 3040.332     -59.3    118.0     1.0     15603.7  101.029920  41.195368      0
 3041.299     -59.0    117.8     1.0     15610.1  101.030241  41.195276      0
 3042.267     -59.2    117.8     1.0     15614.8  101.030575  41.195184      0
 3043.234     -59.5    117.7     1.0     15620.3  101.030917  41.195098      0
 3044.201     -59.8    117.6     1.0     15626.0  101.031265  41.195023      0
 3045.168     -59.8    117.5     1.0     15632.8  101.031627  41.194955      0
 3046.135     -59.7    117.4     1.0     15639.6  101.031989  41.194869      0
 3047.070     -60.0    117.1     1.0     15650.5  101.032700  41.194675      0
 3048.037     -59.8    117.0     1.0     15656.9  101.033041  41.194593      0
 3049.004     -59.8    116.8     1.0     15664.1  101.033362  41.194511      0
 3050.987     -60.0    116.8     1.0     15669.9  101.033690  41.194432      0
 3051.939     -60.2    116.7     1.0     15681.8  101.034011  41.194337      0
 3052.906     -60.2    116.5     1.0     15679.6  101.034332  41.194272      0
 3053.873     -60.3    116.4     1.0     15679.6  101.034332  41.194272      0
 3054.856     -60.6    116.4     1.0     15688.0  101.034660  41.194203      0
 3055.807     -60.2    116.2     1.0     15695.1  101.034981  41.194159      0
 3056.775     -59.5    115.9     1.0     15701.9  101.035309  41.194118      0
 3057.757     -59.5    115.8     1.0     15710.6  101.035630  41.194060      0
 3058.709     -59.9    115.6     1.0     15721.6  101.035958  41.193971      0
 3059.676     -59.8    115.4     1.0     15729.1  101.035438  41.193872      0
 3060.659     -59.6    115.1     1.0     15737.0  101.036688  41.193811      0
 3061.626     -59.6    115.0     1.0     15748.6  101.037078  41.193783      0
 3062.578     -59.3    115.0     1.0     15733.1  101.037508  41.193773      0
 3063.545     -59.3    114.7     1.0     15760.5  101.037740  41.193766      0
 3064.528     -59.7    114.8     1.0     15769.7  101.037979  41.193780      0
 3065.495     -60.2    114.6     1.0     15779.5  101.038198  41.193814      0
 3066.447     -60.3    114.5     1.0     15783.5  101.038471  41.193797      0
 3067.429     -60.0    114.3     1.0     15791.5  101.038758  41.193739      0
 3068.397     -60.5    114.3     1.0     15794.8  101.039086  41.193660      0
 3069.364     -60.6    114.1     1.0     15799.5  101.039475  41.193558      0
 3070.331     -60.5    113.9     1.0     15806.2  101.039878  41.193469      0
 3071.298     -60.1    113.8     1.0     15815.3  101.040254  41.193401      0
 3072.265     -59.8    113.8     1.0     15824.7  101.040588  41.193329      0
 3073.233     -59.8    113.7     1.0     15827.0  101.040903  41.193298      0
 3074.200     -60.0    113.6     1.0     15832.4  101.041121  41.193285      0
 3075.167     -60.2    113.5     1.0     15834.4  101.041353  41.193275      0
 3076.134     -60.5    113.5     1.0     15839.5  101.041592  41.193268      0
 3077.069     -60.4    113.2     1.0     15853.0  101.042173  41.193196      0
 3078.036     -59.9    113.1     1.0     15853.9  101.042521  41.193145      0
 3079.003     -59.7    113.0     1.0     15862.5  101.042870  41.193100      0
 3080.970     -59.5    112.8     1.0     15873.9  101.043184  41.193066      0
 3081.937     -59.0    112.8     1.0     15877.5  101.043525  41.193046      0
 3082.905     -58.9    112.7     1.0     15884.9  101.043853  41.193036      0
 3083.872     -58.8    112.6     1.0     15884.9  101.043853  41.193036      0
 3084.839     -59.0    112.5     1.0     15890.0  101.044181  41.193029      0
 3085.806     -59.3    112.4     1.0     15893.3  101.044495  41.193025      0
 3086.773     -59.8    112.3     1.0     15903.1  101.044768  41.193018      0
 3087.741     -60.4    112.3     1.0     15906.5  101.045042  41.193005      0
 3088.708     -60.8    112.2     1.0     15912.3  101.045308  41.192991      0
 3089.675     -60.9    112.0     1.0     15917.4  101.045609  41.192974      0
 3090.642     -60.9    111.9     1.0     15921.2  101.045936  41.192960      0
 3091.609     -60.5    111.8     1.0     15927.5  101.046285  41.192936      0
 3092.577     -60.4    111.6     1.0     15933.5  101.046633  41.192892      0
 3093.544     -60.7    111.4     1.0     15939.8  101.046975  41.192831      0
 3094.511     -61.1    111.4     1.0     15944.0  101.047289  41.192769      0
 3095.478     -60.8    111.3     1.0     15951.8  101.047589  41.192732      0
 3096.445     -60.7    111.3     1.0     15956.4  101.047883  41.192711      0
 3097.428     -61.0    111.1     1.0     15958.9  101.048177  41.192714      0
 3098.380     -61.1    111.1     1.0     15965.0  101.048464  41.192714      0
 3099.347     -61.2    111.0     1.0     15970.7  101.048757  41.192708      0
 3100.330     -61.2    110.9     1.0     15975.6  101.049065  41.192691      0
 3101.297     -61.5    110.7     1.0     15980.7  101.049386  41.192670      0
 3102.249     -61.8    110.7     1.0     15986.0  101.049720  41.192656      0
 3103.216     -62.3    110.5     1.0     15991.5  101.050055  41.192639      0
 3104.199     -62.2    110.4     1.0     15999.5  101.050383  41.192615      0
 3105.150     -61.9    110.3     1.0     16002.1  101.050711  41.192574      0
 3106.100     -62.0    110.1     1.0     16020.4  101.051360  41.192503      0
 3107.067     -61.8    109.9     1.0     16025.6  101.051708  41.192486      0
 3108.019     -61.8    109.9     1.0     16029.6  101.052056  41.192465      0
 3109.002     -62.2    109.7     1.0     16037.9  101.052398  41.192438      0
 3110.969     -62.0    109.7     1.0     16043.7  101.052753  41.192400      0
 3111.936     -61.8    109.6     1.0     16047.6  101.053094  41.192356      0
 3112.903     -62.3    109.5     1.0     16047.6  101.053094  41.192356      0
 3113.855     -62.3    109.3     1.0     16055.5  101.053450  41.192315      0
 3114.838     -61.7    109.2     1.0     16063.1  101.053805  41.192284      0
 3115.805     -61.7    109.1     1.0     16068.8  101.054139  41.192274      0
 3116.772     -61.9    108.9     1.0     16075.4  101.054474  41.192260      0
 3117.739     -62.1    108.8     1.0     16084.1  101.054788  41.192236      0
 3118.707     -62.3    108.7     1.0     16090.4  101.055103  41.192209      0
 3119.705     -62.5    108.7     1.0     16096.9  101.055437  41.192192      0
 3120.641     -62.4    108.6     1.0     16109.2  101.055786  41.192158      0
 3121.608     -62.5    108.4     1.0     16113.3  101.056154  41.192127      0
 3122.575     -62.4    108.3     1.0     16117.2  101.056537  41.192090      0
 3123.543     -62.5    108.2     1.0     16123.6  101.056906  41.192031      0
 3124.510     -62.4    108.0     1.0     16128.1  101.057281  41.191994      0
 3125.477     -62.7    108.0     1.0     16137.7  101.057643  41.191960      0
 3126.444     -62.5    107.8     1.0     16143.0  101.057992  41.191943      0
 3127.443     -62.3    107.8     1.0     16148.7  101.058320  41.191926      0
 3128.379     -62.4    107.7     1.0     16154.5  101.058634  41.191895      0
 3129.346     -62.5    107.6     1.0     16161.4  101.058962  41.191864      0
 3130.313     -62.5    107.4     1.0     16167.1  101.059317  41.191837      0
 3131.280     -62.3    107.3     1.0     16174.5  101.059692  41.191796      0
 3132.248     -62.7    107.2     1.0     16177.5  101.060089  41.191755      0
 3133.215     -62.8    107.2     1.0     16184.0  101.060471  41.191683      0
 3134.182     -62.6    107.1     1.0     16188.4  101.060854  41.191608      0
 3135.149     -62.9    107.0     1.0     16195.5  101.061222  41.191543      0
 3136.099     -62.5    106.6     1.0     16213.1  101.061926  41.191468      0
 3137.051     -62.4    106.5     1.0     16217.6  101.062267  41.191461      0
 3138.018     -62.8    106.5     1.0     16221.4  101.062609  41.191454      0
 3139.001     -62.6    106.4     1.0     16227.8  101.062930  41.191434      0
 3140.952     -62.2    106.3     1.0     16232.6  101.063278  41.191413      0
 3141.935     -61.9    106.2     1.0     16239.7  101.063627  41.191393      0
 3142.887     -61.9    106.1     1.0     16239.7  101.063627  41.191393      0
 3143.870     -62.1    106.0     1.0     16246.2  101.063989  41.191369      0
 3144.837     -62.4    105.9     1.0     16252.5  101.064337  41.191342      0
 3145.788     -62.4    105.8     1.0     16257.3  101.064672  41.191311      0
 3146.771     -62.5    105.7     1.0     16264.0  101.065013  41.191284      0
 3147.738     -62.6    105.6     1.0     16271.1  101.065355  41.191273      0
 3148.690     -62.7    105.4     1.0     16277.1  101.065703  41.191277      0
 3149.657     -62.2    105.3     1.0     16283.8  101.066051  41.191277      0
 3150.640     -62.1    105.1     1.0     16292.9  101.066386  41.191260      0
 3151.607     -62.0    105.1     1.0     16299.6  101.066714  41.191222      0
 3152.559     -61.9    105.0     1.0     16302.7  101.067055  41.191191      0
 3153.542     -62.1    104.9     1.0     16312.0  101.067390  41.191164      0
 3154.509     -62.3    104.8     1.0     16318.8  101.067738  41.191150      0
 3155.476     -62.3    104.7     1.0     16322.4  101.068080  41.191144      0
 3156.443     -62.4    104.7     1.0     16328.6  101.068421  41.191126      0
 3157.410     -62.1    104.4     1.0     16333.9  101.068749  41.191096      0
 3158.378     -61.8    104.3     1.0     16338.6  101.069063  41.191058      0
 3159.345     -61.7    104.2     1.0     16345.7  101.069391  41.191010      0
 3160.312     -61.6    104.1     1.0     16355.0  101.069733  41.190986      0
 3161.279     -61.8    103.9     1.0     16365.6  101.070081  41.190952      0
 3162.246     -61.6    103.9     1.0     16372.3  101.070429  41.190918      0
 3163.214     -61.4    103.7     1.0     16380.0  101.070778  41.190881      0
 3164.181     -61.6    103.8     1.0     16386.4  101.071126  41.190853      0
 3165.148     -61.4    103.6     1.0     16390.8  101.071481  41.190829      0
 3166.082     -61.0    103.4     1.0     16403.4  101.072171  41.190747      0
 3167.050     -60.9    103.3     1.0     16407.9  101.072513  41.190696      0
 3168.017     -60.9    103.2     1.0     16413.5  101.072882  41.190648      0
 3169.984     -61.0    103.1     1.0     16417.9  101.073264  41.190611      0
 3170.951     -60.6    103.0     1.0     16422.0  101.073646  41.190580      0
 3171.918     -60.6    102.9     1.0     16429.2  101.074022  41.190546      0
 3172.901     -60.9    102.8     1.0     16429.2  101.074022  41.190546      0
 3173.853     -61.4    102.7     1.0     16434.9  101.074384  41.190505      0
 3174.820     -61.7    102.6     1.0     16442.0  101.074726  41.190461      0
 3175.803     -61.9    102.4     1.0     16446.7  101.075094  41.190426      0
 3176.754     -62.1    102.4     1.0     16454.7  101.075450  41.190392      0
 3177.737     -61.9    102.3     1.0     16459.6  101.075805  41.190365      0
 3178.689     -61.8    102.2     1.0     16465.0  101.076167  41.190310      0
 3179.672     -61.7    102.1     1.0     16469.7  101.076515  41.190245      0
 3180.639     -61.6    101.9     1.0     16475.0  101.076864  41.190174      0
 3181.590     -61.7    101.8     1.0     16483.4  101.077226  41.190116      0
 3182.604     -61.6    101.7     1.0     16492.1  101.077567  41.190071      0
 3183.540     -61.6    101.7     1.0     16496.0  101.077929  41.190037      0
 3184.508     -61.6    101.5     1.0     16502.5  101.078291  41.189982      0
 3185.459     -61.6    101.4     1.0     16510.2  101.078633  41.189918      0
 3186.426     -61.6    101.3     1.0     16514.0  101.078967  41.189856      0
 3187.409     -61.7    101.3     1.0     16521.5  101.079275  41.189801      0
 3188.376     -61.6    101.1     1.0     16526.3  101.079582  41.189757      0
 3189.328     -61.6    101.0     1.0     16533.7  101.079889  41.189692      0
 3190.311     -61.7    100.9     1.0     16541.8  101.080203  41.189610      0
 3191.278     -61.5    101.0     1.0     16551.0  101.080545  41.189504      0
 3192.245     -61.8    100.7     1.0     16556.0  101.080914  41.189422      0
 3193.212     -61.6    100.5     1.0     16562.0  101.081303  41.189347      0
 3194.180     -61.9    100.6     1.0     16572.9  101.081679  41.189279      0
 3195.147     -61.8    100.4     1.0     16584.4  101.082034  41.189207      0
 3196.081     -61.5    100.3     1.0     16589.8  101.082690  41.189098      0
 3197.048     -61.6    100.2     1.0     16594.3  101.082990  41.189057      0
 3198.016     -61.5    100.1     1.0     16598.2  101.083270  41.189019      0
 3199.983     -61.6     99.9     1.0     16602.8  101.083537  41.188975      0
 3200.950     -61.8     99.9     1.0     16612.9  101.083789  41.188910      0
 3201.917     -61.6     99.7     1.0     16612.5  101.084063  41.188838      0
 3202.884     -61.2     99.7     1.0     16612.5  101.084063  41.188838      0
 3203.852     -61.0     99.6     1.0     16618.1  101.084356  41.188753      0
 3204.819     -61.1     99.4     1.0     16627.7  101.084684  41.188668      0
 3205.786     -61.5     99.5     1.0     16628.4  101.085032  41.188596      0
 3206.753     -61.4     99.3     1.0     16641.1  101.085367  41.188517      0
 3207.720     -61.1     99.1     1.0     16644.9  101.085695  41.188456      0
 3208.688     -61.2     99.1     1.0     16646.4  101.086002  41.188394      0
 3209.670     -60.7     99.0     1.0     16649.8  101.086282  41.188340      0
 3210.622     -60.5     99.0     1.0     16655.7  101.086542  41.188299      0
 3211.589     -60.5     98.9     1.0     16663.4  101.086808  41.188258      0
 3212.556     -60.7     98.7     1.0     16672.3  101.087081  41.188213      0
 3213.524     -61.1     98.7     1.0     16676.2  101.087368  41.188155      0
 3214.491     -61.2     98.6     1.0     16679.8  101.087669  41.188080      0
 3215.474     -61.0     98.6     1.0     16686.6  101.087969  41.188005      0
 3216.441     -60.9     98.5     1.0     16691.1  101.088290  41.187930      0
 3217.392     -61.3     98.4     1.0     16697.5  101.088605  41.187868      0
 3218.375     -61.6     98.2     1.0     16702.1  101.088898  41.187810      0
 3219.342     -61.7     98.1     1.0     16707.6  101.089172  41.187752      0
 3220.310     -61.5     98.0     1.0     16711.9  101.089438  41.187694      0
 3221.277     -61.4     97.9     1.0     16718.7  101.089718  41.187643      0
 3222.244     -61.5     97.8     1.0     16723.3  101.090012  41.187606      0
 3223.211     -61.3     97.7     1.0     16728.2  101.090312  41.187571      0
 3224.178     -60.8     97.6     1.0     16733.1  101.090613  41.187530      0
 3225.146     -60.5     97.5     1.0     16739.9  101.090886  41.187483      0
 3226.080     -61.0     97.5     1.0     16751.4  101.091419  41.187387      0
 3227.047     -61.0     97.4     1.0     16757.4  101.091678  41.187343      0
 3228.061     -60.5     97.2     1.0     16765.1  101.091945  41.187284      0
 3229.982     -60.4     97.1     1.0     16770.4  101.092218  41.187203      0
 3230.949     -61.0     96.9     1.0     16775.4  101.092498  41.187107      0
 3231.916     -61.4     96.9     1.0     16781.4  101.092764  41.187022      0
 3232.883     -61.2     96.7     1.0     16781.4  101.092764  41.187022      0
 3233.850     -61.0     96.8     1.0     16789.2  101.093024  41.186946      0
 3234.818     -60.9     96.7     1.0     16793.5  101.093276  41.186888      0
 3235.785     -60.9     96.5     1.0     16805.0  101.093502  41.186830      0
 3236.752     -61.0     96.4     1.0     16811.0  101.093768  41.186769      0
 3237.735     -61.0     96.3     1.0     16813.6  101.094041  41.186711      0
 3238.686     -60.9     96.2     1.0     16818.5  101.094321  41.186636      0
 3239.654     -60.6     96.1     1.0     16830.6  101.094608  41.186564      0
 3240.621     -60.3     96.0     1.0     16833.5  101.094902  41.186547      0
 3241.604     -60.1     96.0     1.0     16839.7  101.095189  41.186506      0
 3242.555     -60.1     95.9     1.0     16847.2  101.095483  41.186448      0
 3243.523     -60.2     95.7     1.0     16853.3  101.095783  41.186379      0
 3244.505     -60.1     95.6     1.0     16861.8  101.096063  41.186291      0
 3245.473     -60.3     95.6     1.0     16867.7  101.096350  41.186212      0
 3246.424     -60.7     95.5     1.0     16876.4  101.096616  41.186144      0
 3247.407     -60.8     95.3     1.0     16881.4  101.096883  41.186099      0
 3248.374     -61.2     95.2     1.0     16884.8  101.097163  41.186069      0
 3249.341     -61.4     95.1     1.0     16889.9  101.097443  41.186031      0
 3250.309     -61.0     95.1     1.0     16896.0  101.097737  41.185977      0
 3251.276     -61.1     95.0     1.0     16900.1  101.098037  41.185925      0
 3252.243     -61.4     94.9     1.0     16907.5  101.098331  41.185884      0
 3253.210     -61.2     94.8     1.0     16913.3  101.098631  41.185847      0
 3254.177     -61.2     94.8     1.0     16917.0  101.098925  41.185809      0
 3255.145     -61.2     94.6     1.0     16923.5  101.099212  41.185758      0
 3256.079     -60.7     94.4     1.0     16935.5  101.099779  41.185615      0
 3257.046     -60.8     94.2     1.0     16941.1  101.100059  41.185580      0
 3258.013     -60.8     94.1     1.0     16948.1  101.100339  41.185570      0
 3259.981     -60.8     94.1     1.0     16954.5  101.100619  41.185577      0
 3260.948     -60.8     94.0     1.0     16966.5  101.100919  41.185577      0
 3261.915     -60.7     93.9     1.0     16975.8  101.101234  41.185550      0
 3262.882     -60.7     93.8     1.0     16975.8  101.101234  41.185550      0
 3263.849     -61.3     93.7     1.0     16980.7  101.101548  41.185505      0
 3264.817     -61.3     93.5     1.0     16989.1  101.101835  41.185423      0
 3265.784     -60.6     93.4     1.0     16996.4  101.102074  41.185338      0
 3266.767     -60.3     93.4     1.0     17002.4  101.102306  41.185263      0
 3267.718     -60.4     93.3     1.0     17008.4  101.102538  41.185242      0
 3268.685     -60.6     93.2     1.0     17014.8  101.102784  41.185256      0
 3269.668     -60.6     93.0     1.0     17018.4  101.103078  41.185280      0
 3270.635     -60.2     92.9     1.0     17025.8  101.103419  41.185290      0
 3271.587     -59.6     92.9     1.0     17031.0  101.103781  41.185276      0
 3272.570     -59.9     92.9     1.0     17037.5  101.104143  41.185253      0
 3273.537     -60.1     92.8     1.0     17043.1  101.104498  41.185218      0
 3274.489     -59.8     92.6     1.0     17048.2  101.104826  41.185188      0
 3275.456     -59.5     92.7     1.0     17052.1  101.105127  41.185150      0
 3276.439     -59.6     92.4     1.0     17059.0  101.105386  41.185112      0
 3277.406     -59.9     92.3     1.0     17066.1  101.105639  41.185078      0
 3278.373     -60.3     92.3     1.0     17073.2  101.105912  41.185068      0
 3279.340     -60.7     92.2     1.0     17082.1  101.106213  41.185082      0
 3280.307     -61.0     92.0     1.0     17087.6  101.106548  41.185116      0
 3281.275     -60.6     92.0     1.0     17091.6  101.106875  41.185153      0
 3282.242     -60.1     91.9     1.0     17098.1  101.107183  41.185171      0
 3283.209     -60.2     91.8     1.0     17107.6  101.107456  41.185164      0
 3284.176     -60.3     91.7     1.0     17112.1  101.107729  41.185153      0
 3285.143     -60.4     91.5     1.0     17127.8  101.107996  41.185119      0
 3286.078     -60.5     91.4     1.0     17140.0  101.108631  41.185102      0
 3287.045     -61.3     91.3     1.0     17147.1  101.108952  41.185112      0
 3288.012     -61.7     91.3     1.0     17148.7  101.109266  41.185136      0
 3289.979     -61.1     91.1     1.0     17157.6  101.109560  41.185150      0
 3290.947     -60.6     91.0     1.0     17160.7  101.109874  41.185160      0
 3291.914     -60.4     90.9     1.0     17163.2  101.110188  41.185174      0
 3292.897     -60.8     90.9     1.0     17163.2  101.110188  41.185174      0
 3293.848     -61.3     90.7     1.0     17168.2  101.110495  41.185194      0
 3294.815     -61.3     90.6     1.0     17174.3  101.110789  41.185215      0
 3295.783     -61.6     90.6     1.0     17179.8  101.111090  41.185235      0
 3296.765     -62.0     90.4     1.0     17187.0  101.111417  41.185249      0
 3297.717     -61.9     90.4     1.0     17191.7  101.111745  41.185249      0
 3298.684     -61.8     90.3     1.0     17202.0  101.112073  41.185256      0
 3299.667     -61.6     90.1     1.0     17203.5  101.112387  41.185249      0
 3300.619     -61.6     90.2     1.0     17210.1  101.112688  41.185256      0
 3301.586     -61.6     90.1     1.0     17218.5  101.112995  41.185259      0
 3302.569     -61.9     90.0     1.0     17222.3  101.113316  41.185253      0
 3303.536     -62.1     89.8     1.0     17228.3  101.113644  41.185229      0
 3304.487     -61.6     89.9     1.0     17233.5  101.113992  41.185198      0
 3305.470     -61.9     89.8     1.0     17238.9  101.114354  41.185171      0
 3306.437     -62.2     89.7     1.0     17248.3  101.114703  41.185153      0
 3307.405     -61.8     89.5     1.0     17257.2  101.115024  41.185136      0
 3308.372     -61.6     89.4     1.0     17260.9  101.115317  41.185136      0
 3309.339     -61.5     89.5     1.0     17267.0  101.115563  41.185133      0
 3310.306     -61.2     89.3     1.0     17271.8  101.115816  41.185126      0
 3311.273     -61.0     89.2     1.0     17278.4  101.116082  41.185123      0
 3312.241     -61.3     89.1     1.0     17282.3  101.116356  41.185126      0
 3313.208     -61.3     89.1     1.0     17290.7  101.116690  41.185099      0
 3314.175     -61.3     89.0     1.0     17296.7  101.117011  41.185068      0
 3315.142     -61.0     88.9     1.0     17299.6  101.117326  41.185031      0
 3316.077     -61.1     88.8     1.0     17301.7  101.117933  41.185013      0
 3317.044     -61.5     88.8     1.0     17311.0  101.118248  41.185010      0
 3318.042     -61.7     88.6     1.0     17318.3  101.118555  41.185013      0
 3319.978     -61.5     88.6     1.0     17321.4  101.118862  41.185013      0
 3320.945     -61.0     88.5     1.0     17330.7  101.119149  41.184983      0
 3321.913     -61.1     88.4     1.0     17335.7  101.119457  41.184942      0
 3322.895     -61.1     88.2     1.0     17335.7  101.119457  41.184942      0
 3323.847     -61.1     88.3     1.0     17338.7  101.119771  41.184908      0
 3324.814     -61.3     88.2     1.0     17343.4  101.120092  41.184880      0
 3325.797     -61.9     88.0     1.0     17348.5  101.120406  41.184850      0
 3326.764     -62.1     87.9     1.0     17354.5  101.120713  41.184815      0
 3327.716     -62.1     87.9     1.0     17359.4  101.121007  41.184778      0
 3328.699     -62.2     87.9     1.0     17365.1  101.121294  41.184750      0
 3329.666     -62.1     87.8     1.0     17370.7  101.121581  41.184730      0
 3330.617     -62.0     87.6     1.0     17374.6  101.121874  41.184716      0
 3331.600     -62.1     87.6     1.0     17380.1  101.122161  41.184692      0
 3332.567     -62.1     87.5     1.0     17385.0  101.122455  41.184658      0
 3333.535     -62.1     87.5     1.0     17392.0  101.122721  41.184607      0
 3334.502     -62.0     87.4     1.0     17400.6  101.122988  41.184563      0
 3335.469     -61.9     87.3     1.0     17405.3  101.123268  41.184542      0
 3336.436     -61.8     87.2     1.0     17407.6  101.123555  41.184535      0
 3337.403     -61.9     87.2     1.0     17416.0  101.123821  41.184518      0
 3338.371     -62.1     87.0     1.0     17422.4  101.124087  41.184494      0
 3339.338     -62.5     86.9     1.0     17428.5  101.124354  41.184477      0
 3340.305     -62.7     86.9     1.0     17434.9  101.124620  41.184464      0
 3341.272     -62.6     86.8     1.0     17440.2  101.124900  41.184460      0
 3342.239     -62.2     86.8     1.0     17445.8  101.125173  41.184450      0
 3343.207     -62.3     86.7     1.0     17452.7  101.125433  41.184419      0
 3344.174     -62.2     86.6     1.0     17457.2  101.125693  41.184382      0
 3345.141     -62.3     86.4     1.0     17460.6  101.125938  41.184344      0
 3346.075     -62.4     86.4     1.0     17473.1  101.126396  41.184317      0
 3347.043     -62.3     86.5     1.0     17477.2  101.126635  41.184320      0
 3348.010     -62.4     86.3     1.0     17481.1  101.126881  41.184317      0
 3349.977     -62.7     86.2     1.0     17490.5  101.127127  41.184279      0
 3350.960     -62.7     86.2     1.0     17492.8  101.127380  41.184262      0
 3351.911     -62.6     86.1     1.0     17500.1  101.127639  41.184235      0
 3352.879     -62.6     85.9     1.0     17500.1  101.127639  41.184235      0
 3353.861     -62.7     85.9     1.0     17504.7  101.127899  41.184218      0
 3354.813     -62.6     85.8     1.0     17511.7  101.128145  41.184187      0
 3355.780     -62.2     85.6     1.0     17518.6  101.128384  41.184156      0
 3356.763     -62.3     85.6     1.0     17522.7  101.128609  41.184119      0
 3357.730     -62.4     85.5     1.0     17530.2  101.128841  41.184108      0
 3358.682     -62.6     85.4     1.0     17534.1  101.129073  41.184105      0
 3359.665     -62.5     85.4     1.0     17543.5  101.129313  41.184095      0
 3360.632     -62.4     85.4     1.0     17552.3  101.129558  41.184071      0
 3361.584     -62.4     85.3     1.0     17555.1  101.129804  41.184040      0
 3362.566     -62.0     85.3     1.0     17562.0  101.130037  41.183999      0
 3363.534     -62.2     85.2     1.0     17568.2  101.130255  41.183972      0
 3364.501     -62.3     85.0     1.0     17571.5  101.130474  41.183962      0
 3365.468     -62.3     84.9     1.0     17577.6  101.130692  41.183951      0
 3366.451     -62.4     84.9     1.0     17583.9  101.130924  41.183938      0
 3367.402     -62.3     84.9     1.0     17590.7  101.131157  41.183904      0
 3368.370     -62.6     84.8     1.0     17596.2  101.131409  41.183859      0
 3369.337     -62.6     84.6     1.0     17600.4  101.131689  41.183822      0
 3370.304     -62.5     84.6     1.0     17605.8  101.131976  41.183805      0
 3371.271     -62.6     84.5     1.0     17612.4  101.132263  41.183794      0
 3372.238     -62.3     84.4     1.0     17615.9  101.132530  41.183784      0
 3373.206     -62.2     84.3     1.0     17622.1  101.132755  41.183760      0
 3374.173     -62.0     84.3     1.0     17626.5  101.132974  41.183750      0
 3375.140     -61.9     84.1     1.0     17633.8  101.133185  41.183740      0
 3376.074     -61.8     84.0     1.0     17647.1  101.133684  41.183716      0
 3377.042     -61.9     84.0     1.0     17643.6  101.133971  41.183709      0
 3378.009     -61.6     84.0     1.0     17655.9  101.134264  41.183641      0
 3379.976     -62.1     83.9     1.0     17654.2  101.134579  41.183613      0
 3380.943     -62.0     83.9     1.0     17658.9  101.134900  41.183583      0
 3381.910     -62.0     83.7     1.0     17663.1  101.135193  41.183569      0
 3382.878     -62.3     83.7     1.0     17663.1  101.135193  41.183569      0
 3383.845     -62.0     83.7     1.0     17668.9  101.135467  41.183559      0
 3384.828     -61.7     83.5     1.0     17676.8  101.135692  41.183548      0
 3385.779     -61.8     83.4     1.0     17681.8  101.135904  41.183535      0
 3386.746     -61.8     83.4     1.0     17689.1  101.136102  41.183524      0
 3387.729     -61.5     83.3     1.0     17696.4  101.136327  41.183521      0
 3388.681     -61.1     83.1     1.0     17701.7  101.136580  41.183521      0
 3389.648     -61.6     83.1     1.0     17704.8  101.136846  41.183528      0
 3390.615     -61.8     83.2     1.0     17712.3  101.137119  41.183518      0
 3391.598     -61.7     83.0     1.0     17718.6  101.137393  41.183490      0
 3392.565     -61.3     83.0     1.0     17722.0  101.137639  41.183449      0
 3393.517     -60.9     82.8     1.0     17727.0  101.137878  41.183415      0
 3394.500     -60.5     82.7     1.0     17732.3  101.138110  41.183395      0
 3395.467     -60.3     82.7     1.0     17738.3  101.138349  41.183384      0
 3396.434     -59.9     82.6     1.0     17741.6  101.138595  41.183378      0
 3397.401     -59.5     82.6     1.0     17748.3  101.138841  41.183361      0
 3398.368     -59.3     82.5     1.0     17753.2  101.139093  41.183340      0
 3399.336     -59.3     82.4     1.0     17761.2  101.139360  41.183333      0
 3400.303     -59.4     82.4     1.0     17766.0  101.139640  41.183330      0
 3401.270     -59.2     82.3     1.0     17770.4  101.139920  41.183326      0
 3402.237     -59.2     82.2     1.0     17776.5  101.140179  41.183306      0
 3403.204     -59.3     82.0     1.0     17785.3  101.140418  41.183275      0
 3404.172     -59.4     82.0     1.0     17788.8  101.140651  41.183241      0
 3405.139     -59.5     82.0     1.0     17797.1  101.140856  41.183214      0
 3406.073     -59.8     81.7     1.0     17803.4  101.141272  41.183193      0
 3407.040     -59.7     81.8     1.0     17809.5  101.141491  41.183169      0
 3408.008     -59.9     81.6     1.0     17816.1  101.141709  41.183128      0
 3409.990     -59.9     81.6     1.0     17821.6  101.141921  41.183074      0
 3410.942     -59.7     81.5     1.0     17829.5  101.142133  41.183026      0
 3411.909     -59.7     81.3     1.0     17836.0  101.142331  41.182995      0
 3412.892     -59.5     81.3     1.0     17836.0  101.142331  41.182995      0
 3413.844     -59.5     81.3     1.0     17839.3  101.142515  41.182978      0
 3414.811     -59.5     81.2     1.0     17843.7  101.142672  41.182971      0
 3415.794     -59.7     81.1     1.0     17849.8  101.142816  41.182964      0
 3416.761     -59.8     81.0     1.0     17855.2  101.142959  41.182944      0
 3417.712     -59.6     80.9     1.0     17863.0  101.143123  41.182913      0
 3418.726     -59.6     80.8     1.0     17868.2  101.143321  41.182882      0
 3419.662     -60.0     80.6     1.0     17872.7  101.143540  41.182848      0
 3420.614     -59.9     80.6     1.0     17879.1  101.143752  41.182800      0
 3421.597     -59.3     80.5     1.0     17887.1  101.143956  41.182749      0
 3422.564     -58.9     80.5     1.0     17894.4  101.144134  41.182701      0
 3423.531     -59.1     80.5     1.0     17898.4  101.144318  41.182678      0
 3424.498     -59.1     80.4     1.0     17907.2  101.144489  41.182664      0
 3425.466     -59.3     80.4     1.0     17913.6  101.144660  41.182647      0
 3426.433     -59.5     80.2     1.0     17922.3  101.144817  41.182619      0
 3427.400     -59.4     80.2     1.0     17926.0  101.144961  41.182585      0
 3428.367     -59.3     80.1     1.0     17930.2  101.145111  41.182548      0
 3429.334     -59.3     80.0     1.0     17936.3  101.145282  41.182517      0
 3430.302     -59.6     79.9     1.0     17941.4  101.145473  41.182483      0
 3431.269     -59.8     79.9     1.0     17947.2  101.145671  41.182456      0
 3432.236     -59.7     79.7     1.0     17951.5  101.145862  41.182438      0
 3433.203     -59.3     79.6     1.0     17960.6  101.146006  41.182418      0
 3434.170     -59.3     79.6     1.0     17965.0  101.146135  41.182394      0
 3435.138     -59.5     79.5     1.0     17972.9  101.146272  41.182360      0
 3436.072     -59.4     79.4     1.0     17988.4  101.146559  41.182251      0
 3437.039     -59.3     79.2     1.0     17997.5  101.146695  41.182199      0
 3438.022     -59.3     79.1     1.0     18004.0  101.146839  41.182169      0
 3439.974     -59.0     79.0     1.0     18008.2  101.146996  41.182145      0
 3440.956     -58.5     79.0     1.0     18014.0  101.147167  41.182114      0
 3441.908     -58.3     78.9     1.0     18018.3  101.147344  41.182080      0
 3442.891     -58.1     78.9     1.0     18018.3  101.147344  41.182080      0
 3443.858     -57.9     78.8     1.0     18022.9  101.147515  41.182046      0
 3444.825     -57.9     78.8     1.0     18027.8  101.147679  41.182025      0
 3445.792     -57.8     78.6     1.0     18032.3  101.147836  41.182012      0
 3446.760     -58.0     78.6     1.0     18038.5  101.147986  41.181995      0
 3447.727     -58.4     78.6     1.0     18044.7  101.148137  41.181964      0
 3448.710     -58.6     78.5     1.0     18050.1  101.148280  41.181913      0
 3449.724     -58.5     78.3     1.0     18057.4  101.148451  41.181851      0
 3450.628     -58.0     78.2     1.0     18058.4  101.148649  41.181854      0
 3451.596     -58.1     78.1     1.0     18072.1  101.148826  41.181759      0
 3452.563     -58.2     78.1     1.0     18070.6  101.149045  41.181786      0
 3453.530     -58.1     78.1     1.0     18081.3  101.149216  41.181742      0
 3454.497     -57.9     78.1     1.0     18086.2  101.149373  41.181745      0
 3455.464     -57.9     77.9     1.0     18093.0  101.149496  41.181732      0
 3456.432     -58.0     77.8     1.0     18094.7  101.149626  41.181694      0
 3457.399     -58.2     77.7     1.0     18104.0  101.149748  41.181656      0
 3458.413     -58.6     77.7     1.0     18111.8  101.149906  41.181622      0
 3459.333     -59.0     77.6     1.0     18115.0  101.150069  41.181609      0
 3460.316     -58.9     77.5     1.0     18123.1  101.150233  41.181574      0
 3461.268     -58.8     77.5     1.0     18128.9  101.150370  41.181557      0
 3462.235     -58.7     77.4     1.0     18136.8  101.150493  41.181533      0
 3463.202     -58.7     77.3     1.0     18142.2  101.150623  41.181513      0
 3464.185     -58.8     77.3     1.0     18150.4  101.150766  41.181475      0
 3465.136     -58.5     77.1     1.0     18157.1  101.150916  41.181431      0
 3466.086     -57.8     76.9     1.0     18167.0  101.151196  41.181356      0
 3467.054     -57.8     76.9     1.0     18172.5  101.151319  41.181329      0
 3468.005     -58.0     76.8     1.0     18178.0  101.151449  41.181311      0
 3469.988     -57.9     76.8     1.0     18183.7  101.151593  41.181291      0
 3470.955     -57.5     76.7     1.0     18189.1  101.151736  41.181257      0
 3471.907     -57.5     76.7     1.0     18195.1  101.151859  41.181202      0
 3472.890     -57.4     76.6     1.0     18195.1  101.151859  41.181202      0
 3473.857     -57.3     76.5     1.0     18202.9  101.151968  41.181148      0
 3474.824     -57.3     76.4     1.0     18206.8  101.152071  41.181107      0
 3475.791     -57.3     76.4     1.0     18212.5  101.152180  41.181079      0
 3476.759     -57.4     76.2     1.0     18216.7  101.152310  41.181069      0
 3477.726     -57.5     76.2     1.0     18220.5  101.152453  41.181069      0
 3478.693     -57.0     76.1     1.0     18226.9  101.152597  41.181072      0
 3479.660     -56.7     76.1     1.0     18234.7  101.152726  41.181069      0
 3480.627     -56.4     76.1     1.0     18241.1  101.152829  41.181049      0
 3481.595     -56.5     76.0     1.0     18246.4  101.152938  41.181014      0
 3482.562     -56.5     75.9     1.0     18253.9  101.153047  41.180960      0
 3483.529     -56.2     75.9     1.0     18258.4  101.153177  41.180912      0
 3484.496     -56.1     75.8     1.0     18265.0  101.153334  41.180861      0
 3485.463     -55.9     75.7     1.0     18270.8  101.153478  41.180820      0
 3486.431     -55.9     75.7     1.0     18276.9  101.153614  41.180786      0
 3487.398     -56.3     75.6     1.0     18282.9  101.153730  41.180758      0
 3488.365     -57.0     75.5     1.0     18288.5  101.153853  41.180748      0
 3489.348     -57.5     75.3     1.0     18295.1  101.153983  41.180751      0
 3490.315     -57.2     75.3     1.0     18299.9  101.154113  41.180751      0
 3491.267     -56.9     75.2     1.0     18307.8  101.154222  41.180738      0
 3492.234     -56.9     75.1     1.0     18314.5  101.154325  41.180714      0
 3493.217     -57.0     75.1     1.0     18320.9  101.154413  41.180669      0
 3494.184     -57.1     74.9     1.0     18330.3  101.154530  41.180611      0
 3495.151     -56.8     74.9     1.0     18334.5  101.154666  41.180570      0
 3496.085     -57.4     74.8     1.0     18334.5  101.154974  41.180516      0
 3497.053     -57.4     74.8     1.0     18353.7  101.155049  41.180471      0
 3498.020     -57.2     74.6     1.0     18365.7  101.155117  41.180447      0
 3499.987     -56.8     74.6     1.0     18369.5  101.155213  41.180451      0
 3500.954     -56.9     74.5     1.0     18377.9  101.155315  41.180461      0
 3501.921     -57.0     74.5     1.0     18381.6  101.155452  41.180485      0
 3502.889     -57.1     74.4     1.0     18385.9  101.155588  41.180499      0
 3503.856     -56.9     74.2     1.0     18385.9  101.155588  41.180499      0
 3504.823     -56.7     74.2     1.0     18395.8  101.155698  41.180485      0
 3505.790     -56.9     74.1     1.0     18402.0  101.155807  41.180454      0
 3506.757     -56.9     74.0     1.0     18406.2  101.155909  41.180406      0
 3507.725     -56.9     73.9     1.0     18411.2  101.156019  41.180348      0
 3508.692     -57.0     73.9     1.0     18416.3  101.156135  41.180301      0
 3509.659     -56.6     73.8     1.0     18420.4  101.156258  41.180273      0
 3510.626     -56.6     73.7     1.0     18424.5  101.156346  41.180280      0
 3511.593     -56.8     73.7     1.0     18432.0  101.156415  41.180273      0
 3512.576     -57.1     73.6     1.0     18441.2  101.156449  41.180280      0
 3513.528     -57.4     73.5     1.0     18447.2  101.156504  41.180290      0
 3514.511     -57.4     73.5     1.0     18456.0  101.156592  41.180287      0
 3515.462     -57.2     73.4     1.0     18463.2  101.156715  41.180277      0
 3516.445     -56.8     73.3     1.0     18469.2  101.156845  41.180263      0
 3517.412     -56.5     73.3     1.0     18477.2  101.156947  41.180232      0
 3518.364     -56.4     73.1     1.0     18487.2  101.157002  41.180188      0
 3519.347     -56.5     73.0     1.0     18491.7  101.157029  41.180144      0
 3520.314     -56.5     73.0     1.0     18498.4  101.157043  41.180109      0
 3521.281     -56.5     72.9     1.0     18503.7  101.157070  41.180096      0
 3522.248     -56.5     72.8     1.0     18507.5  101.157111  41.180092      0
 3523.215     -56.7     72.8     1.0     18512.2  101.157173  41.180079      0
 3524.183     -56.9     72.7     1.0     18517.8  101.157255  41.180051      0
 3525.150     -56.6     72.7     1.0     18521.4  101.157337  41.180038      0
 3526.084     -55.8     72.5     1.0     18535.5  101.157514  41.180000      0
 3527.051     -55.4     72.4     1.0     18541.5  101.157562  41.180004      0
 3528.019     -55.3     72.3     1.0     18548.3  101.157603  41.180004      0
 3529.986     -55.6     72.3     1.0     18555.7  101.157631  41.179986      0
 3530.953     -56.0     72.3     1.0     18561.4  101.157658  41.179973      0
 3531.920     -56.3     72.2     1.0     18572.9  101.157699  41.179956      0
 3532.887     -56.4     72.1     1.0     18578.0  101.157774  41.179963      0
 3533.855     -56.1     72.1     1.0     18578.0  101.157774  41.179963      0
 3534.822     -56.0     71.9     1.0     18581.6  101.157849  41.179973      0
 3535.789     -56.1     71.9     1.0     18580.7  101.157931  41.180041      0
 3536.756     -56.4     71.8     1.0     18588.5  101.157979  41.180027      0
 3537.723     -56.6     71.7     1.0     18594.9  101.158013  41.180007      0
 3538.691     -56.9     71.7     1.0     18603.4  101.158054  41.179980      0
 3539.658     -57.1     71.5     1.0     18609.7  101.158122  41.179976      0
 3540.641     -56.9     71.5     1.0     18618.1  101.158211  41.179966      0
 3541.608     -56.6     71.5     1.0     18618.9  101.158307  41.179959      0
 3542.559     -57.3     71.4     1.0     18627.3  101.158395  41.179918      0
 3543.542     -57.7     71.3     1.0     18636.1  101.158471  41.179901      0
 3544.509     -57.6     71.3     1.0     18640.8  101.158546  41.179898      0
 3545.461     -57.4     71.2     1.0     18648.7  101.158628  41.179901      0
 3546.444     -57.2     71.0     1.0     18647.1  101.158717  41.179963      0
 3547.411     -57.1     71.1     1.0     18646.3  101.158792  41.180085      0
 3548.378     -57.3     71.0     1.0     18656.9  101.158798  41.180099      0
 3549.345     -56.9     70.8     1.0     18662.9  101.158812  41.180116      0
 3550.313     -56.9     70.8     1.0     18673.3  101.158833  41.180113      0
 3551.280     -57.1     70.7     1.0     18681.4  101.158901  41.180116      0
 3552.247     -57.1     70.6     1.0     18691.4  101.159010  41.180106      0
 3553.214     -56.7     70.6     1.0     18693.0  101.159119  41.180167      0
 3554.181     -56.5     70.5     1.0     18690.5  101.159201  41.180253      0
 3555.149     -56.3     70.5     1.0     18705.4  101.159311  41.180280      0
 3556.083     -55.6     70.4     1.0     18717.3  101.159461  41.180383      0
 3557.050     -55.6     70.2     1.0     18720.8  101.159543  41.180430      0
 3558.017     -55.7     70.3     1.0     18726.0  101.159604  41.180475      0
 3559.985     -56.0     70.1     1.0     18730.5  101.159659  41.180506      0
 3560.952     -56.3     70.1     1.0     18736.9  101.159693  41.180526      0
 3561.935     -56.5     70.1     1.0     18742.6  101.159762  41.180529      0
 3562.886     -56.7     69.9     1.0     18746.5  101.159850  41.180547      0
 3563.853     -56.7     69.9     1.0     18746.5  101.159850  41.180547      0
 3564.836     -56.2     69.9     1.0     18755.9  101.159973  41.180553      0
 3565.788     -56.3     69.9     1.0     18759.9  101.160096  41.180587      0
 3566.755     -56.6     69.7     1.0     18763.1  101.160219  41.180652      0
 3567.738     -56.5     69.7     1.0     18772.2  101.160315  41.180724      0
 3568.705     -56.4     69.6     1.0     18774.7  101.160404  41.180803      0
 3569.657     -56.5     69.6     1.0     18780.9  101.160465  41.180833      0
 3570.639     -56.8     69.5     1.0     18785.7  101.160520  41.180857      0
 3571.607     -57.2     69.4     1.0     18794.5  101.160574  41.180885      0
 3572.558     -57.4     69.3     1.0     18799.5  101.160636  41.180919      0
 3573.541     -57.4     69.2     1.0     18809.3  101.160711  41.180936      0
 3574.508     -57.2     69.2     1.0     18815.6  101.160813  41.180949      0
 3575.460     -57.2     69.0     1.0     18820.8  101.160929  41.180949      0
 3576.443     -57.3     69.1     1.0     18826.1  101.161046  41.180960      0
 3577.410     -57.1     69.0     1.0     18833.2  101.161162  41.180997      0
 3578.377     -56.7     68.9     1.0     18837.9  101.161271  41.181045      0
 3579.344     -56.6     68.8     1.0     18843.8  101.161380  41.181096      0
 3580.311     -57.2     68.8     1.0     18854.1  101.161483  41.181144      0
 3581.279     -57.8     68.7     1.0     18861.7  101.161585  41.181175      0
 3582.246     -58.3     68.7     1.0     18868.3  101.161667  41.181192      0
 3583.213     -58.6     68.5     1.0     18877.1  101.161729  41.181209      0
 3584.180     -58.5     68.5     1.0     18884.8  101.161783  41.181233      0
 3585.148     -58.5     68.4     1.0     18892.2  101.161865  41.181257      0
 3586.082     -58.0     68.2     1.0     18906.1  101.162159  41.181301      0
 3587.065     -57.9     68.1     1.0     18910.8  101.162343  41.181301      0
 3588.016     -58.0     68.0     1.0     18918.8  101.162494  41.181288      0
 3589.984     -57.9     68.0     1.0     18923.8  101.162610  41.181277      0
 3590.966     -57.5     67.9     1.0     18928.2  101.162685  41.181271      0
 3591.934     -57.5     67.8     1.0     18936.9  101.162739  41.181250      0
 3592.885     -58.2     67.7     1.0     18942.8  101.162801  41.181230      0
 3593.868     -58.4     67.7     1.0     18942.8  101.162801  41.181230      0
 3594.835     -58.2     67.7     1.0     18949.8  101.162897  41.181240      0
 3595.802     -58.7     67.7     1.0     18955.9  101.163026  41.181281      0
 3596.770     -58.8     67.5     1.0     18959.2  101.163177  41.181339      0
 3597.737     -57.8     67.5     1.0     18962.4  101.163354  41.181397      0
 3598.704     -57.5     67.4     1.0     18969.3  101.163532  41.181431      0
 3599.671     -57.4     67.3     1.0     18980.3  101.163689  41.181438      0
 3600.638     -57.9     67.4     1.0     18976.0  101.163873  41.181441      0
 3601.606     -58.0     67.3     1.0     18980.1  101.163996  41.181431      0
 3602.573     -57.8     67.2     1.0     18995.6  101.164058  41.181421      0
 3603.540     -57.6     67.3     1.0     18999.3  101.164147  41.181434      0
 3604.507     -58.0     67.2     1.0     19005.4  101.164228  41.181455      0
 3605.474     -58.4     67.1     1.0     19012.2  101.164304  41.181469      0
 3606.442     -58.5     66.9     1.0     19018.5  101.164399  41.181492      0
 3607.409     -58.6     66.8     1.0     19024.5  101.164515  41.181530      0
 3608.376     -58.4     66.9     1.0     19029.0  101.164652  41.181574      0
 3609.343     -58.5     66.8     1.0     19035.2  101.164782  41.181595      0
 3610.310     -58.5     66.7     1.0     19039.6  101.164918  41.181592      0
 3611.278     -58.6     66.7     1.0     19043.6  101.165041  41.181571      0
 3612.260     -58.3     66.6     1.0     19048.7  101.165151  41.181544      0
 3613.212     -58.4     66.5     1.0     19057.7  101.165253  41.181527      0
 3614.179     -58.2     66.5     1.0     19060.3  101.165362  41.181533      0
 3615.162     -58.4     66.4     1.0     19069.2  101.165458  41.181551      0
 3616.081     -58.6     66.3     1.0     19080.8  101.165656  41.181595      0
 3617.064     -58.6     66.3     1.0     19089.7  101.165745  41.181609      0
 3618.031     -58.5     66.2     1.0     19094.5  101.165834  41.181639      0
 3619.982     -58.5     66.1     1.0     19100.6  101.165909  41.181656      0
 3620.965     -58.5     66.1     1.0     19107.3  101.165984  41.181653      0
 3621.932     -58.4     66.0     1.0     19111.2  101.166066  41.181633      0
 3622.884     -58.4     65.9     1.0     19117.6  101.166134  41.181605      0
 3623.867     -58.2     65.9     1.0     19117.6  101.166134  41.181605      0
 3624.834     -58.2     65.8     1.0     19124.4  101.166209  41.181592      0
 3625.801     -57.9     65.8     1.0     19129.3  101.166278  41.181588      0
 3626.768     -57.9     65.5     1.0     19136.5  101.166353  41.181636      0
 3627.736     -57.7     65.7     1.0     19141.2  101.166421  41.181650      0
 3628.703     -57.7     65.4     1.0     19147.3  101.166503  41.181670      0
 3629.670     -57.5     65.5     1.0     19154.3  101.166605  41.181677      0
 3630.637     -57.6     65.4     1.0     19162.7  101.166721  41.181684      0
 3631.604     -57.2     65.5     1.0     19166.2  101.166858  41.181694      0
 3632.572     -57.3     65.3     1.0     19172.9  101.167002  41.181708      0
 3633.539     -57.1     65.3     1.0     19177.8  101.167131  41.181708      0
 3634.506     -56.7     65.1     1.0     19183.9  101.167254  41.181687      0
 3635.489     -56.8     65.1     1.0     19187.8  101.167364  41.181660      0
 3636.440     -56.5     65.1     1.0     19203.5  101.167439  41.181626      0
 3637.408     -56.2     65.1     1.0     19206.2  101.167541  41.181626      0
 3638.390     -56.4     65.0     1.0     19211.6  101.167644  41.181629      0
 3639.358     -56.4     64.9     1.0     19217.6  101.167760  41.181626      0
 3640.309     -56.2     64.8     1.0     19225.0  101.167883  41.181605      0
 3641.292     -56.3     64.7     1.0     19229.3  101.168019  41.181578      0
 3642.259     -56.6     64.8     1.0     19236.8  101.168163  41.181554      0
 3643.211     -56.6     64.8     1.0     19241.2  101.168313  41.181533      0
 3644.194     -56.0     64.6     1.0     19247.7  101.168463  41.181520      0
 3645.161     -56.0     64.6     1.0     19254.2  101.168600  41.181489      0
 3646.112     -56.2     64.5     1.0     19260.0  101.168723  41.181438      0
 3647.062     -54.9     64.4     1.0     19263.9  101.168948  41.181318      0
 3648.030     -54.5     64.4     1.0     19269.5  101.169051  41.181271      0
 3649.997     -54.5     64.2     1.0     19275.5  101.169160  41.181243      0
 3650.964     -54.7     64.2     1.0     19279.5  101.169269  41.181233      0
 3651.931     -54.4     64.2     1.0     19284.4  101.169385  41.181216      0
 3652.898     -54.1     64.0     1.0     19292.2  101.169481  41.181185      0
 3653.866     -53.9     64.0     1.0     19292.2  101.169481  41.181185      0
 3654.833     -54.4     64.0     1.0     19296.2  101.169577  41.181141      0
 3655.800     -54.9     63.9     1.0     19302.6  101.169672  41.181093      0
 3656.767     -55.0     63.9     1.0     19308.7  101.169761  41.181055      0
 3657.734     -55.2     63.8     1.0     19314.9  101.169836  41.181018      0
 3658.702     -55.2     63.8     1.0     19323.0  101.169891  41.180977      0
 3659.669     -55.0     63.6     1.0     19332.0  101.169925  41.180919      0
 3660.652     -54.6     63.6     1.0     19331.9  101.169973  41.180864      0
 3661.603     -54.6     63.7     1.0     19339.2  101.170027  41.180809      0
 3662.570     -54.8     63.6     1.0     19348.1  101.170109  41.180755      0
 3663.553     -54.7     63.6     1.0     19351.3  101.170212  41.180721      0
 3664.505     -54.3     63.4     1.0     19358.2  101.170321  41.180666      0
 3665.488     -54.2     63.3     1.0     19366.3  101.170417  41.180605      0
 3666.455     -54.2     63.3     1.0     19371.8  101.170492  41.180529      0
 3667.422     -54.3     63.2     1.0     19372.8  101.170546  41.180447      0
 3668.389     -54.3     63.2     1.0     19377.7  101.170594  41.180369      0
 3669.356     -54.3     63.0     1.0     19384.0  101.170635  41.180311      0
 3670.324     -54.3     63.0     1.0     19389.1  101.170690  41.180266      0
 3671.291     -54.4     63.0     1.0     19394.6  101.170738  41.180225      0
 3672.258     -54.2     63.0     1.0     19396.0  101.170785  41.180195      0
 3673.225     -54.0     62.9     1.0     19403.9  101.170792  41.180140      0
 3674.208     -54.0     62.8     1.0     19409.8  101.170806  41.180085      0
 3675.160     -54.2     62.7     1.0     19417.0  101.170826  41.180041      0
 3676.127     -54.4     62.8     1.0     19424.9  101.170867  41.180007      0
 3677.061     -54.3     62.7     1.0     19435.0  101.170963  41.179911      0
 3678.028     -54.6     62.5     1.0     19442.3  101.170990  41.179853      0
 3679.996     -54.7     62.4     1.0     19447.8  101.171004  41.179785      0
 3680.963     -54.6     62.4     1.0     19454.3  101.171031  41.179734      0
 3681.930     -54.8     62.3     1.0     19461.0  101.171072  41.179696      0
 3682.897     -55.0     62.3     1.0     19465.5  101.171093  41.179642      0
 3683.864     -55.3     62.2     1.0     19465.5  101.171093  41.179642      0
 3684.847     -55.4     62.1     1.0     19472.1  101.171106  41.179597      0
 3685.814     -55.3     62.1     1.0     19477.2  101.171093  41.179546      0
 3686.766     -55.3     62.1     1.0     19482.6  101.171086  41.179498      0
 3687.749     -55.3     62.0     1.0     19489.6  101.171086  41.179461      0
 3688.716     -55.0     61.9     1.0     19498.0  101.171100  41.179437      0
 3689.668     -54.4     61.8     1.0     19501.7  101.171120  41.179416      0
 3690.650     -54.5     61.7     1.0     19509.9  101.171127  41.179385      0
 3691.618     -54.6     61.6     1.0     19517.2  101.171113  41.179344      0
 3692.569     -54.8     61.7     1.0     19520.4  101.171100  41.179293      0
 3693.552     -54.9     61.6     1.0     19526.7  101.171106  41.179242      0
 3694.519     -55.0     61.6     1.0     19532.1  101.171120  41.179201      0
 3695.486     -55.3     61.4     1.0     19537.0  101.171141  41.179163      0
 3696.454     -55.3     61.4     1.0     19544.0  101.171147  41.179129      0
 3697.452     -55.4     61.4     1.0     19558.0  101.171113  41.179081      0
 3698.388     -55.5     61.3     1.0     19558.2  101.171106  41.179061      0
 3699.355     -55.4     61.3     1.0     19566.5  101.171086  41.179034      0
 3700.323     -55.6     61.1     1.0     19574.7  101.171106  41.179010      0
 3701.290     -55.5     61.2     1.0     19579.4  101.171134  41.178999      0
 3702.257     -55.8     61.0     1.0     19587.8  101.171161  41.178965      0
 3703.224     -55.7     61.0     1.0     19597.6  101.171154  41.178928      0
 3704.191     -55.6     60.9     1.0     19602.7  101.171127  41.178877      0
 3705.174     -55.3     60.9     1.0     19605.7  101.171100  41.178825      0
 3706.126     -55.2     60.8     1.0     19610.0  101.171086  41.178777      0
 3707.060     -56.1     60.6     1.0     19625.3  101.171086  41.178713      0
 3708.027     -56.0     60.6     1.0     19654.9  101.170997  41.178668      0
 3709.010     -56.0     60.5     1.0     19642.9  101.171031  41.178699      0
 3710.977     -56.4     60.5     1.0     19636.8  101.171011  41.178723      0
 3711.945     -56.4     60.4     1.0     19640.3  101.170977  41.178733      0
 3712.896     -56.2     60.4     1.0     19648.0  101.170943  41.178740      0
 3713.879     -55.5     60.3     1.0     19648.0  101.170943  41.178740      0
 3714.846     -55.3     60.2     1.0     19654.7  101.170922  41.178743      0
 3715.813     -55.2     60.2     1.0     19659.7  101.170915  41.178733      0
 3716.781     -55.4     60.2     1.0     19662.6  101.170908  41.178706      0
 3717.748     -55.9     60.0     1.0     19672.2  101.170854  41.178665      0
 3718.715     -56.0     59.9     1.0     19679.6  101.170826  41.178631      0
 3719.682     -55.8     60.0     1.0     19689.5  101.170826  41.178603      0
 3720.649     -55.4     60.0     1.0     19700.0  101.170847  41.178579      0
 3721.617     -55.4     59.7     1.0     19705.4  101.170881  41.178573      0
 3722.584     -55.7     59.8     1.0     19711.6  101.170895  41.178556      0
 3723.551     -55.4     59.7     1.0     19708.9  101.170915  41.178559      0
 3724.518     -55.6     59.7     1.0     19719.3  101.170881  41.178538      0
 3725.485     -55.9     59.7     1.0     19721.3  101.170888  41.178521      0
 3726.453     -56.1     59.6     1.0     19727.9  101.170881  41.178494      0
 3727.420     -56.4     59.6     1.0     19736.7  101.170881  41.178463      0
 3728.403     -56.5     59.4     1.0     19739.6  101.170888  41.178443      0
 3729.354     -56.1     59.3     1.0     19743.6  101.170874  41.178422      0
 3730.321     -55.9     59.4     1.0     19752.4  101.170854  41.178398      0
 3731.304     -56.1     59.2     1.0     19757.9  101.170867  41.178378      0
 3732.256     -56.5     59.2     1.0     19763.7  101.170888  41.178354      0
 3733.223     -56.5     59.1     1.0     19769.7  101.170895  41.178316      0
 3734.206     -56.2     59.1     1.0     19775.3  101.170902  41.178282      0
 3735.157     -56.2     59.0     1.0     19781.4  101.170881  41.178245      0
 3736.125     -56.2     59.0     1.0     19789.6  101.170861  41.178197      0
 3737.075     -55.6     59.0     1.0     19801.2  101.170888  41.178132      0
 3738.042     -55.8     58.8     1.0     19807.6  101.170929  41.178129      0
 3739.009     -56.2     58.8     1.0     19813.0  101.170949  41.178112      0
 3740.976     -56.2     58.7     1.0     19817.9  101.170963  41.178125      0
 3741.943     -55.5     58.7     1.0     19824.1  101.170963  41.178132      0
 3742.911     -54.7     58.6     1.0     19830.3  101.170984  41.178135      0
 3743.878     -54.7     58.5     1.0     19830.3  101.170984  41.178135      0
 3744.845     -55.0     58.4     1.0     19837.5  101.171011  41.178122      0
 3745.812     -55.4     58.4     1.0     19841.2  101.171045  41.178094      0
 3746.779     -55.7     58.3     1.0     19846.1  101.171059  41.178060      0
 3747.747     -55.8     58.3     1.0     19853.3  101.171031  41.178019      0
 3748.714     -55.6     58.2     1.0     19859.8  101.170990  41.177989      0
 3749.681     -55.6     58.2     1.0     19867.6  101.170963  41.177961      0
 3750.648     -55.7     58.2     1.0     19872.9  101.170963  41.177937      0
 3751.615     -56.1     58.0     1.0     19879.2  101.170977  41.177934      0
 3752.583     -56.4     58.0     1.0     19885.2  101.170997  41.177934      0
 3753.612     -56.6     57.9     1.0     19890.8  101.171004  41.177941      0
 3754.533     -56.6     57.9     1.0     19896.8  101.171025  41.177958      0
 3755.484     -56.0     57.8     1.0     19902.0  101.171052  41.177968      0
 3756.451     -55.3     57.8     1.0     19907.5  101.171093  41.177978      0
 3757.434     -55.0     57.8     1.0     19910.9  101.171127  41.177989      0
 3758.386     -54.8     57.7     1.0     19919.0  101.171147  41.177999      0
 3759.369     -54.8     57.7     1.0     19927.5  101.171120  41.177989      0
 3760.336     -55.0     57.6     1.0     19934.6  101.171065  41.177961      0
 3761.303     -55.3     57.5     1.0     19939.4  101.170997  41.177920      0
 3762.270     -55.5     57.5     1.0     19945.5  101.170949  41.177886      0
 3763.237     -55.4     57.4     1.0     19951.0  101.170922  41.177869      0
 3764.205     -55.3     57.4     1.0     19956.2  101.170915  41.177862      0
 3765.172     -55.6     57.3     1.0     19962.2  101.170936  41.177859      0
 3766.139     -56.0     57.3     1.0     19968.8  101.170970  41.177842      0
 3767.073     -55.4     57.2     1.0     19984.3  101.171065  41.177791      0
 3768.041     -55.3     57.1     1.0     19989.9  101.171113  41.177780      0
 3769.008     -55.2     57.0     1.0     19995.2  101.171154  41.177773      0
 3770.975     -54.9     57.1     1.0     19999.4  101.171188  41.177763      0
 3771.942     -55.1     56.9     1.0     20009.2  101.171209  41.177736      0
 3772.909     -55.4     56.8     1.0     20014.8  101.171229  41.177688      0
 3773.877     -55.2     56.7     1.0     20019.1  101.171243  41.177640      0
 3774.844     -55.4     56.7     1.0     20019.1  101.171243  41.177640      0
 3775.811     -55.6     56.7     1.0     20026.0  101.171236  41.177596      0
 3776.778     -55.7     56.6     1.0     20034.7  101.171223  41.177569      0
 3777.745     -55.6     56.6     1.0     20039.8  101.171202  41.177562      0
 3778.713     -55.6     56.6     1.0     20045.6  101.171175  41.177548      0
 3779.680     -55.8     56.5     1.0     20052.6  101.171154  41.177524      0
 3780.663     -55.7     56.4     1.0     20058.5  101.171134  41.177476      0
 3781.614     -55.7     56.4     1.0     20065.1  101.171127  41.177429      0
 3782.597     -55.7     56.3     1.0     20072.3  101.171127  41.177394      0
 3783.564     -55.9     56.3     1.0     20076.9  101.171120  41.177367      0
 3784.516     -56.0     56.2     1.0     20081.3  101.171113  41.177343      0
 3785.545     -56.0     56.2     1.0     20087.5  101.171100  41.177309      0
 3786.466     -55.9     56.2     1.0     20092.1  101.171079  41.177258      0
 3787.433     -55.7     56.1     1.0     20097.1  101.171052  41.177207      0
 3788.447     -55.5     56.0     1.0     20103.6  101.171031  41.177172      0
 3789.367     -55.4     56.0     1.0     20108.2  101.171018  41.177166      0
 3790.335     -55.2     55.9     1.0     20115.7  101.171004  41.177125      0
 3791.302     -55.4     55.9     1.0     20119.5  101.171038  41.177135      0
 3792.269     -56.0     55.8     1.0     20128.0  101.171059  41.177097      0
 3793.236     -56.0     55.7     1.0     20130.4  101.171086  41.177070      0
 3794.203     -55.5     55.6     1.0     20142.6  101.171100  41.176981      0
 3795.171     -55.7     55.6     1.0     20146.7  101.171120  41.176954      0
 3796.138     -56.0     55.5     1.0     20164.3  101.171079  41.176909      0
 3797.072     -56.0     55.4     1.0     20175.0  101.171011  41.176827      0
 3798.039     -55.9     55.4     1.0     20179.2  101.170956  41.176773      0
 3799.022     -55.7     55.2     1.0     20185.3  101.170908  41.176718      0
 3800.974     -55.4     55.3     1.0     20190.4  101.170867  41.176687      0
 3801.941     -55.4     55.1     1.0     20195.7  101.170833  41.176664      0
 3802.924     -55.6     55.2     1.0     20201.3  101.170792  41.176650      0
 3803.875     -55.7     55.0     1.0     20209.2  101.170738  41.176623      0
 3804.858     -55.4     55.1     1.0     20209.2  101.170738  41.176623      0
 3805.825     -55.2     55.0     1.0     20214.3  101.170697  41.176595      0
 3806.777     -55.4     54.9     1.0     20219.8  101.170656  41.176558      0
 3807.760     -55.8     54.8     1.0     20231.0  101.170642  41.176541      0
 3808.727     -55.9     54.9     1.0     20235.5  101.170642  41.176534      0
 3809.679     -55.4     54.8     1.0     20239.9  101.170642  41.176527      0
 3810.662     -55.2     54.6     1.0     20247.0  101.170615  41.176503      0
 3811.629     -55.3     54.6     1.0     20253.6  101.170560  41.176469      0
 3812.596     -55.3     54.6     1.0     20258.9  101.170492  41.176442      0
 3813.563     -55.3     54.6     1.0     20265.5  101.170430  41.176428      0
 3814.530     -55.3     54.4     1.0     20272.8  101.170376  41.176438      0
 3815.498     -55.3     54.4     1.0     20278.0  101.170341  41.176462      0
 3816.465     -54.5     54.3     1.0     20281.8  101.170328  41.176486      0
 3817.432     -54.1     54.3     1.0     20288.9  101.170314  41.176500      0
 3818.399     -53.8     54.2     1.0     20292.8  101.170307  41.176496      0
 3819.366     -53.7     54.2     1.0     20298.1  101.170287  41.176479      0
 3820.334     -54.0     54.1     1.0     20301.6  101.170280  41.176462      0
 3821.316     -54.7     54.1     1.0     20312.7  101.170253  41.176431      0
 3822.268     -55.2     54.0     1.0     20317.9  101.170239  41.176414      0
 3823.235     -55.2     53.9     1.0     20327.4  101.170205  41.176384      0
 3824.218     -54.9     53.9     1.0     20333.8  101.170157  41.176349      0
 3825.170     -54.7     53.9     1.0     20338.2  101.170096  41.176302      0
 3826.137     -54.7     53.8     1.0     20345.2  101.170027  41.176254      0
 3827.071     -54.4     53.8     1.0     20362.0  101.169939  41.176203      0
 3828.038     -54.6     53.6     1.0     20364.9  101.169911  41.176185      0
 3829.021     -54.5     53.6     1.0     20373.4  101.169850  41.176168      0
 3830.988     -54.4     53.6     1.0     20378.2  101.169775  41.176151      0
 3831.956     -54.4     53.5     1.0     20387.2  101.169686  41.176134      0
 3832.938     -54.2     53.4     1.0     20390.7  101.169624  41.176131      0
 3833.890     -54.2     53.4     1.0     20398.9  101.169563  41.176144      0
 3834.857     -54.1     53.4     1.0     20398.9  101.169563  41.176144      0
 3835.824     -54.0     53.3     1.0     20409.1  101.169529  41.176127      0
 3836.792     -54.0     53.2     1.0     20416.6  101.169481  41.176107      0
 3837.759     -54.0     53.2     1.0     20423.9  101.169419  41.176083      0
 3838.726     -54.1     53.1     1.0     20429.6  101.169344  41.176049      0
 3839.693     -54.0     53.0     1.0     20435.8  101.169276  41.176022      0
 3840.660     -54.2     52.9     1.0     20439.0  101.169242  41.176001      0
 3841.628     -54.1     53.0     1.0     20448.5  101.169208  41.175974      0
 3842.595     -54.1     52.9     1.0     20454.6  101.169180  41.175950      0
 3843.562     -54.0     52.8     1.0     20461.6  101.169133  41.175926      0
 3844.529     -54.1     52.8     1.0     20468.6  101.169071  41.175902      0
 3845.496     -54.0     52.7     1.0     20475.5  101.168989  41.175899      0
 3846.464     -54.1     52.7     1.0     20483.1  101.168921  41.175922      0
 3847.431     -54.4     52.6     1.0     20490.1  101.168859  41.175960      0
 3848.398     -54.4     52.6     1.0     20494.9  101.168771  41.175974      0
 3849.365     -54.2     52.5     1.0     20501.2  101.168682  41.175991      0
 3850.332     -54.2     52.5     1.0     20507.2  101.168579  41.175987      0
 3851.300     -54.1     52.4     1.0     20512.5  101.168497  41.175963      0
 3852.282     -54.3     52.4     1.0     20519.1  101.168436  41.175926      0
 3853.234     -54.8     52.3     1.0     20525.7  101.168409  41.175875      0
 3854.217     -54.5     52.3     1.0     20529.8  101.168381  41.175827      0
 3855.231     -54.3     52.2     1.0     20531.9  101.168361  41.175806      0
 3856.136     -54.3     52.1     1.0     20544.6  101.168265  41.175782      0
 3857.086     -54.0     52.1     1.0     20554.2  101.168060  41.175830      0
 3858.068     -54.1     52.1     1.0     20560.1  101.167965  41.175871      0
 3859.020     -54.0     51.9     1.0     20566.8  101.167903  41.175922      0
 3860.987     -54.1     51.8     1.0     20582.8  101.167828  41.175885      0
 3861.954     -54.1     51.8     1.0     20583.8  101.167807  41.175943      0
 3862.922     -53.7     51.8     1.0     20583.3  101.167773  41.175974      0
 3863.889     -53.9     51.7     1.0     20588.3  101.167705  41.175953      0
 3864.856     -53.7     51.7     1.0     20588.3  101.167705  41.175953      0
 3865.823     -53.6     51.6     1.0     20598.3  101.167623  41.175929      0
 3866.790     -53.9     51.6     1.0     20605.5  101.167541  41.175950      0
 3867.758     -54.1     51.5     1.0     20610.2  101.167480  41.175977      0
 3868.725     -54.1     51.5     1.0     20620.3  101.167418  41.176004      0
 3869.692     -54.3     51.4     1.0     20626.0  101.167377  41.176004      0
 3870.659     -54.0     51.4     1.0     20632.2  101.167350  41.176008      0
 3871.626     -54.2     51.3     1.0     20642.2  101.167323  41.176025      0
 3872.594     -54.4     51.3     1.0     20646.8  101.167302  41.176062      0
 3873.561     -54.0     51.2     1.0     20655.3  101.167247  41.176090      0
 3874.528     -54.0     51.2     1.0     20659.7  101.167193  41.176121      0
 3875.495     -54.1     51.2     1.0     20666.7  101.167118  41.176131      0
 3876.462     -54.2     51.0     1.0     20671.6  101.167049  41.176138      0
 3877.430     -54.1     51.0     1.0     20679.3  101.166995  41.176155      0
 3878.397     -54.3     50.9     1.0     20684.2  101.166947  41.176189      0
 3879.380     -54.4     50.9     1.0     20689.3  101.166906  41.176237      0
 3880.347     -54.3     50.9     1.0     20695.6  101.166892  41.176267      0
 3881.298     -54.4     50.8     1.0     20699.1  101.166879  41.176298      0
 3882.281     -54.3     50.6     1.0     20704.1  101.166872  41.176302      0
 3883.248     -54.4     50.6     1.0     20710.2  101.166865  41.176312      0
 3884.200     -54.3     50.6     1.0     20724.7  101.166810  41.176322      0
 3885.183     -54.5     50.6     1.0     20725.6  101.166776  41.176360      0
 3886.150     -54.4     50.5     1.0     20723.6  101.166769  41.176401      0
 3887.084     -54.6     50.4     1.0     20740.4  101.166721  41.176407      0
 3888.052     -54.7     50.4     1.0     20751.1  101.166701  41.176390      0
 3889.019     -54.5     50.3     1.0     20762.0  101.166674  41.176401      0
 3890.986     -54.6     50.3     1.0     20768.5  101.166640  41.176418      0
 3891.953     -54.4     50.2     1.0     20774.6  101.166619  41.176479      0
 3892.920     -54.4     50.2     1.0     20780.8  101.166612  41.176513      0
 3893.888     -54.1     50.1     1.0     20786.4  101.166599  41.176544      0
 3894.855     -54.2     50.1     1.0     20786.4  101.166599  41.176544      0
 3895.822     -54.3     50.0     1.0     20792.6  101.166592  41.176582      0
 3896.789     -54.3     50.0     1.0     20804.5  101.166564  41.176609      0
 3897.756     -54.3     50.0     1.0     20807.0  101.166530  41.176629      0
 3898.724     -54.2     50.0     1.0     20815.2  101.166489  41.176650      0
 3899.691     -54.3     49.9     1.0     20818.0  101.166469  41.176636      0
 3900.658     -53.9     49.8     1.0     20823.2  101.166462  41.176602      0
 3901.625     -53.8     49.9     1.0     20832.0  101.166455  41.176588      0
 3902.592     -54.3     49.8     1.0     20834.1  101.166441  41.176592      0
 3903.575     -54.3     49.8     1.0     20840.1  101.166428  41.176585      0
 3904.542     -54.0     49.8     1.0     20843.9  101.166414  41.176588      0
 3905.494     -54.1     49.6     1.0     20854.2  101.166407  41.176599      0
 3906.477     -54.3     49.6     1.0     20861.7  101.166428  41.176605      0
 3907.444     -54.4     49.4     1.0     20868.1  101.166448  41.176609      0
 3908.396     -54.0     49.4     1.0     20878.2  101.166455  41.176609      0
 3909.378     -53.8     49.3     1.0     20885.5  101.166441  41.176612      0
 3910.346     -53.9     49.3     1.0     20889.2  101.166414  41.176599      0
 3911.313     -53.9     49.2     1.0     20889.6  101.166394  41.176585      0
 3912.280     -53.4     49.2     1.0     20899.5  101.166373  41.176527      0
 3913.247     -53.2     49.2     1.0     20900.6  101.166380  41.176483      0
 3914.214     -53.1     49.2     1.0     20907.1  101.166380  41.176442      0
 3915.182     -52.9     49.1     1.0     20913.0  101.166373  41.176414      0
 3916.149     -53.0     49.1     1.0     20917.9  101.166346  41.176401      0
 3917.083     -53.6     49.0     1.0     20930.1  101.166305  41.176397      0
 3918.050     -53.9     49.0     1.0     20934.1  101.166291  41.176390      0
 3919.018     -53.9     48.9     1.0     20936.5  101.166278  41.176377      0
 3920.985     -53.7     48.8     1.0     20944.9  101.166230  41.176349      0
 3921.952     -53.8     48.8     1.0     20953.1  101.166168  41.176325      0
 3922.919     -53.7     48.7     1.0     20958.9  101.166120  41.176284      0
 3923.902     -53.9     48.7     1.0     20965.3  101.166086  41.176230      0
 3924.854     -53.6     48.6     1.0     20965.3  101.166086  41.176230      0
 3925.837     -53.5     48.7     1.0     20971.3  101.166073  41.176172      0
 3926.804     -53.5     48.6     1.0     20979.0  101.166066  41.176131      0
 3927.755     -53.8     48.5     1.0     20981.8  101.166045  41.176086      0
 3928.738     -53.9     48.4     1.0     20987.2  101.166011  41.176073      0
 3929.705     -53.8     48.4     1.0     20991.7  101.165984  41.176073      0
 3930.657     -53.7     48.4     1.0     20998.5  101.165970  41.176073      0
 3931.640     -53.1     48.3     1.0     21004.8  101.165963  41.176066      0
 3932.607     -52.8     48.2     1.0     21010.4  101.165943  41.176052      0
 3933.574     -52.9     48.2     1.0     21017.0  101.165902  41.176028      0
 3934.541     -53.2     48.1     1.0     21024.7  101.165861  41.176015      0
 3935.509     -53.3     48.1     1.0     21031.4  101.165827  41.175998      0
 3936.476     -53.6     48.2     1.0     21036.4  101.165806  41.175977      0
 3937.443     -53.3     48.0     1.0     21042.0  101.165799  41.175963      0
 3938.410     -53.0     47.9     1.0     21049.5  101.165786  41.175953      0
 3939.377     -53.4     47.9     1.0     21058.3  101.165758  41.175967      0
 3940.345     -53.6     47.8     1.0     21064.2  101.165731  41.175984      0
 3941.312     -53.5     47.9     1.0     21068.0  101.165704  41.176001      0
 3942.279     -52.8     47.8     1.0     21073.4  101.165690  41.175998      0
 3943.246     -52.7     47.7     1.0     21080.6  101.165683  41.175987      0
 3944.213     -52.7     47.8     1.0     21086.0  101.165670  41.175967      0
 3945.181     -52.7     47.7     1.0     21091.5  101.165629  41.175943      0
 3946.163     -52.7     47.6     1.0     21095.8  101.165567  41.175919      0
 3948.129     -52.7     47.6     1.0     21107.5  101.165458  41.175861      0
 3949.017     -52.9     47.5     1.0     21119.1  101.165383  41.175789      0
 3950.984     -53.3     47.4     1.0     21124.5  101.165342  41.175765      0
 3951.967     -53.4     47.4     1.0     21128.9  101.165287  41.175755      0
 3952.934     -53.4     47.4     1.0     21132.9  101.165219  41.175745      0
 3953.885     -53.5     47.4     1.0     21137.5  101.165178  41.175731      0
 3954.868     -53.6     47.3     1.0     21137.5  101.165178  41.175731      0
 3955.835     -53.5     47.3     1.0     21143.2  101.165144  41.175707      0
 3956.787     -53.0     47.2     1.0     21147.5  101.165123  41.175680      0
 3957.770     -52.4     47.1     1.0     21153.9  101.165110  41.175656      0
 3958.737     -52.1     47.1     1.0     21160.8  101.165075  41.175653      0
 3959.704     -52.1     47.1     1.0     21169.4  101.165007  41.175666      0
 3960.671     -52.2     47.0     1.0     21174.1  101.164939  41.175687      0
 3961.639     -52.0     47.0     1.0     21183.5  101.164857  41.175687      0
 3962.606     -52.1     46.9     1.0     21189.6  101.164802  41.175677      0
 3963.620     -52.5     46.9     1.0     21192.2  101.164768  41.175660      0
 3964.540     -52.5     46.9     1.0     21196.1  101.164727  41.175639      0
 3965.507     -52.5     46.9     1.0     21202.5  101.164672  41.175629      0
 3966.475     -52.4     46.6     1.0     21209.5  101.164590  41.175625      0
 3967.442     -52.7     46.7     1.0     21213.2  101.164495  41.175636      0
 3968.409     -52.7     46.6     1.0     21221.6  101.164399  41.175639      0
 3969.376     -52.6     46.6     1.0     21227.2  101.164317  41.175629      0
 3970.343     -52.4     46.6     1.0     21232.2  101.164249  41.175615      0
 3971.311     -52.2     46.5     1.0     21238.2  101.164194  41.175612      0
 3972.278     -52.3     46.5     1.0     21243.6  101.164147  41.175632      0
 3973.261     -52.8     46.4     1.0     21248.4  101.164099  41.175670      0
 3974.228     -52.9     46.4     1.0     21252.9  101.164058  41.175707      0
 3975.195     -52.4     46.4     1.0     21260.0  101.164024  41.175741      0
 3976.162     -52.4     46.4     1.0     21266.4  101.163996  41.175759      0
 3977.129     -52.6     46.2     1.0     21271.0  101.163969  41.175755      0
 3978.064     -52.0     46.2     1.0     21287.1  101.163846  41.175762      0
 3979.015     -52.1     46.2     1.0     21295.3  101.163757  41.175776      0
 3980.998     -52.2     46.0     1.0     21306.9  101.163682  41.175779      0
 3981.965     -52.1     46.1     1.0     21308.8  101.163614  41.175806      0
 3982.933     -52.0     46.0     1.0     21316.1  101.163559  41.175841      0
 3983.900     -52.2     45.9     1.0     21321.0  101.163504  41.175878      0
 3984.867     -52.5     45.9     1.0     21321.0  101.163504  41.175878      0
 3985.834     -52.2     45.9     1.0     21327.3  101.163457  41.175940      0
 3986.801     -52.1     45.8     1.0     21334.1  101.163409  41.176004      0
 3987.769     -52.2     45.7     1.0     21342.2  101.163375  41.176062      0
 3988.736     -51.7     45.8     1.0     21347.7  101.163354  41.176103      0
 3989.765     -51.9     45.7     1.0     21353.2  101.163334  41.176141      0
 3990.670     -52.0     45.6     1.0     21361.4  101.163313  41.176182      0
 3991.637     -51.6     45.6     1.0     21366.4  101.163279  41.176230      0
 3992.605     -51.7     45.5     1.0     21373.4  101.163231  41.176271      0
 3993.572     -51.7     45.4     1.0     21380.7  101.163170  41.176298      0
 3994.539     -51.7     45.5     1.0     21386.7  101.163115  41.176319      0
 3995.506     -51.9     45.5     1.0     21394.3  101.163061  41.176343      0
 3996.473     -51.9     45.5     1.0     21400.1  101.163013  41.176387      0
 3997.441     -51.8     45.3     1.0     21405.1  101.162958  41.176431      0
 3998.408     -52.0     45.3     1.0     21414.3  101.162924  41.176493      0
 3999.391     -52.1     45.3     1.0     21417.4  101.162897  41.176520      0
 4000.358     -51.9     45.3     1.0     21423.8  101.162876  41.176544      0
 4001.309     -52.0     45.1     1.0     21433.6  101.162828  41.176558      0
 4002.292     -52.1     45.2     1.0     21437.8  101.162774  41.176582      0
 4003.259     -52.0     45.1     1.0     21444.1  101.162699  41.176595      0
 4004.211     -52.2     45.0     1.0     21452.2  101.162623  41.176592      0
 4005.194     -52.0     45.0     1.0     21457.4  101.162562  41.176588      0
 4006.161     -51.9     45.0     1.0     21466.1  101.162507  41.176592      0
 4007.128     -52.2     44.9     1.0     21472.2  101.162466  41.176619      0
 4008.063     -52.4     44.8     1.0     21481.2  101.162412  41.176715      0
 4009.030     -52.1     44.8     1.0     21487.0  101.162398  41.176759      0
 4010.997     -52.3     44.8     1.0     21492.6  101.162391  41.176790      0
 4011.964     -51.9     44.7     1.0     21497.5  101.162384  41.176824      0
 4012.931     -51.7     44.7     1.0     21504.9  101.162364  41.176858      0
 4013.899     -52.1     44.6     1.0     21511.5  101.162343  41.176906      0
 4014.866     -52.5     44.6     1.0     21511.5  101.162343  41.176906      0
 4015.833     -52.3     44.5     1.0     21517.1  101.162302  41.176950      0
 4016.800     -52.4     44.4     1.0     21523.1  101.162268  41.176978      0
 4017.767     -52.2     44.4     1.0     21532.7  101.162241  41.176967      0
 4018.735     -52.3     44.3     1.0     21533.1  101.162227  41.176964      0
 4019.702     -52.5     44.4     1.0     21542.9  101.162220  41.176947      0
 4020.669     -52.2     44.3     1.0     21549.4  101.162220  41.176954      0
 4021.636     -52.0     44.2     1.0     21556.3  101.162207  41.176974      0
 4022.603     -52.3     44.2     1.0     21561.8  101.162193  41.177002      0
 4023.586     -52.3     44.2     1.0     21569.5  101.162159  41.177015      0
 4024.538     -52.3     44.2     1.0     21573.3  101.162132  41.177029      0
 4025.505     -52.3     44.0     1.0     21578.5  101.162091  41.177032      0
 4026.488     -52.3     44.0     1.0     21584.2  101.162036  41.177043      0
 4027.471     -52.3     44.0     1.0     21591.9  101.161968  41.177046      0
 4028.407     -52.2     43.9     1.0     21598.2  101.161906  41.177046      0
 4029.389     -52.4     43.9     1.0     21605.1  101.161865  41.177026      0
 4030.357     -52.2     43.8     1.0     21609.3  101.161845  41.176991      0
 4031.308     -51.8     43.8     1.0     21620.2  101.161831  41.176940      0
 4032.291     -52.2     43.8     1.0     21627.3  101.161817  41.176916      0
 4033.258     -52.3     43.8     1.0     21632.5  101.161790  41.176906      0
 4034.225     -52.1     43.7     1.0     21639.2  101.161756  41.176903      0
 4035.193     -52.2     43.7     1.0     21647.9  101.161708  41.176889      0
 4036.160     -52.2     43.6     1.0     21652.4  101.161667  41.176872      0
 4037.127     -52.1     43.5     1.0     21658.8  101.161619  41.176841      0
 4038.062     -52.2     43.6     1.0     21671.4  101.161490  41.176783      0
 4039.029     -52.1     43.4     1.0     21678.7  101.161421  41.176749      0
 4040.996     -52.1     43.4     1.0     21687.8  101.161373  41.176711      0
 4041.963     -52.5     43.4     1.0     21694.6  101.161339  41.176667      0
 4042.930     -52.5     43.3     1.0     21700.7  101.161319  41.176643      0
 4043.898     -52.1     43.2     1.0     21708.5  101.161298  41.176643      0
 4044.865     -52.0     43.2     1.0     21708.5  101.161298  41.176643      0
 4045.832     -52.3     43.1     1.0     21715.5  101.161285  41.176677      0
 4046.799     -52.5     43.1     1.0     21718.2  101.161264  41.176698      0
 4047.766     -52.3     43.1     1.0     21725.3  101.161257  41.176718      0
 4048.734     -51.6     42.9     1.0     21731.7  101.161264  41.176718      0
 4049.701     -51.4     43.0     1.0     21737.0  101.161278  41.176701      0
 4050.668     -51.5     42.9     1.0     21743.4  101.161285  41.176670      0
 4051.651     -51.5     42.8     1.0     21750.7  101.161271  41.176646      0
 4052.602     -51.4     42.8     1.0     21759.3  101.161223  41.176643      0
 4053.570     -51.5     42.8     1.0     21765.6  101.161169  41.176664      0
 4054.552     -51.5     42.8     1.0     21770.7  101.161100  41.176674      0
 4055.520     -51.5     42.7     1.0     21773.1  101.161059  41.176677      0
 4056.471     -51.9     42.6     1.0     21778.1  101.161025  41.176681      0
 4057.454     -52.1     42.6     1.0     21788.2  101.160998  41.176664      0
 4058.421     -51.9     42.6     1.0     21794.4  101.160977  41.176657      0
 4059.373     -51.9     42.5     1.0     21800.7  101.160957  41.176660      0
 4060.356     -52.1     42.5     1.0     21807.9  101.160929  41.176677      0
 4061.323     -52.4     42.4     1.0     21814.2  101.160916  41.176694      0
 4062.290     -52.6     42.4     1.0     21820.6  101.160902  41.176698      0
 4063.257     -52.9     42.4     1.0     21826.4  101.160875  41.176681      0
 4064.224     -53.2     42.3     1.0     21829.8  101.160841  41.176653      0
 4065.192     -53.4     42.3     1.0     21834.2  101.160786  41.176643      0
 4066.159     -53.0     42.2     1.0     21841.3  101.160718  41.176646      0
 4067.126     -52.7     42.1     1.0     21847.5  101.160636  41.176667      0
 4068.060     -52.3     42.2     1.0     21858.7  101.160479  41.176705      0
 4069.028     -52.0     42.1     1.0     21868.4  101.160410  41.176687      0
 4070.995     -51.7     42.0     1.0     21872.1  101.160363  41.176664      0
 4071.962     -51.4     41.9     1.0     21883.7  101.160328  41.176629      0
 4072.929     -51.3     41.9     1.0     21888.7  101.160322  41.176626      0
 4073.912     -51.6     41.8     1.0     21896.1  101.160308  41.176619      0
 4074.864     -52.1     41.8     1.0     21896.1  101.160308  41.176619      0
 4075.831     -52.4     41.8     1.0     21901.8  101.160274  41.176629      0
 4076.814     -52.6     41.7     1.0     21908.0  101.160219  41.176633      0
 4077.765     -52.6     41.7     1.0     21913.0  101.160137  41.176633      0
 4078.732     -52.5     41.7     1.0     21918.3  101.160035  41.176640      0
 4079.715     -52.3     41.6     1.0     21924.4  101.159925  41.176653      0
 4080.682     -52.1     41.6     1.0     21930.8  101.159823  41.176681      0
 4081.634     -51.1     41.4     1.0     21936.5  101.159741  41.176705      0
 4082.617     -50.6     41.5     1.0     21944.9  101.159693  41.176711      0
 4083.584     -50.1     41.5     1.0     21949.0  101.159673  41.176705      0
 4084.598     -50.1     41.4     1.0     21954.8  101.159673  41.176670      0
 4085.518     -50.0     41.4     1.0     21963.5  101.159693  41.176687      0
 4086.486     -49.8     41.4     1.0     21970.7  101.159686  41.176698      0
 4087.453     -49.7     41.3     1.0     21979.7  101.159632  41.176646      0
 4088.420     -49.6     41.2     1.0     21979.4  101.159618  41.176763      0
 4089.387     -49.6     41.2     1.0     21981.7  101.159577  41.176845      0
 4090.354     -49.9     41.2     1.0     21990.9  101.159495  41.176858      0
 4091.322     -50.2     41.1     1.0     21999.4  101.159413  41.176841      0
 4092.289     -50.7     41.1     1.0     22006.8  101.159345  41.176834      0
 4093.256     -51.0     41.0     1.0     22014.7  101.159270  41.176834      0
 4094.223     -51.3     41.0     1.0     22021.4  101.159208  41.176858      0
 4095.190     -51.8     40.9     1.0     22028.1  101.159188  41.176879      0
 4096.158     -52.3     40.9     1.0     22034.0  101.159181  41.176903      0
 4097.125     -52.1     40.9     1.0     22038.3  101.159195  41.176937      0
 4098.059     -51.9     40.8     1.0     22055.5  101.159160  41.177036      0
 4099.026     -52.2     40.7     1.0     22060.6  101.159119  41.177067      0
 4100.009     -52.3     40.6     1.0     22068.4  101.159079  41.177080      0
 4101.961     -52.3     40.6     1.0     22074.9  101.159058  41.177070      0
 4102.928     -52.0     40.5     1.0     22078.5  101.159044  41.177070      0
 4103.911     -51.6     40.6     1.0     22085.1  101.159038  41.177067      0
 4104.878     -51.2     40.4     1.0     22092.2  101.159031  41.177084      0
 4105.830     -51.0     40.4     1.0     22092.2  101.159031  41.177084      0
 4106.812     -50.9     40.4     1.0     22099.3  101.159017  41.177114      0
 4107.780     -50.9     40.4     1.0     22105.2  101.159003  41.177155      0
 4108.747     -51.3     40.3     1.0     22112.7  101.159017  41.177186      0
 4109.714     -52.0     40.3     1.0     22119.9  101.159044  41.177213      0
 4110.728     -52.5     40.2     1.0     22127.4  101.159065  41.177230      0
 4111.648     -52.8     40.2     1.0     22134.8  101.159072  41.177237      0
 4112.616     -52.8     40.2     1.0     22141.9  101.159065  41.177241      0
 4113.583     -52.7     40.1     1.0     22144.8  101.159031  41.177251      0
 4114.550     -52.3     40.1     1.0     22150.2  101.159017  41.177244      0
 4115.517     -51.9     40.1     1.0     22158.4  101.159010  41.177224      0
 4116.484     -51.6     40.0     1.0     22163.6  101.159017  41.177203      0
 4117.452     -51.4     40.0     1.0     22171.8  101.159024  41.177200      0
 4118.419     -51.5     39.9     1.0     22178.9  101.159003  41.177213      0
 4119.386     -51.7     39.9     1.0     22184.3  101.158976  41.177234      0
 4120.353     -51.7     39.9     1.0     22189.7  101.158942  41.177261      0
 4121.336     -51.8     39.8     1.0     22196.8  101.158915  41.177278      0
 4122.288     -51.6     39.8     1.0     22203.8  101.158894  41.177285      0
 4123.255     -51.4     39.8     1.0     22210.7  101.158867  41.177278      0
 4124.238     -51.4     39.7     1.0     22222.3  101.158812  41.177265      0
 4125.189     -51.3     39.7     1.0     22227.3  101.158744  41.177251      0
 4126.156     -51.2     39.7     1.0     22234.2  101.158669  41.177241      0
 4127.139     -51.3     39.5     1.0     22241.3  101.158621  41.177237      0
 4128.058     -51.6     39.5     1.0     22251.0  101.158594  41.177248      0
 4129.041     -51.3     39.5     1.0     22256.1  101.158566  41.177268      0
 4130.008     -51.2     39.4     1.0     22264.3  101.158518  41.177295      0
 4131.960     -51.5     39.3     1.0     22272.5  101.158443  41.177319      0
 4132.942     -51.8     39.4     1.0     22279.0  101.158355  41.177319      0
 4133.910     -51.7     39.2     1.0     22285.6  101.158273  41.177295      0
 4134.877     -51.5     39.2     1.0     22290.9  101.158204  41.177251      0
 4135.844     -51.4     39.2     1.0     22290.9  101.158204  41.177251      0
 4136.811     -51.1     39.1     1.0     22293.8  101.158143  41.177220      0
 4137.778     -50.9     39.0     1.0     22304.8  101.158081  41.177189      0
 4138.746     -51.0     39.1     1.0     22311.1  101.157999  41.177189      0
 4139.713     -51.5     39.0     1.0     22316.7  101.157931  41.177210      0
 4140.680     -52.0     38.9     1.0     22324.1  101.157876  41.177237      0
 4141.647     -52.2     38.8     1.0     22329.1  101.157842  41.177265      0
 4142.614     -51.7     39.0     1.0     22335.4  101.157815  41.177289      0
 4143.582     -51.2     38.9     1.0     22342.6  101.157774  41.177312      0
 4144.549     -51.3     38.8     1.0     22350.5  101.157712  41.177333      0
 4145.532     -51.6     38.8     1.0     22358.9  101.157658  41.177340      0
 4146.483     -51.7     38.7     1.0     22366.7  101.157617  41.177336      0
 4147.450     -51.0     38.7     1.0     22373.1  101.157603  41.177323      0
 4148.433     -50.7     38.7     1.0     22377.7  101.157596  41.177306      0
 4149.385     -50.4     38.6     1.0     22383.7  101.157576  41.177292      0
 4150.352     -50.1     38.6     1.0     22389.8  101.157535  41.177289      0
 4151.335     -50.4     38.5     1.0     22396.3  101.157501  41.177312      0
 4152.287     -50.9     38.5     1.0     22401.2  101.157460  41.177329      0
 4153.269     -51.4     38.5     1.0     22409.0  101.157446  41.177343      0
 4154.237     -51.9     38.5     1.0     22414.9  101.157426  41.177353      0
 4155.204     -52.1     38.4     1.0     22421.2  101.157378  41.177367      0
 4156.171     -52.1     38.3     1.0     22428.1  101.157316  41.177384      0
 4157.138     -51.9     38.3     1.0     22434.0  101.157241  41.177405      0
 4158.073     -51.4     38.2     1.0     22447.4  101.157132  41.177425      0
 4159.040     -51.5     38.2     1.0     22452.5  101.157105  41.177435      0
 4160.007     -51.7     38.2     1.0     22458.4  101.157057  41.177452      0
 4161.974     -51.6     38.1     1.0     22465.3  101.156988  41.177480      0
 4162.941     -51.4     38.0     1.0     22471.1  101.156907  41.177514      0
 4163.909     -51.3     38.1     1.0     22476.7  101.156804  41.177562      0
 4164.876     -51.1     38.0     1.0     22488.8  101.156715  41.177606      0
 4165.843     -51.3     38.0     1.0     22488.8  101.156715  41.177606      0
 4166.810     -50.9     37.9     1.0     22498.9  101.156661  41.177637      0
 4167.777     -50.6     37.8     1.0     22499.9  101.156620  41.177688      0
 4168.745     -50.9     37.9     1.0     22510.4  101.156551  41.177709      0
 4170.679     -50.8     37.7     1.0     22522.8  101.156353  41.177739      0
 4171.646     -50.5     37.8     1.0     22527.3  101.156251  41.177756      0
 4172.613     -50.1     37.7     1.0     22533.1  101.156155  41.177787      0
 4173.581     -50.3     37.7     1.0     22537.6  101.156087  41.177828      0
 4174.563     -50.5     37.7     1.0     22541.4  101.156025  41.177886      0
 4175.515     -50.5     37.6     1.0     22546.9  101.155937  41.177965      0
 4176.498     -50.3     37.6     1.0     22552.4  101.155841  41.178040      0
 4177.465     -50.2     37.5     1.0     22560.4  101.155718  41.178112      0
 4178.417     -50.7     37.5     1.0     22567.4  101.155616  41.178176      0
 4179.399     -50.6     37.4     1.0     22573.8  101.155540  41.178234      0
 4180.367     -50.1     37.5     1.0     22579.4  101.155499  41.178272      0
 4181.396     -49.8     37.4     1.0     22584.1  101.155459  41.178299      0
 4182.301     -50.0     37.4     1.0     22591.3  101.155397  41.178316      0
 4183.268     -50.0     37.3     1.0     22597.3  101.155322  41.178344      0
 4184.235     -50.0     37.3     1.0     22604.3  101.155219  41.178378      0
 4185.203     -50.3     37.4     1.0     22612.3  101.155131  41.178436      0
 4186.170     -50.5     37.2     1.0     22616.9  101.155069  41.178501      0
 4187.137     -50.0     37.2     1.0     22623.3  101.155015  41.178562      0
 4188.071     -50.1     37.0     1.0     22639.1  101.154892  41.178665      0
 4189.039     -49.9     37.1     1.0     22644.8  101.154837  41.178699      0
 4190.006     -49.6     37.0     1.0     22650.1  101.154789  41.178723      0
 4191.973     -49.4     37.1     1.0     22656.8  101.154775  41.178760      0
 4192.940     -49.0     37.0     1.0     22660.5  101.154741  41.178774      0
 4193.907     -48.6     36.9     1.0     22666.4  101.154700  41.178815      0
 4194.890     -48.5     36.8     1.0     22672.5  101.154646  41.178883      0
 4195.842     -48.7     36.8     1.0     22672.5  101.154646  41.178883      0
 4196.809     -49.0     36.8     1.0     22677.9  101.154564  41.178958      0
 4197.792     -49.2     36.8     1.0     22682.6  101.154495  41.179044      0
 4198.743     -49.6     36.7     1.0     22690.6  101.154454  41.179126      0
 4199.711     -49.5     36.7     1.0     22692.6  101.154441  41.179198      0
 4200.693     -49.3     36.6     1.0     22703.7  101.154461  41.179221      0
 4201.645     -49.7     36.7     1.0     22708.7  101.154475  41.179232      0
 4202.612     -49.7     36.7     1.0     22715.3  101.154461  41.179228      0
 4203.595     -49.4     36.5     1.0     22721.3  101.154420  41.179228      0
 4204.593     -49.6     36.5     1.0     22732.3  101.154338  41.179225      0
 4205.529     -49.5     36.4     1.0     22735.2  101.154284  41.179252      0
 4206.497     -49.3     36.4     1.0     22743.5  101.154243  41.179276      0
 4207.464     -49.6     36.4     1.0     22751.0  101.154215  41.179300      0
 4208.431     -49.9     36.4     1.0     22757.6  101.154215  41.179344      0
 4209.398     -49.6     36.3     1.0     22764.2  101.154215  41.179399      0
 4210.365     -49.6     36.4     1.0     22771.4  101.154215  41.179481      0
 4211.333     -49.8     36.3     1.0     22773.9  101.154222  41.179532      0
 4212.300     -49.5     36.2     1.0     22783.7  101.154243  41.179573      0
 4213.267     -49.6     36.2     1.0     22787.9  101.154263  41.179597      0
 4214.234     -49.6     36.2     1.0     22793.1  101.154270  41.179601      0
 4215.201     -49.3     36.2     1.0     22797.8  101.154243  41.179607      0
 4216.169     -49.3     36.1     1.0     22805.2  101.154195  41.179628      0
 4217.136     -49.3     36.1     1.0     22811.4  101.154127  41.179669      0
 4218.070     -49.2     36.0     1.0     22825.6  101.154031  41.179751      0
 4219.037     -49.1     36.1     1.0     22836.8  101.154065  41.179751      0
 4220.020     -49.2     36.0     1.0     22838.6  101.154072  41.179795      0
 4221.972     -49.6     35.9     1.0     22846.6  101.154099  41.179840      0
 4222.939     -49.3     35.9     1.0     22858.5  101.154140  41.179870      0
 4223.922     -49.4     35.9     1.0     22860.7  101.154181  41.179935      0
 4224.873     -49.6     35.8     1.0     22865.5  101.154209  41.179983      0
 4225.841     -49.2     35.9     1.0     22865.5  101.154209  41.179983      0
 4226.823     -49.4     35.8     1.0     22874.7  101.154236  41.180004      0
 4227.791     -49.3     35.8     1.0     22881.6  101.154243  41.180017      0
 4228.758     -49.1     35.7     1.0     22883.3  101.154229  41.180038      0
 4229.725     -49.2     35.6     1.0     22886.8  101.154174  41.180058      0
 4230.692     -49.1     35.5     1.0     22894.8  101.154079  41.180082      0
 4231.659     -48.9     35.5     1.0     22899.6  101.153983  41.180126      0
 4232.627     -48.9     35.6     1.0     22904.8  101.153922  41.180178      0
 4233.594     -49.0     35.6     1.0     22915.2  101.153901  41.180239      0
 4234.561     -49.3     35.4     1.0     22917.8  101.153922  41.180280      0
 4235.528     -49.2     35.4     1.0     22922.6  101.153970  41.180321      0
 4236.495     -49.0     35.4     1.0     22930.6  101.153997  41.180342      0
 4237.463     -49.1     35.3     1.0     22938.7  101.153997  41.180348      0
 4238.430     -48.9     35.4     1.0     22942.9  101.153963  41.180362      0
 4239.397     -49.1     35.3     1.0     22949.0  101.153922  41.180379      0
 4240.364     -49.1     35.3     1.0     22955.2  101.153867  41.180403      0
 4241.347     -49.3     35.2     1.0     22961.6  101.153819  41.180430      0
 4242.345     -49.3     35.2     1.0     22968.4  101.153758  41.180454      0
 4243.266     -49.4     35.1     1.0     22975.8  101.153696  41.180485      0
 4245.216     -49.4     35.0     1.0     22989.2  101.153553  41.180550      0
 4246.167     -49.3     35.0     1.0     22999.4  101.153526  41.180570      0
 4247.150     -49.6     35.0     1.0     23005.3  101.153519  41.180594      0
 4248.069     -49.4     34.9     1.0     23018.9  101.153491  41.180666      0
 4249.052     -49.4     34.9     1.0     23025.4  101.153444  41.180710      0
 4250.019     -49.3     34.8     1.0     23031.2  101.153389  41.180755      0
 4251.986     -49.4     34.9     1.0     23034.9  101.153334  41.180796      0
 4252.953     -49.4     34.8     1.0     23042.6  101.153293  41.180820      0
 4253.921     -49.6     34.7     1.0     23049.3  101.153266  41.180820      0
 4254.888     -49.6     34.7     1.0     23052.6  101.153252  41.180823      0
 4255.855     -49.3     34.7     1.0     23052.6  101.153252  41.180823      0
 4256.822     -49.9     34.6     1.0     23062.6  101.153239  41.180840      0
 4257.789     -50.2     34.6     1.0     23066.5  101.153218  41.180864      0
 4258.757     -50.1     34.6     1.0     23070.5  101.153205  41.180922      0
 4259.724     -49.7     34.5     1.0     23078.3  101.153191  41.180980      0
 4260.722     -49.8     34.5     1.0     23086.5  101.153205  41.181025      0
 4261.658     -49.9     34.5     1.0     23093.9  101.153225  41.181055      0
 4262.625     -49.5     34.5     1.0     23100.6  101.153232  41.181090      0
 4263.593     -49.3     34.5     1.0     23107.8  101.153225  41.181130      0
 4264.560     -49.5     34.3     1.0     23113.3  101.153218  41.181171      0
 4265.543     -49.7     34.3     1.0     23120.0  101.153211  41.181195      0
 4266.494     -49.4     34.3     1.0     23125.6  101.153205  41.181209      0
 4267.462     -49.2     34.2     1.0     23131.3  101.153205  41.181233      0
 4268.444     -49.0     34.4     1.0     23140.3  101.153211  41.181257      0
 4269.412     -48.8     34.2     1.0     23143.6  101.153239  41.181318      0
 4270.379     -48.3     34.2     1.0     23150.0  101.153259  41.181383      0
 4271.377     -47.8     34.1     1.0     23158.8  101.153293  41.181441      0
 4272.313     -47.5     34.1     1.0     23166.6  101.153321  41.181479      0
 4273.280     -47.4     34.0     1.0     23171.8  101.153341  41.181492      0
 4274.248     -47.5     34.0     1.0     23177.2  101.153334  41.181503      0
 4275.215     -47.7     34.0     1.0     23184.9  101.153293  41.181516      0
 4276.182     -48.0     33.9     1.0     23191.8  101.153232  41.181537      0
 4277.149     -48.1     33.9     1.0     23197.8  101.153164  41.181564      0
 4278.084     -48.4     33.8     1.0     23211.1  101.153123  41.181609      0
 4279.051     -48.7     33.8     1.0     23217.7  101.153143  41.181615      0
 4280.018     -48.5     33.7     1.0     23224.2  101.153177  41.181629      0
 4281.985     -47.9     33.7     1.0     23230.7  101.153205  41.181653      0
 4282.952     -47.5     33.6     1.0     23236.5  101.153198  41.181691      0
 4283.920     -47.2     33.7     1.0     23242.6  101.153170  41.181732      0
 4284.902     -47.1     33.6     1.0     23248.0  101.153123  41.181755      0
 4285.854     -47.4     33.6     1.0     23248.0  101.153123  41.181755      0
 4286.821     -47.7     33.5     1.0     23255.7  101.153061  41.181762      0
 4287.788     -47.8     33.5     1.0     23263.3  101.152993  41.181749      0
 4288.756     -47.6     33.4     1.0     23268.9  101.152925  41.181732      0
 4289.738     -47.6     33.5     1.0     23276.3  101.152863  41.181732      0
 4290.706     -47.8     33.3     1.0     23284.0  101.152802  41.181745      0
 4291.657     -48.0     33.4     1.0     23290.9  101.152754  41.181773      0
 4292.624     -47.9     33.4     1.0     23297.4  101.152733  41.181793      0
 4293.607     -47.6     33.2     1.0     23304.6  101.152747  41.181807      0
 4294.574     -47.4     33.1     1.0     23310.8  101.152788  41.181810      0
 4295.526     -47.1     33.2     1.0     23317.1  101.152822  41.181820      0
 4296.509     -46.8     33.2     1.0     23328.8  101.152802  41.181790      0
 4297.476     -46.7     33.2     1.0     23320.4  101.152822  41.181885      0
 4298.428     -46.8     33.3     1.0     23326.8  101.152754  41.181930      0
 4300.378     -46.9     33.1     1.0     23347.0  101.152576  41.181988      0
 4301.345     -47.1     33.0     1.0     23354.0  101.152508  41.181967      0
 4302.312     -47.1     33.0     1.0     23359.4  101.152446  41.181947      0
 4303.279     -47.1     33.0     1.0     23368.3  101.152399  41.181950      0
 4304.246     -47.4     32.9     1.0     23378.1  101.152337  41.181957      0
 4305.214     -48.0     32.9     1.0     23388.7  101.152282  41.181971      0
 4306.181     -48.6     32.9     1.0     23396.3  101.152255  41.181991      0
 4307.148     -48.6     32.8     1.0     23403.9  101.152241  41.181998      0
 4308.082     -47.9     32.9     1.0     23409.0  101.152221  41.182012      0
 4309.050     -48.1     32.7     1.0     23429.1  101.152112  41.181977      0
 4310.032     -48.3     32.6     1.0     23430.6  101.152030  41.181981      0
 4311.984     -48.2     32.7     1.0     23442.5  101.151927  41.181954      0
 4312.951     -48.1     32.5     1.0     23449.4  101.151859  41.181926      0
 4313.934     -48.0     32.6     1.0     23454.5  101.151825  41.181892      0
 4314.886     -47.8     32.6     1.0     23461.1  101.151798  41.181848      0
 4315.853     -47.5     32.5     1.0     23461.1  101.151798  41.181848      0
 4316.820     -47.2     32.4     1.0     23469.2  101.151770  41.181810      0
 4317.803     -46.9     32.5     1.0     23476.3  101.151743  41.181786      0
 4318.770     -46.6     32.4     1.0     23479.9  101.151702  41.181766      0
 4319.722     -46.5     32.4     1.0     10376.9  101.151675  41.181752      0
 4320.704     -46.3     32.3     1.0     23492.6  101.151675  41.181749      0
 4321.672     -46.3     32.3     1.0     23499.0  101.151695  41.181742      0
 4322.639     -46.2     32.3     1.0     23503.1  101.151722  41.181732      0
 4323.606     -46.1     32.2     1.0     23505.0  101.151736  41.181714      0
 4324.573     -46.3     32.3     1.0     23516.1  101.151681  41.181673      0
 4325.540     -46.5     32.1     1.0     23522.8  101.151613  41.181626      0
 4326.508     -46.7     32.2     1.0     23530.2  101.151552  41.181574      0
 4327.475     -46.9     32.1     1.0     23537.4  101.151511  41.181520      0
 4328.442     -47.1     32.1     1.0     23543.7  101.151504  41.181469      0
 4329.409     -47.6     32.0     1.0     23547.9  101.151524  41.181431      0
 4330.376     -47.5     32.0     1.0     23553.3  101.151531  41.181404      0
 4331.344     -47.3     32.0     1.0     23560.9  101.151524  41.181376      0
 4332.311     -47.1     31.9     1.0     23568.5  101.151504  41.181356      0
 4333.278     -47.4     31.8     1.0     23575.9  101.151497  41.181339      0
 4334.245     -47.5     31.9     1.0     23580.7  101.151504  41.181322      0
 4335.212     -47.4     31.9     1.0     23587.0  101.151517  41.181281      0
 4336.180     -47.4     31.9     1.0     23592.9  101.151511  41.181226      0
 4337.147     -47.7     31.8     1.0     23599.7  101.151483  41.181151      0
 4338.081     -48.1     31.7     1.0     23614.8  101.151463  41.181008      0
 4339.064     -47.9     31.7     1.0     23621.9  101.151477  41.180960      0
 4340.016     -48.3     31.6     1.0     23627.9  101.151490  41.180936      0
 4341.998     -48.4     31.5     1.0     23634.1  101.151483  41.180926      0
 4342.966     -48.1     31.6     1.0     23641.3  101.151442  41.180922      0
 4343.917     -48.1     31.6     1.0     23647.9  101.151367  41.180915      0
 4344.900     -48.0     31.5     1.0     23653.2  101.151285  41.180909      0
 4345.852     -47.9     31.4     1.0     23664.4  101.151217  41.180895      0
 4346.834     -47.9     31.4     1.0     23664.4  101.151217  41.180895      0
 4347.802     -48.0     31.3     1.0     23672.3  101.151196  41.180885      0
 4348.769     -47.9     31.3     1.0     23678.2  101.151203  41.180871      0
 4349.736     -47.9     31.3     1.0     23684.4  101.151217  41.180847      0
 4350.703     -48.0     31.2     1.0     23691.2  101.151237  41.180796      0
 4351.670     -47.9     31.2     1.0     23698.6  101.151237  41.180734      0
 4352.638     -47.8     31.2     1.0     23705.0  101.151210  41.180663      0
 4353.605     -47.7     31.2     1.0     23711.1  101.151190  41.180608      0
 4354.572     -47.8     31.2     1.0     23719.1  101.151162  41.180560      0
 4355.539     -47.8     31.1     1.0     23725.3  101.151149  41.180526      0
 4356.506     -48.0     31.1     1.0     23732.9  101.151115  41.180502      0
 4357.474     -48.0     31.0     1.0     23740.4  101.151053  41.180482      0
 4358.441     -47.9     31.0     1.0     23744.7  101.150978  41.180461      0
 4359.408     -47.9     31.1     1.0     23752.1  101.150916  41.180441      0
 4360.375     -47.8     30.9     1.0     23763.4  101.150882  41.180400      0
 4361.342     -47.7     31.0     1.0     23764.0  101.150875  41.180376      0
 4362.310     -47.8     30.9     1.0     23774.5  101.150862  41.180331      0
 4363.277     -47.8     30.9     1.0     23783.6  101.150821  41.180287      0
 4364.244     -47.9     30.8     1.0     23790.5  101.150759  41.180243      0
 4365.211     -47.8     30.8     1.0     23797.6  101.150664  41.180195      0
 4366.241     -47.7     30.8     1.0     23802.5  101.150595  41.180167      0
 4367.146     -47.6     30.7     1.0     23810.5  101.150520  41.180140      0
 4368.096     -47.6     30.7     1.0     23822.4  101.150397  41.180103      0
 4369.047     -47.8     30.6     1.0     23828.7  101.150315  41.180089      0
 4370.014     -47.7     30.7     1.0     23838.3  101.150220  41.180089      0
 4371.997     -47.6     30.6     1.0     23848.8  101.150145  41.180085      0
 4372.964     -47.4     30.7     1.0     23850.5  101.150076  41.180062      0
 4373.932     -47.5     30.5     1.0     23856.6  101.150035  41.180048      0
 4374.914     -47.8     30.5     1.0     23863.3  101.149981  41.180038      0
 4375.866     -48.2     30.4     1.0     23870.1  101.149912  41.180031      0
 4376.833     -48.0     30.4     1.0     23870.1  101.149912  41.180031      0
 4377.800     -47.8     30.4     1.0     23877.7  101.149817  41.180027      0
 4378.768     -47.7     30.3     1.0     23885.0  101.149707  41.180034      0
 4379.735     -47.9     30.3     1.0     23891.4  101.149619  41.180048      0
 4380.702     -47.7     30.3     1.0     23897.9  101.149550  41.180062      0
 4381.669     -47.2     30.2     1.0     23907.2  101.149509  41.180058      0
 4382.637     -47.1     30.2     1.0     23910.6  101.149482  41.180058      0
 4383.604     -47.4     30.2     1.0     23918.7  101.149434  41.180048      0
 4384.571     -47.7     30.1     1.0     23927.8  101.149352  41.180027      0
 4385.538     -48.0     30.1     1.0     23935.5  101.149236  41.179993      0
 4386.505     -48.1     30.1     1.0     23938.5  101.149120  41.179963      0
 4387.473     -48.0     30.1     1.0     23944.8  101.148997  41.179918      0
 4388.455     -47.7     29.9     1.0     23952.6  101.148902  41.179867      0
 4389.407     -47.1     29.9     1.0     23962.7  101.148820  41.179829      0
 4390.374     -46.8     29.9     1.0     23967.7  101.148758  41.179792      0
 4391.357     -46.6     29.9     1.0     23969.9  101.148690  41.179782      0
 4392.309     -46.3     29.9     1.0     23977.5  101.148601  41.179785      0
 4393.276     -46.0     29.9     1.0     23983.1  101.148505  41.179785      0
 4394.259     -46.0     29.9     1.0     23992.2  101.148410  41.179782      0
 4395.226     -46.3     29.8     1.0     24000.5  101.148321  41.179775      0
 4396.177     -46.7     29.8     1.0     24007.1  101.148246  41.179754      0
 4397.160     -47.1     29.8     1.0     24013.7  101.148157  41.179720      0
 4398.127     -47.4     29.7     1.0     24021.1  101.148055  41.179686      0
 4399.062     -47.1     29.6     1.0     24028.9  101.147802  41.179628      0
 4400.029     -46.8     29.6     1.0     24039.4  101.147699  41.179590      0
 4401.996     -46.2     29.6     1.0     24046.5  101.147638  41.179580      0
 4402.963     -45.8     29.5     1.0     24052.6  101.147590  41.179573      0
 4403.931     -45.3     29.5     1.0     24058.3  101.147549  41.179580      0
 4404.898     -45.0     29.5     1.0     24066.3  101.147495  41.179628      0
 4405.865     -44.9     29.5     1.0     24076.5  101.147385  41.179648      0
 4406.832     -45.2     29.4     1.0     24076.5  101.147385  41.179648      0
 4407.799     -45.5     29.4     1.0     24097.5  101.147235  41.179689      0
 4408.767     -45.6     29.4     1.0     24087.1  101.147173  41.179741      0
 4409.734     -45.7     29.4     1.0     24103.6  101.147057  41.179744      0
 4410.701     -46.3     29.3     1.0     24111.4  101.146982  41.179737      0
 4411.699     -46.8     29.3     1.0     24115.4  101.146928  41.179727      0
 4412.651     -46.7     29.3     1.0     24124.7  101.146859  41.179713      0
 4413.603     -46.5     29.2     1.0     24127.9  101.146798  41.179747      0
 4414.570     -46.8     29.3     1.0     24141.3  101.146689  41.179751      0
 4415.553     -47.0     29.2     1.0     24145.6  101.146613  41.179826      0
 4416.520     -46.4     29.2     1.0     24153.0  101.146531  41.179874      0
 4417.487     -46.1     29.1     1.0     24159.1  101.146477  41.179925      0
 4418.439     -45.8     29.1     1.0     24166.1  101.146415  41.179952      0
 4419.421     -45.8     29.1     1.0     24172.4  101.146340  41.180007      0
 4420.389     -45.8     29.0     1.0     24181.2  101.146231  41.180034      0
 4421.340     -46.0     29.0     1.0     24188.5  101.146101  41.180068      0
 4422.323     -46.0     28.9     1.0     24191.2  101.145985  41.180099      0
 4423.290     -46.2     28.9     1.0     24201.5  101.145876  41.180109      0
 4424.257     -46.1     29.0     1.0     24207.2  101.145821  41.180144      0
 4425.225     -45.9     28.8     1.0     24220.4  101.145780  41.180154      0
 4426.192     -45.6     28.8     1.0     24221.2  101.145753  41.180191      0
 4427.159     -45.3     28.8     1.0     24221.5  101.145705  41.180263      0
 4428.126     -45.1     28.7     1.0     24236.1  101.145596  41.180304      0
 4429.107     -45.8     28.6     1.0     24252.0  101.145377  41.180413      0
 4430.028     -46.0     28.6     1.0     24257.2  101.145295  41.180468      0
 4431.995     -46.2     28.6     1.0     24260.7  101.145220  41.180492      0
 4432.962     -46.2     28.5     1.0     24263.6  101.145138  41.180499      0
 4433.929     -46.1     28.6     1.0     24273.2  101.145042  41.180482      0
 4434.897     -46.3     28.5     1.0     24271.0  101.144995  41.180564      0
 4435.864     -46.4     28.5     1.0     24289.0  101.144865  41.180550      0
 4436.847     -46.7     28.6     1.0     24289.0  101.144865  41.180550      0
 4437.798     -47.0     28.4     1.0     24291.1  101.144803  41.180608      0
 4438.765     -47.3     28.5     1.0     24298.9  101.144756  41.180646      0
 4439.748     -46.9     28.3     1.0     24306.6  101.144721  41.180676      0
 4440.700     -46.7     28.4     1.0     24312.2  101.144687  41.180710      0
 4441.667     -47.0     28.4     1.0     24318.8  101.144639  41.180751      0
 4442.650     -47.1     28.2     1.0     24327.1  101.144571  41.180809      0
 4443.601     -46.4     28.3     1.0     24333.7  101.144503  41.180874      0
 4444.584     -46.2     28.3     1.0     24340.2  101.144428  41.180922      0
 4445.551     -46.1     28.3     1.0     24348.4  101.144346  41.180943      0
 4446.519     -46.1     28.3     1.0     24355.6  101.144271  41.180936      0
 4447.486     -46.0     28.2     1.0     24362.0  101.144216  41.180939      0
 4448.437     -45.7     28.1     1.0     24368.4  101.144168  41.180953      0
 4449.420     -45.7     28.1     1.0     24375.5  101.144120  41.180990      0
 4450.387     -46.2     28.1     1.0     24380.7  101.144079  41.181031      0
 4451.355     -46.8     28.1     1.0     24387.0  101.144038  41.181062      0
 4452.322     -46.7     28.1     1.0     24396.2  101.143977  41.181086      0
 4453.289     -46.3     28.0     1.0     24402.8  101.143909  41.181100      0
 4454.256     -46.2     28.0     1.0     24409.2  101.143820  41.181110      0
 4455.223     -46.4     28.0     1.0     24415.5  101.143717  41.181137      0
 4456.191     -46.3     28.0     1.0     24423.0  101.143615  41.181182      0
 4457.158     -46.1     28.0     1.0     24430.0  101.143519  41.181236      0
 4458.125     -45.9     28.0     1.0     24437.0  101.143424  41.181260      0
 4459.059     -46.5     27.8     1.0     24450.1  101.143308  41.181233      0
 4460.042     -46.1     27.7     1.0     24455.9  101.143287  41.181212      0
 4461.994     -45.5     27.8     1.0     24465.3  101.143239  41.181175      0
 4462.961     -45.2     27.8     1.0     24467.3  101.143212  41.181189      0
 4463.944     -45.1     27.6     1.0     24474.0  101.143151  41.181212      0
 4464.895     -45.5     27.6     1.0     24463.8  101.143151  41.181404      0
 4465.863     -46.0     27.6     1.0     24483.7  101.143000  41.181332      0
 4466.845     -46.6     27.7     1.0     24483.7  101.143000  41.181332      0
 4467.859     -46.7     27.6     1.0     24494.8  101.142870  41.181291      0
 4468.764     -47.0     27.6     1.0     24505.0  101.142748  41.181240      0
 4469.747     -46.9     27.5     1.0     24508.1  101.142652  41.181223      0
 4470.699     -46.7     27.5     1.0     24515.4  101.142556  41.181192      0
 4471.666     -46.6     27.5     1.0     24522.4  101.142467  41.181171      0
 4472.649     -46.5     27.4     1.0     24527.5  101.142392  41.181151      0
 4473.616     -46.8     27.4     1.0     24535.5  101.142317  41.181124      0
 4474.583     -47.2     27.3     1.0     24543.3  101.142249  41.181096      0
 4475.550     -47.4     27.3     1.0     24550.2  101.142174  41.181066      0
 4476.517     -47.6     27.2     1.0     24556.2  101.142119  41.181052      0
 4477.485     -47.9     27.3     1.0     24564.5  101.142058  41.181059      0
 4478.452     -47.8     27.2     1.0     24572.2  101.141996  41.181079      0
 4479.419     -47.4     27.2     1.0     24580.4  101.141921  41.181096      0
 4480.386     -46.7     27.2     1.0     24588.2  101.141846  41.181090      0
 4481.353     -46.4     27.2     1.0     24594.4  101.141743  41.181052      0
 4482.321     -46.3     27.1     1.0     24598.0  101.141627  41.180980      0
 4483.288     -46.4     27.1     1.0     24606.7  101.141532  41.180953      0
 4484.255     -46.4     27.1     1.0     24615.3  101.141429  41.180919      0
 4485.222     -46.5     27.0     1.0     24622.1  101.141320  41.180891      0
 4486.189     -46.8     27.1     1.0     24628.3  101.141218  41.180864      0
 4487.157     -47.1     26.9     1.0     24635.9  101.141115  41.180840      0
 4488.124     -47.3     27.0     1.0     24643.4  101.141006  41.180816      0
 4489.058     -47.6     27.0     1.0     24660.3  101.140787  41.180799      0
 4490.025     -47.8     26.9     1.0     24667.9  101.140698  41.180816      0
 4491.008     -48.1     26.9     1.0     24674.6  101.140623  41.180844      0
 4492.960     -48.2     26.8     1.0     24681.7  101.140548  41.180844      0
 4493.927     -47.9     26.8     1.0     24688.9  101.140473  41.180820      0
 4494.910     -47.5     26.8     1.0     24694.6  101.140384  41.180779      0
 4495.877     -47.3     26.7     1.0     24702.1  101.140289  41.180751      0
 4496.829     -47.5     26.8     1.0     24702.1  101.140289  41.180751      0
 4497.812     -47.7     26.7     1.0     24709.9  101.140179  41.180745      0
 4498.779     -47.7     26.7     1.0     24717.7  101.140043  41.180758      0
 4499.746     -48.0     26.7     1.0     24722.9  101.139920  41.180786      0
 4500.713     -47.8     26.6     1.0     24729.4  101.139783  41.180803      0
 4501.680     -47.7     26.6     1.0     24738.0  101.139667  41.180816      0
 4502.648     -47.6     26.6     1.0     24744.4  101.139551  41.180820      0
 4503.615     -47.9     26.6     1.0     24750.0  101.139469  41.180827      0
 4504.582     -48.3     26.5     1.0     24757.3  101.139394  41.180850      0
 4505.565     -48.4     26.4     1.0     24764.2  101.139326  41.180888      0
 4506.516     -47.9     26.5     1.0     24770.4  101.139257  41.180932      0
 4507.484     -47.8     26.4     1.0     24777.5  101.139169  41.180963      0
 4508.451     -47.9     26.4     1.0     24784.9  101.139066  41.180973      0
 4509.418     -47.8     26.4     1.0     24791.0  101.138943  41.180973      0
 4510.385     -47.7     26.3     1.0     24796.8  101.138827  41.180987      0
 4511.352     -47.8     26.3     1.0     24808.1  101.138718  41.181004      0
 4512.320     -47.9     26.2     1.0     24814.9  101.138636  41.181038      0
 4513.287     -47.7     26.2     1.0     24820.1  101.138567  41.181090      0
 4514.254     -47.7     26.2     1.0     24827.1  101.138499  41.181124      0
 4515.221     -47.6     26.2     1.0     24834.4  101.138438  41.181144      0
 4516.188     -47.6     26.1     1.0     24841.2  101.138356  41.181151      0
 4517.156     -47.4     26.0     1.0     24847.6  101.138274  41.181168      0
 4518.123     -47.8     26.0     1.0     24856.5  101.138199  41.181206      0
 4519.073     -47.6     26.1     1.0     24867.7  101.138048  41.181294      0
 4520.024     -47.6     26.1     1.0     24875.7  101.137966  41.181325      0
 4521.992     -47.6     25.9     1.0     24883.0  101.137891  41.181349      0
 4522.974     -47.6     25.9     1.0     24888.4  101.137823  41.181363      0
 4523.926     -47.7     26.0     1.0     24896.5  101.137775  41.181383      0
 4524.909     -47.7     25.9     1.0     24901.5  101.137748  41.181414      0
 4525.876     -48.0     25.8     1.0     24910.5  101.137727  41.181455      0
 4526.843     -47.9     25.9     1.0     24910.5  101.137727  41.181455      0
 4527.810     -47.9     25.9     1.0     24912.5  101.137721  41.181499      0
 4528.778     -47.8     25.8     1.0     24928.4  101.137652  41.181510      0
 4529.745     -47.7     25.7     1.0     24931.7  101.137604  41.181513      0
 4530.712     -47.5     25.7     1.0     24937.3  101.137522  41.181506      0
 4531.679     -47.6     25.6     1.0     24945.1  101.137440  41.181520      0
 4532.646     -47.5     25.6     1.0     24951.8  101.137359  41.181554      0
 4533.614     -47.7     25.7     1.0     24957.6  101.137290  41.181592      0
 4534.581     -47.7     25.5     1.0     24963.8  101.137229  41.181629      0
 4535.548     -47.9     25.6     1.0     24972.0  101.137188  41.181650      0
 4536.515     -47.8     25.6     1.0     24978.7  101.137133  41.181656      0
 4537.482     -47.9     25.5     1.0     24986.7  101.137072  41.181660      0
 4538.450     -47.7     25.5     1.0     24992.8  101.137024  41.181663      0
 4539.417     -48.0     25.5     1.0     25001.7  101.137003  41.181687      0
 4540.384     -47.9     25.4     1.0     25006.6  101.136990  41.181718      0
 4541.398     -47.5     25.5     1.0     25010.9  101.136976  41.181766      0
 4542.318     -47.7     25.4     1.0     25019.1  101.136935  41.181807      0
 4543.286     -47.7     25.4     1.0     25025.5  101.136887  41.181834      0
 4544.268     -47.7     25.4     1.0     25032.5  101.136839  41.181854      0
 4545.220     -47.9     25.3     1.0     25039.6  101.136819  41.181861      0
 4546.187     -47.7     25.3     1.0     25046.6  101.136805  41.181858      0
 4547.170     -48.0     25.3     1.0     25053.4  101.136812  41.181861      0
 4548.137     -47.9     25.2     1.0     25057.9  101.136798  41.181848      0
 4549.072     -47.6     25.2     1.0     25074.2  101.136669  41.181824      0
 4550.039     -47.6     25.2     1.0     25081.5  101.136553  41.181817      0
 4551.006     -47.3     25.2     1.0     25085.7  101.136464  41.181827      0
 4552.973     -47.2     25.1     1.0     25096.9  101.136375  41.181861      0
 4553.972     -47.3     25.0     1.0     25109.3  101.136320  41.181885      0
 4554.908     -47.0     25.1     1.0     25113.4  101.136286  41.181926      0
 4555.875     -47.1     25.0     1.0     25127.0  101.136245  41.181936      0
 4556.842     -47.3     25.1     1.0     25127.0  101.136245  41.181936      0
 4557.809     -47.1     25.0     1.0     25131.0  101.136184  41.181950      0
 4558.776     -47.4     25.0     1.0     25136.0  101.136109  41.181943      0
 4559.744     -47.4     24.9     1.0     25141.0  101.136047  41.181919      0
 4560.711     -47.3     24.8     1.0     25146.6  101.135992  41.181875      0
 4561.678     -47.6     24.9     1.0     25152.8  101.135951  41.181824      0
 4562.645     -47.4     24.9     1.0     25160.7  101.135890  41.181793      0
 4563.612     -47.4     24.8     1.0     25167.6  101.135794  41.181783      0
 4564.580     -47.3     24.7     1.0     25172.1  101.135678  41.181793      0
 4565.547     -47.1     24.8     1.0     25180.5  101.135555  41.181824      0
 4566.514     -47.0     24.7     1.0     25186.4  101.135453  41.181844      0
 4567.481     -47.1     24.7     1.0     25194.8  101.135371  41.181844      0
 4568.448     -47.1     24.7     1.0     25200.1  101.135303  41.181831      0
 4569.416     -47.2     24.7     1.0     25204.8  101.135207  41.181810      0
 4570.383     -47.5     24.5     1.0     25213.4  101.135118  41.181783      0
 4571.350     -47.4     24.5     1.0     25219.7  101.135009  41.181766      0
 4572.333     -47.5     24.5     1.0     25225.6  101.134893  41.181749      0
 4573.284     -47.6     24.5     1.0     25236.0  101.134784  41.181718      0
 4574.252     -47.6     24.5     1.0     25243.1  101.134688  41.181677      0
 4575.234     -47.9     24.5     1.0     25249.3  101.134613  41.181626      0
 4576.186     -47.6     24.5     1.0     25256.2  101.134531  41.181598      0
 4577.169     -47.7     24.4     1.0     25265.5  101.134456  41.181602      0
 4578.136     -47.7     24.4     1.0     25269.6  101.134346  41.181595      0
 4579.070     -47.6     24.3     1.0     25284.1  101.134121  41.181574      0
 4580.038     -47.6     24.3     1.0     25291.1  101.133998  41.181544      0
 4581.005     -47.6     24.3     1.0     25298.5  101.133868  41.181510      0
 4582.972     -47.5     24.3     1.0     25306.5  101.133739  41.181482      0
 4583.939     -47.6     24.2     1.0     25314.7  101.133616  41.181455      0
 4584.906     -47.6     24.2     1.0     25321.1  101.133499  41.181431      0
 4585.874     -47.7     24.2     1.0     25329.6  101.133417  41.181393      0
 4586.841     -47.8     24.3     1.0     25329.6  101.133417  41.181393      0
 4587.808     -47.7     24.1     1.0     25335.8  101.133349  41.181342      0
 4588.775     -47.6     24.1     1.0     25342.0  101.133281  41.181288      0
 4589.742     -47.4     24.2     1.0     25347.0  101.133213  41.181253      0
 4590.710     -47.5     24.1     1.0     25358.4  101.133117  41.181236      0
 4591.677     -47.2     24.1     1.0     25350.9  101.133062  41.181308      0
 4592.644     -47.3     24.0     1.0     25365.4  101.132933  41.181305      0
 4593.611     -47.1     24.0     1.0     25373.2  101.132851  41.181322      0
 4594.594     -47.0     24.1     1.0     25377.6  101.132775  41.181332      0
 4595.546     -47.1     23.9     1.0     25383.3  101.132700  41.181315      0
 4596.513     -46.8     24.0     1.0     25387.7  101.132618  41.181291      0
 4597.496     -47.2     23.9     1.0     25395.1  101.132523  41.181267      0
 4598.463     -47.3     23.9     1.0     25405.5  101.132407  41.181257      0
 4599.414     -47.1     23.9     1.0     25410.0  101.132304  41.181288      0
 4600.397     -47.2     23.8     1.0     25415.4  101.132195  41.181298      0
 4601.364     -47.4     23.8     1.0     25415.2  101.132106  41.181339      0
 4602.316     -47.2     23.8     1.0     25433.0  101.132038  41.181305      0
 4603.299     -47.5     23.7     1.0     25438.9  101.131976  41.181294      0
 4604.266     -47.6     23.8     1.0     25447.5  101.131908  41.181294      0
 4605.233     -47.2     23.7     1.0     25461.0  101.131806  41.181257      0
 4606.200     -47.1     23.6     1.0     25467.7  101.131724  41.181332      0
 4607.168     -47.4     23.6     1.0     25473.5  101.131621  41.181332      0
 4608.135     -47.7     23.5     1.0     25481.8  101.131512  41.181329      0
 4609.069     -47.0     23.5     1.0     25493.3  101.131334  41.181387      0
 4610.037     -46.9     23.5     1.0     25500.8  101.131252  41.181414      0
 4611.004     -46.8     23.5     1.0     25506.7  101.131184  41.181438      0
 4612.971     -46.7     23.5     1.0     25515.3  101.131116  41.181431      0
 4613.938     -46.5     23.5     1.0     25520.2  101.131068  41.181424      0
 4614.905     -46.3     23.4     1.0     25525.3  101.131020  41.181404      0
 4615.873     -45.9     23.4     1.0     25531.0  101.130979  41.181387      0
 4616.840     -45.8     23.3     1.0     25531.0  101.130979  41.181387      0
 4617.807     -45.9     23.2     1.0     25539.2  101.130952  41.181404      0
 4618.790     -46.4     23.3     1.0     25546.0  101.130911  41.181434      0
 4619.741     -47.0     23.2     1.0     25551.7  101.130870  41.181482      0
 4620.709     -47.3     23.2     1.0     25560.4  101.130815  41.181506      0
 4621.691     -47.0     23.2     1.0     25561.2  101.130767  41.181527      0
 4622.643     -46.9     23.3     1.0     25574.9  101.130679  41.181513      0
 4623.610     -47.1     23.2     1.0     25582.4  101.130624  41.181523      0
 4624.593     -47.0     23.1     1.0     25589.7  101.130576  41.181530      0
 4625.545     -47.3     23.1     1.0     25597.1  101.130549  41.181564      0
 4626.512     -47.2     23.0     1.0     25602.6  101.130528  41.181585      0
 4627.495     -47.2     23.0     1.0     25607.4  101.130501  41.181585      0
 4628.462     -47.3     23.2     1.0     25612.1  101.130474  41.181581      0
 4629.413     -47.1     23.1     1.0     25618.5  101.130426  41.181568      0
 4630.396     -47.3     23.0     1.0     25626.9  101.130351  41.181551      0
 4631.363     -47.1     23.0     1.0     25640.8  101.130248  41.181499      0
 4632.315     -47.1     23.0     1.0     25640.8  101.130207  41.181557      0
 4633.298     -46.9     22.9     1.0     25646.0  101.130187  41.181656      0
 4634.265     -47.0     22.9     1.0     25703.9  101.129989  41.181349      0
 4635.232     -47.4     22.9     1.0     25663.2  101.130159  41.181725      0
 4636.199     -47.1     22.9     1.0     25678.3  101.130153  41.181721      0
 4637.167     -46.7     22.8     1.0     25684.3  101.130146  41.181749      0
 4638.134     -46.6     22.8     1.0     25687.3  101.130105  41.181755      0
 4639.068     -46.5     22.8     1.0     25695.4  101.129975  41.181704      0
 4640.035     -46.4     22.7     1.0     25702.6  101.129927  41.181663      0
 4641.003     -45.8     22.7     1.0     25709.9  101.129907  41.181626      0
 4642.970     -45.1     22.7     1.0     25715.2  101.129886  41.181619      0
 4643.937     -44.9     22.7     1.0     25722.5  101.129838  41.181615      0
 4644.904     -45.0     22.7     1.0     25731.2  101.129784  41.181656      0
 4645.871     -45.4     22.7     1.0     25732.6  101.129750  41.181783      0
 4646.839     -45.5     22.7     1.0     25732.6  101.129750  41.181783      0
 4647.806     -45.5     22.6     1.0     25741.9  101.129681  41.181800      0
 4648.789     -45.8     22.6     1.0     25738.9  101.129702  41.181967      0
 4649.787     -45.8     22.5     1.0     25751.1  101.129613  41.181895      0
 4650.723     -45.7     22.5     1.0     25762.2  101.129531  41.181793      0
 4651.690     -45.7     22.4     1.0     25770.2  101.129470  41.181732      0
 4652.657     -45.6     22.5     1.0     25789.1  101.129388  41.181646      0
 4653.625     -45.5     22.4     1.0     25779.3  101.129408  41.181728      0
 4654.576     -45.7     22.5     1.0     25793.6  101.129326  41.181697      0
 4655.559     -46.0     22.4     1.0     25783.0  101.129319  41.181854      0
 4656.526     -46.1     22.3     1.0     25803.9  101.129142  41.181752      0
 4657.478     -46.0     22.4     1.0     25811.6  101.129005  41.181755      0
 4658.461     -45.8     22.4     1.0     25817.8  101.128869  41.181779      0
 4659.428     -45.6     22.3     1.0     25824.9  101.128773  41.181807      0
 4660.395     -45.6     22.3     1.0     25833.4  101.128711  41.181837      0
 4661.362     -46.0     22.2     1.0     25840.8  101.128664  41.181844      0
 4662.329     -46.2     22.3     1.0     25847.8  101.128616  41.181834      0
 4663.297     -45.9     22.2     1.0     25857.2  101.128541  41.181807      0
 4664.264     -45.5     22.1     1.0     25863.6  101.128438  41.181779      0
 4665.231     -45.3     22.2     1.0     25868.5  101.128302  41.181755      0
 4666.198     -45.3     22.0     1.0     25875.4  101.128179  41.181735      0
 4667.165     -45.1     22.0     1.0     25882.2  101.128069  41.181718      0
 4668.133     -45.3     22.0     1.0     25885.6  101.127987  41.181694      0
 4669.067     -46.0     22.1     1.0     25899.0  101.127851  41.181680      0
 4670.034     -45.5     22.0     1.0     25908.3  101.127776  41.181694      0
 4671.001     -45.1     21.9     1.0     25911.6  101.127701  41.181735      0
 4672.969     -45.0     22.0     1.0     25910.3  101.127660  41.181779      0
 4673.967     -44.7     21.8     1.0     25920.1  101.127578  41.181779      0
 4674.919     -44.8     21.9     1.0     25927.7  101.127496  41.181752      0
 4675.870     -45.1     21.8     1.0     25932.1  101.127407  41.181708      0
 4676.837     -44.8     21.8     1.0     25932.1  101.127407  41.181708      0
 4677.820     -44.6     21.9     1.0     25941.5  101.127304  41.181660      0
 4678.787     -44.6     21.8     1.0     25952.0  101.127195  41.181633      0
 4679.739     -44.9     21.8     1.0     25962.1  101.127106  41.181643      0
 4680.722     -45.1     21.7     1.0     25969.6  101.127024  41.181673      0
 4681.689     -45.3     21.8     1.0     25977.3  101.126970  41.181718      0
 4682.641     -45.3     21.7     1.0     25984.9  101.126956  41.181759      0
 4683.623     -44.8     21.7     1.0     25991.6  101.126949  41.181786      0
 4684.591     -44.3     21.7     1.0     25997.3  101.126949  41.181807      0
 4685.542     -44.3     21.7     1.0     26003.0  101.126942  41.181827      0
 4686.525     -44.3     21.6     1.0     26010.9  101.126915  41.181848      0
 4687.492     -44.1     21.6     1.0     26017.3  101.126881  41.181868      0
 4688.459     -44.2     21.6     1.0     26024.7  101.126826  41.181875      0
 4689.427     -44.6     21.6     1.0     26032.7  101.126758  41.181865      0
 4690.394     -44.7     21.4     1.0     26040.0  101.126676  41.181844      0
 4691.361     -44.6     21.5     1.0     26047.8  101.126601  41.181837      0
 4692.328     -44.1     21.5     1.0     26067.2  101.126533  41.181800      0
 4693.295     -43.9     21.5     1.0     26056.2  101.126594  41.181936      0
 4694.263     -43.6     21.4     1.0     26069.3  101.126601  41.181974      0
 4695.230     -43.5     21.4     1.0     26058.2  101.126724  41.182199      0
 4696.197     -43.4     21.5     1.0     26091.4  101.126649  41.182035      0
 4697.164     -42.9     21.4     1.0     26097.2  101.126656  41.182059      0
 4698.131     -42.6     21.4     1.0     26101.1  101.126628  41.182056      0
 4699.066     -42.9     21.3     1.0     26112.8  101.126471  41.182012      0
 4700.033     -43.3     21.3     1.0     26119.6  101.126396  41.182012      0
 4701.016     -43.5     21.3     1.0     26125.6  101.126335  41.182015      0
 4702.967     -43.7     21.2     1.0     26131.1  101.126280  41.182022      0
 4703.935     -43.8     21.2     1.0     26139.7  101.126225  41.182015      0
 4704.917     -43.9     21.2     1.0     26147.1  101.126164  41.181995      0
 4705.869     -43.8     21.2     1.0     26151.3  101.126116  41.181974      0
 4706.852     -43.7     21.1     1.0     26151.3  101.126116  41.181974      0
 4707.819     -43.6     21.1     1.0     26159.4  101.126102  41.181984      0
 4708.786     -43.5     21.1     1.0     26165.6  101.126082  41.181950      0
 4709.753     -43.3     21.1     1.0     26172.1  101.126075  41.181954      0
 4710.721     -43.1     21.0     1.0     26179.6  101.126055  41.181971      0
 4711.688     -43.3     21.0     1.0     26187.1  101.125993  41.181977      0
 4712.655     -43.3     21.0     1.0     26194.6  101.125897  41.181971      0
 4713.622     -43.5     21.0     1.0     26199.5  101.125781  41.181954      0
 4714.589     -43.6     20.9     1.0     26205.1  101.125672  41.181933      0
 4715.557     -43.4     20.9     1.0     26211.5  101.125583  41.181916      0
 4716.524     -43.6     20.9     1.0     26222.2  101.125522  41.181902      0
 4717.491     -43.9     20.9     1.0     26224.7  101.125494  41.181923      0
 4718.458     -44.2     20.8     1.0     26211.2  101.125570  41.182138      0
 4719.425     -43.9     20.8     1.0     26231.5  101.125460  41.182012      0
 4720.393     -44.0     20.8     1.0     26251.9  101.125331  41.181906      0
 4721.360     -44.0     20.7     1.0     26262.2  101.125228  41.181872      0
 4722.327     -43.8     20.7     1.0     26271.4  101.125139  41.181872      0
 4723.294     -43.8     20.7     1.0     26278.5  101.125078  41.181885      0
 4724.262     -44.1     20.7     1.0     26283.6  101.125030  41.181909      0
 4725.229     -44.4     20.7     1.0     26288.8  101.124969  41.181940      0
 4726.196     -44.6     20.6     1.0     26297.1  101.124900  41.181964      0
 4727.163     -44.5     20.6     1.0     26304.1  101.124825  41.181984      0
 4728.130     -44.1     20.7     1.0     26310.5  101.124764  41.182008      0
 4729.065     -44.0     20.5     1.0     26324.8  101.124695  41.182039      0
 4730.032     -44.4     20.5     1.0     26329.8  101.124702  41.182059      0
 4731.015     -44.6     20.5     1.0     26338.6  101.124702  41.182076      0
 4732.982     -44.2     20.5     1.0     26347.5  101.124668  41.182090      0
 4733.934     -43.8     20.5     1.0     26355.9  101.124600  41.182094      0
 4734.916     -43.7     20.4     1.0     26362.4  101.124511  41.182100      0
 4735.884     -43.8     20.4     1.0     26370.6  101.124429  41.182121      0
 4736.835     -43.8     20.4     1.0     26370.6  101.124429  41.182121      0
 4737.818     -43.6     20.4     1.0     26379.0  101.124374  41.182155      0
 4738.785     -43.4     20.3     1.0     26384.5  101.124340  41.182199      0
 4739.737     -43.2     20.4     1.0     26389.7  101.124306  41.182247      0
 4740.720     -43.2     20.4     1.0     26398.2  101.124279  41.182305      0
 4741.687     -42.9     20.3     1.0     26406.7  101.124238  41.182357      0
 4742.654     -43.1     20.3     1.0     26413.8  101.124183  41.182401      0
 4743.621     -43.5     20.3     1.0     26420.2  101.124149  41.182445      0
 4744.588     -43.9     20.2     1.0     26428.7  101.124128  41.182473      0
 4745.556     -44.2     20.2     1.0     26436.1  101.124135  41.182483      0
 4746.523     -43.8     20.2     1.0     26444.9  101.124128  41.182493      0
 4747.521     -43.6     20.1     1.0     26454.6  101.124094  41.182507      0
 4748.457     -43.7     20.2     1.0     26459.3  101.124019  41.182538      0
 4749.424     -43.6     20.2     1.0     26464.9  101.123917  41.182578      0
 4750.392     -43.4     20.2     1.0     26464.1  101.123855  41.182640      0
 4751.359     -43.7     20.1     1.0     26471.0  101.123773  41.182712      0
 4752.326     -44.0     20.1     1.0     26484.8  101.123684  41.182783      0
 4753.309     -44.0     20.0     1.0     26435.7  101.123664  41.182852      0
 4754.260     -44.0     20.1     1.0     26493.2  101.123623  41.182917      0
 4755.228     -44.1     20.0     1.0     26501.7  101.123555  41.182971      0
 4756.210     -44.1     20.0     1.0     26509.0  101.123473  41.183026      0
 4757.178     -43.9     19.9     1.0     26517.1  101.123384  41.183063      0
 4758.129     -44.0     20.0     1.0     26524.8  101.123309  41.183081      0
 4759.064     -44.1     19.8     1.0     26541.0  101.123234  41.183101      0
 4760.046     -43.8     19.9     1.0     26548.4  101.123213  41.183135      0
 4761.014     -43.2     19.9     1.0     26539.3  101.123247  41.183224      0
 4762.981     -43.1     19.8     1.0     26560.0  101.123118  41.183279      0
 4763.948     -43.4     19.7     1.0     26562.8  101.123070  41.183391      0
 4764.915     -43.2     19.9     1.0     26569.4  101.123015  41.183487      0
 4765.882     -42.9     19.7     1.0     26582.3  101.122954  41.183542      0
 4766.850     -42.9     19.7     1.0     26582.3  101.122954  41.183542      0
 4767.817     -42.7     19.6     1.0     26590.7  101.122899  41.183565      0
 4768.784     -42.8     19.6     1.0     26596.1  101.122892  41.183545      0
 4769.751     -43.1     19.5     1.0     26601.4  101.122831  41.183548      0
 4770.718     -42.7     19.6     1.0     26609.3  101.122803  41.183535      0
 4771.686     -42.9     19.6     1.0     26613.7  101.122824  41.183548      0
 4772.653     -43.2     19.6     1.0     26627.1  101.122728  41.183579      0
 4773.620     -43.0     19.6     1.0     26642.4  101.122619  41.183620      0
 4774.587     -43.2     19.5     1.0     26642.0  101.122585  41.183671      0
 4775.554     -43.1     19.5     1.0     26646.7  101.122523  41.183712      0
 4776.537     -43.2     19.5     1.0     26659.1  101.122428  41.183736      0
 4777.489     -43.3     19.5     1.0     26665.1  101.122353  41.183770      0
 4778.456     -43.2     19.4     1.0     26675.0  101.122312  41.183808      0
 4779.439     -43.3     19.4     1.0     26678.0  101.122291  41.183863      0
 4780.390     -43.6     19.4     1.0     26681.6  101.122291  41.183910      0
 4781.358     -43.4     19.4     1.0     26691.2  101.122277  41.183931      0
 4782.340     -43.2     19.4     1.0     26694.0  101.122250  41.183941      0
 4783.308     -43.3     19.3     1.0     26707.4  101.122168  41.183931      0
 4784.259     -43.1     19.3     1.0     26715.1  101.122073  41.183931      0
 4785.242     -42.9     19.3     1.0     26713.6  101.122018  41.184020      0
 4786.209     -43.0     19.2     1.0     26725.9  101.121915  41.184030      0
 4787.176     -43.2     19.3     1.0     26738.5  101.121833  41.184044      0
 4788.144     -43.5     19.2     1.0     26741.3  101.121827  41.184156      0
 4789.078     -43.1     19.2     1.0     26755.9  101.121799  41.184221      0
 4790.045     -43.4     19.2     1.0     26760.7  101.121772  41.184218      0
 4791.012     -43.7     19.1     1.0     26765.6  101.121758  41.184207      0
 4792.980     -43.6     19.2     1.0     26773.8  101.121758  41.184194      0
 4793.978     -43.0     19.2     1.0     26782.8  101.121758  41.184173      0
 4794.914     -43.1     19.1     1.0     26791.2  101.121758  41.184180      0
 4795.912     -43.2     19.1     1.0     26791.3  101.121745  41.184197      0
 4796.848     -43.2     19.0     1.0     26812.1  101.121635  41.184214      0
 4797.816     -43.3     19.1     1.0     26812.1  101.121635  41.184214      0
 4798.783     -43.3     18.9     1.0     26807.9  101.121553  41.184255      0
 4799.750     -43.5     19.0     1.0     26808.1  101.121444  41.184296      0
 4800.717     -43.5     19.0     1.0     26825.1  101.121335  41.184313      0
 4801.700     -43.2     19.0     1.0     26830.2  101.121294  41.184327      0
 4802.652     -43.1     18.9     1.0     26836.2  101.121308  41.184327      0
 4803.619     -43.2     19.0     1.0     26841.8  101.121349  41.184310      0
 4804.602     -43.3     18.9     1.0     26847.7  101.121403  41.184286      0
 4805.569     -42.9     18.8     1.0     26855.7  101.121451  41.184276      0
 4806.520     -42.7     18.8     1.0     26860.6  101.121478  41.184283      0
 4807.503     -43.0     18.9     1.0     26869.2  101.121451  41.184289      0
 4808.470     -43.1     18.8     1.0     26876.1  101.121390  41.184283      0
 4809.438     -43.1     18.8     1.0     26887.5  101.121287  41.184255      0
 4810.405     -42.9     18.8     1.0     26891.8  101.121205  41.184201      0
 4811.372     -42.6     18.7     1.0     26901.9  101.121123  41.184136      0
 4812.339     -42.3     18.7     1.0     26909.3  101.121075  41.184102      0
 4813.306     -42.3     18.7     1.0     26915.9  101.121055  41.184095      0
 4814.274     -42.7     18.8     1.0     26922.6  101.121048  41.184108      0
 4815.241     -43.0     18.6     1.0     26928.6  101.121069  41.184126      0
 4816.208     -42.9     18.7     1.0     26936.3  101.121103  41.184136      0
 4817.175     -42.1     18.7     1.0     26946.1  101.121123  41.184119      0
 4818.142     -41.6     18.5     1.0     26951.3  101.121130  41.184091      0
 4819.077     -41.8     18.7     1.0     26962.6  101.120980  41.184023      0
 4820.044     -41.8     18.6     1.0     26968.2  101.120843  41.184003      0
 4821.027     -41.7     18.5     1.0     26975.4  101.120693  41.183982      0
 4822.978     -41.5     18.6     1.0     26983.1  101.120563  41.183958      0
 4823.946     -41.3     18.5     1.0     26991.8  101.120467  41.183914      0
 4824.913     -41.2     18.4     1.0     26998.8  101.120399  41.183859      0
 4825.896     -41.4     18.5     1.0     27005.2  101.120372  41.183811      0
 4826.847     -42.0     18.4     1.0     27011.9  101.120372  41.183791      0
 4827.814     -42.3     18.3     1.0     27011.9  101.120372  41.183791      0
 4828.797     -41.9     18.4     1.0     27020.9  101.120372  41.183798      0
 4829.749     -41.4     18.4     1.0     27029.4  101.120345  41.183818      0
 4830.716     -41.6     18.3     1.0     27039.3  101.120276  41.183842      0
 4831.699     -41.8     18.3     1.0     27049.4  101.120174  41.183856      0
 4832.666     -41.8     18.2     1.0     27057.0  101.120037  41.183835      0
 4833.618     -41.8     18.2     1.0     27063.5  101.119880  41.183791      0
 4834.600     -41.6     18.1     1.0     27069.5  101.119730  41.183743      0
 4835.568     -41.8     18.2     1.0     27074.0  101.119600  41.183733      0
 4836.519     -42.1     18.2     1.0     27089.8  101.119552  41.183695      0
 4837.502     -41.8     18.2     1.0     27004.8  101.119436  41.184071      0
 4838.469     -41.9     18.3     1.0     27077.0  101.119511  41.183863      0
 4839.437     -41.9     18.2     1.0     27102.4  101.119477  41.183781      0
 4840.404     -41.6     18.2     1.0     27109.6  101.119457  41.183784      0
 4841.371     -41.9     18.1     1.0     27120.0  101.119409  41.183750      0
 4842.338     -41.9     18.0     1.0     27125.6  101.119334  41.183743      0
 4843.305     -41.9     18.0     1.0     27136.1  101.119204  41.183719      0
 4844.273     -41.8     18.0     1.0     27140.2  101.119088  41.183736      0
 4845.240     -41.5     18.1     1.0     27145.7  101.118965  41.183764      0
 4846.207     -41.2     18.0     1.0     27153.4  101.118849  41.183794      0
 4847.190     -41.0     18.0     1.0     27163.3  101.118760  41.183798      0
 4848.141     -41.4     18.0     1.0     27173.5  101.118705  41.183777      0
 4849.091     -42.3     17.9     1.0     27182.9  101.118610  41.183723      0
 4850.043     -42.4     17.9     1.0     27190.9  101.118528  41.183705      0
 4851.010     -42.1     17.9     1.0     27194.5  101.118425  41.183719      0
 4852.993     -42.1     17.9     1.0     27203.1  101.118282  41.183709      0
 4853.960     -42.0     17.9     1.0     27188.0  101.118261  41.184044      0
 4854.912     -42.1     17.8     1.0     27201.2  101.118022  41.183777      0
 4855.895     -42.0     17.8     1.0     27262.0  101.117756  41.183624      0
 4856.862     -41.5     17.8     1.0     27240.0  101.117749  41.183651      0
 4857.829     -41.1     17.7     1.0     27240.0  101.117749  41.183651      0
 4858.796     -41.0     17.7     1.0     27248.1  101.117660  41.183610      0
 4859.763     -40.7     17.6     1.0     27253.4  101.117585  41.183596      0
 4860.731     -40.7     17.8     1.0     27263.7  101.117496  41.183600      0
 4861.698     -40.6     17.7     1.0     27266.1  101.117408  41.183603      0
 4862.665     -40.5     17.7     1.0     27274.1  101.117312  41.183634      0
 4863.632     -40.9     17.6     1.0     27284.4  101.117196  41.183624      0
 4864.599     -41.3     17.6     1.0     27293.2  101.117073  41.183583      0
 4865.567     -41.5     17.6     1.0     27297.9  101.116950  41.183518      0
 4866.534     -41.2     17.6     1.0     27303.8  101.116827  41.183463      0
 4867.501     -41.2     17.5     1.0     27313.2  101.116690  41.183436      0
 4868.468     -41.4     17.6     1.0     27333.2  101.116472  41.183309      0
 4869.435     -41.3     17.5     1.0     27329.5  101.116369  41.183398      0
 4870.418     -41.2     17.5     1.0     27340.6  101.116233  41.183361      0
 4871.370     -41.2     17.5     1.0     27335.8  101.116226  41.183528      0
 4872.337     -41.3     17.4     1.0     27349.0  101.116144  41.183487      0
 4873.320     -41.5     17.4     1.0     27354.2  101.116082  41.183477      0
 4874.271     -41.4     17.5     1.0     27358.4  101.116014  41.183490      0
 4875.239     -41.3     17.4     1.0     27370.0  101.115878  41.183483      0
 4876.206     -41.5     17.4     1.0     27384.1  101.115673  41.183449      0
 4877.189     -41.7     17.4     1.0     27389.4  101.115495  41.183453      0
 4878.140     -41.8     17.4     1.0     27395.7  101.115331  41.183449      0
 4879.123     -42.0     17.3     1.0     27404.3  101.115215  41.183446      0
 4880.057     -42.4     17.3     1.0     27415.4  101.115058  41.183460      0
 4881.025     -41.9     17.2     1.0     27421.1  101.114983  41.183494      0
 4882.992     -41.5     17.3     1.0     27429.9  101.114894  41.183524      0
 4883.959     -41.4     17.3     1.0     27438.4  101.114771  41.183569      0
 4884.942     -41.3     17.2     1.0     27444.4  101.114621  41.183603      0
 4885.893     -41.3     17.1     1.0     27448.3  101.114471  41.183613      0
 4886.861     -41.4     17.2     1.0     27457.9  101.114313  41.183596      0
 4887.828     -41.5     17.2     1.0     27457.9  101.114313  41.183596      0
 4888.795     -41.6     17.2     1.0     27466.9  101.114204  41.183572      0
 4889.762     -41.7     17.1     1.0     27473.2  101.114109  41.183559      0
 4890.729     -41.8     17.1     1.0     27478.9  101.114027  41.183552      0
 4891.697     -41.8     17.0     1.0     27486.3  101.113931  41.183559      0
 4892.664     -42.0     17.0     1.0     27493.8  101.113815  41.183586      0
 4893.631     -42.2     17.1     1.0     27501.2  101.113699  41.183627      0
 4894.598     -42.2     17.0     1.0     27508.5  101.113603  41.183675      0
 4895.565     -42.1     16.9     1.0     27516.7  101.113535  41.183719      0
 4896.533     -42.5     16.9     1.0     27525.7  101.113480  41.183746      0
 4897.500     -42.9     16.9     1.0     27532.0  101.113419  41.183757      0
 4898.514     -43.1     16.9     1.0     27539.4  101.113323  41.183746      0
 4899.434     -42.9     16.9     1.0     27545.1  101.113214  41.183723      0
 4900.417     -42.7     16.8     1.0     27550.2  101.113098  41.183682      0
 4901.369     -42.6     16.8     1.0     27557.9  101.113009  41.183641      0
 4902.336     -43.0     16.9     1.0     27566.5  101.112954  41.183606      0
 4903.319     -43.5     16.8     1.0     27573.0  101.112920  41.183583      0
 4904.286     -43.7     16.7     1.0     27578.3  101.112900  41.183579      0
 4905.237     -43.8     16.7     1.0     27585.4  101.112859  41.183596      0
 4906.220     -43.4     16.8     1.0     27593.6  101.112783  41.183634      0
 4907.187     -43.1     16.8     1.0     27599.1  101.112674  41.183678      0
 4908.155     -43.0     16.7     1.0     27598.1  101.112544  41.183726      0
 4909.122     -42.8     16.7     1.0     27619.1  101.112442  41.183688      0
 4910.056     -43.2     16.7     1.0     27632.0  101.112312  41.183627      0
 4911.023     -43.5     16.6     1.0     27638.9  101.112264  41.183589      0
 4912.991     -43.3     16.6     1.0     27648.1  101.112203  41.183552      0
 4913.958     -43.1     16.6     1.0     27652.4  101.112121  41.183514      0
 4914.925     -43.2     16.6     1.0     27662.6  101.112025  41.183518      0
 4915.923     -43.3     16.5     1.0     27669.9  101.111923  41.183545      0
 4916.859     -43.1     16.6     1.0     27676.5  101.111841  41.183603      0
 4917.827     -42.9     16.5     1.0     27676.5  101.111841  41.183603      0
 4918.794     -42.9     16.4     1.0     27683.1  101.111759  41.183651      0
 4919.777     -42.7     16.5     1.0     27692.3  101.111663  41.183678      0
 4920.728     -42.8     16.5     1.0     27699.0  101.111554  41.183685      0
 4921.758     -42.7     16.4     1.0     27707.9  101.111424  41.183671      0
 4922.663     -42.8     16.4     1.0     27714.5  101.111308  41.183627      0
 4923.645     -42.7     16.4     1.0     27722.8  101.111226  41.183565      0
 4924.597     -42.7     16.3     1.0     27730.1  101.111165  41.183501      0
 4925.564     -42.4     16.4     1.0     27736.7  101.111124  41.183463      0
 4926.547     -42.4     16.3     1.0     27751.8  101.111042  41.183460      0
 4927.514     -42.3     16.3     1.0     27777.9  101.110885  41.183402      0
 4928.481     -42.4     16.3     1.0     27742.8  101.110960  41.183644      0
 4929.449     -42.2     16.3     1.0     27764.6  101.110796  41.183617      0
 4930.416     -42.1     16.4     1.0     27751.4  101.110796  41.183777      0
 4931.383     -42.2     16.2     1.0     27786.1  101.110687  41.183736      0
 4932.350     -42.1     16.2     1.0     27791.3  101.110652  41.183719      0
 4933.317     -42.1     16.3     1.0     27795.3  101.110618  41.183705      0
 4934.285     -42.0     16.2     1.0     27801.7  101.110564  41.183668      0
 4935.252     -42.0     16.2     1.0     27814.8  101.110461  41.183617      0
 4936.219     -42.0     16.2     1.0     27820.2  101.110359  41.183589      0
 4937.186     -41.9     16.2     1.0     27828.9  101.110263  41.183589      0
 4938.153     -42.2     16.2     1.0     27839.4  101.110215  41.183613      0
 4939.088     -42.5     16.1     1.0     27851.9  101.110215  41.183664      0
 4940.071     -42.3     16.1     1.0     27856.4  101.110222  41.183699      0
 4941.022     -42.4     16.1     1.0     27864.5  101.110215  41.183746      0
 4942.989     -42.2     16.1     1.0     27873.0  101.110181  41.183777      0
 4943.957     -42.2     16.0     1.0     27880.5  101.110140  41.183784      0
 4944.939     -42.4     16.0     1.0     27886.3  101.110099  41.183753      0
 4945.891     -42.3     16.0     1.0     27895.2  101.110072  41.183705      0
 4946.858     -42.6     16.0     1.0     27902.0  101.110045  41.183654      0
 4947.841     -42.4     16.0     1.0     27902.0  101.110045  41.183654      0
 4948.808     -42.4     16.0     1.0     27912.3  101.109997  41.183617      0
 4949.760     -42.4     15.9     1.0     27918.2  101.109935  41.183583      0
 4950.743     -42.2     15.9     1.0     27926.3  101.109853  41.183555      0
 4951.710     -42.4     15.9     1.0     27934.8  101.109785  41.183542      0
 4952.662     -42.5     15.8     1.0     27939.9  101.109744  41.183542      0
 4953.644     -42.4     15.9     1.0     27949.8  101.109737  41.183548      0
 4954.612     -42.6     15.8     1.0     27959.9  101.109751  41.183531      0
 4955.579     -42.5     15.9     1.0     27958.0  101.109737  41.183497      0
 4956.546     -42.5     15.8     1.0     27994.6  101.109642  41.183408      0
 4957.560     -42.5     15.8     1.0     27987.6  101.109614  41.183340      0
 4958.480     -42.0     15.7     1.0     27982.8  101.109573  41.183251      0
 4959.448     -41.5     15.7     1.0     27994.4  101.109484  41.183132      0
 4960.415     -41.3     15.6     1.0     27974.4  101.109505  41.183118      0
 4961.382     -41.3     15.7     1.0     28006.2  101.109437  41.183050      0
 4962.349     -41.7     15.7     1.0     28012.9  101.109403  41.182920      0
 4963.316     -41.5     15.7     1.0     28019.8  101.109423  41.182896      0
 4964.284     -41.5     15.7     1.0     28026.6  101.109416  41.182893      0
 4965.251     -41.7     15.6     1.0     28039.8  101.109382  41.182903      0
 4966.218     -41.6     15.6     1.0     28035.8  101.109341  41.182906      0
 4967.185     -41.7     15.6     1.0     28050.9  101.109198  41.182828      0
 4968.152     -41.5     15.6     1.0     28054.5  101.109075  41.182773      0
 4969.087     -41.3     15.5     1.0     28068.6  101.108877  41.182647      0
 4970.070     -41.5     15.5     1.0     28075.7  101.108849  41.182585      0
 4971.021     -41.4     15.5     1.0     28080.1  101.108836  41.182524      0
 4972.988     -41.6     15.5     1.0     28090.5  101.108808  41.182462      0
 4973.971     -41.8     15.5     1.0     28096.5  101.108774  41.182466      0
 4974.938     -41.7     15.4     1.0     28107.0  101.108638  41.182425      0
 4975.890     -41.7     15.4     1.0     28124.0  101.108446  41.182391      0
 4976.873     -41.3     15.4     1.0     28129.6  101.108296  41.182370      0
 4977.840     -41.0     15.3     1.0     28129.6  101.108296  41.182370      0
 4978.807     -41.1     15.4     1.0     28128.4  101.108187  41.182353      0
 4979.774     -41.3     15.3     1.0     28135.9  101.108077  41.182326      0
 4980.742     -41.3     15.3     1.0     28141.6  101.107989  41.182292      0
 4981.709     -41.6     15.3     1.0     28142.8  101.107914  41.182257      0
 4982.676     -41.7     15.2     1.0     28157.5  101.107797  41.182216      0
 4983.643     -41.7     15.2     1.0     28158.2  101.107695  41.182193      0
 4984.610     -41.7     15.3     1.0     28165.9  101.107558  41.182172      0
 4985.578     -41.5     15.2     1.0     28170.0  101.107429  41.182141      0
 4986.545     -41.7     15.2     1.0     28175.0  101.107306  41.182097      0
 4987.512     -41.6     15.2     1.0     28189.4  101.107196  41.182073      0
 4988.479     -41.7     15.2     1.0     28193.4  101.107094  41.182053      0
 4989.446     -41.6     15.2     1.0     28202.2  101.106978  41.182049      0
 4990.414     -41.7     15.1     1.0     28207.2  101.106834  41.182039      0
 4991.381     -41.6     15.2     1.0     28214.2  101.106670  41.182025      0
 4992.348     -41.5     15.2     1.0     28217.2  101.106486  41.182001      0
 4993.315     -41.4     15.1     1.0     28224.6  101.106302  41.181974      0
 4994.314     -41.1     15.0     1.0     28233.3  101.106158  41.181943      0
 4995.265     -41.4     15.1     1.0     28231.7  101.106035  41.181923      0
 4996.217     -41.5     15.1     1.0     28242.8  101.105994  41.181865      0
 4997.184     -41.1     15.1     1.0     28217.3  101.105871  41.181882      0
 4998.151     -41.1     15.1     1.0     28249.5  101.105878  41.181738      0
 4999.134     -41.1     15.0     1.0     28265.1  101.105796  41.181633      0
 5000.053     -40.5     15.0     1.0     28280.6  101.105543  41.181455      0
 5001.036     -40.7     15.0     1.0     28287.0  101.105407  41.181411      0
 5002.003     -40.9     14.9     1.0     28295.8  101.105284  41.181404      0
 5003.954     -41.0     14.9     1.0     28302.3  101.105195  41.181428      0
 5004.937     -40.7     14.9     1.0     28309.5  101.105127  41.181448      0
 5005.904     -40.3     14.9     1.0     28318.1  101.105072  41.181434      0
 5006.872     -40.3     14.9     1.0     28327.6  101.105018  41.181383      0
 5007.823     -40.6     14.9     1.0     28327.6  101.105018  41.181383      0
 5008.806     -40.3     14.8     1.0     28333.8  101.104956  41.181308      0
 5009.773     -39.9     14.9     1.0     28337.6  101.104908  41.181219      0
 5010.740     -39.7     14.9     1.0     28343.9  101.104860  41.181127      0
 5011.708     -39.5     14.8     1.0     28352.0  101.104819  41.181038      0
 5012.675     -39.5     14.7     1.0     28360.8  101.104785  41.180970      0
 5013.642     -39.2     14.9     1.0     28369.3  101.104751  41.180922      0
 5014.609     -39.0     14.9     1.0     28377.5  101.104669  41.180902      0
 5015.592     -39.0     14.8     1.0     28382.0  101.104567  41.180902      0
 5016.544     -39.1     14.7     1.0     28389.1  101.104430  41.180905      0
 5017.511     -39.5     14.6     1.0     28397.4  101.104307  41.180881      0
 5018.478     -40.1     14.7     1.0     28406.2  101.104212  41.180850      0
 5019.445     -39.9     14.7     1.0     28417.5  101.104177  41.180786      0
 5020.428     -39.5     14.7     1.0     28404.5  101.104136  41.180738      0
 5021.380     -39.2     14.6     1.0     28415.8  101.104157  41.180622      0
 5022.347     -38.8     14.7     1.0     28427.4  101.104150  41.180499      0
 5023.330     -38.6     14.5     1.0     28435.3  101.104102  41.180386      0
 5024.297     -38.6     14.5     1.0     28442.0  101.104020  41.180287      0
 5025.248     -38.7     14.5     1.0     28450.1  101.103945  41.180208      0
 5026.216     -39.1     14.6     1.0     28459.4  101.103884  41.180157      0
 5027.198     -39.7     14.5     1.0     28467.2  101.103843  41.180140      0
 5028.166     -39.9     14.5     1.0     28473.1  101.103809  41.180130      0
 5029.117     -39.2     14.6     1.0     28481.3  101.103774  41.180106      0
 5030.067     -38.9     14.5     1.0     28496.4  101.103713  41.179945      0
 5031.034     -39.3     14.4     1.0     28510.2  101.103611  41.179805      0
 5032.002     -39.5     14.4     1.0     28518.0  101.103522  41.179689      0
 5033.969     -39.9     14.4     1.0     28525.2  101.103447  41.179607      0
 5034.936     -40.1     14.4     1.0     28532.4  101.103358  41.179546      0
 5035.903     -40.1     14.4     1.0     28538.0  101.103262  41.179491      0
 5036.870     -39.9     14.4     1.0     28544.3  101.103153  41.179437      0
 5037.838     -40.0     14.3     1.0     28544.3  101.103153  41.179437      0
 5038.805     -40.1     14.4     1.0     28554.4  101.103044  41.179375      0
 5039.772     -40.3     14.3     1.0     28563.6  101.102941  41.179286      0
 5040.739     -40.2     14.3     1.0     28570.4  101.102846  41.179184      0
 5041.706     -40.4     14.2     1.0     28577.2  101.102770  41.179078      0
 5042.674     -40.3     14.3     1.0     28586.3  101.102702  41.178989      0
 5043.641     -40.5     14.2     1.0     28597.8  101.102627  41.178904      0
 5044.624     -40.5     14.2     1.0     28604.8  101.102566  41.178849      0
 5045.575     -40.6     14.2     1.0     28616.2  101.102477  41.178771      0
 5046.542     -40.5     14.1     1.0     28622.1  101.102374  41.178682      0
 5047.525     -40.4     14.1     1.0     28629.5  101.102251  41.178579      0
 5048.492     -40.4     14.2     1.0     28634.3  101.102128  41.178494      0
 5049.444     -40.5     14.1     1.0     28640.4  101.102005  41.178429      0
 5050.427     -40.6     14.1     1.0     28647.1  101.101896  41.178385      0
 5051.394     -40.6     14.0     1.0     28653.8  101.101780  41.178330      0
 5052.346     -40.6     14.1     1.0     28659.5  101.101678  41.178269      0
 5053.328     -40.5     14.0     1.0     28663.2  101.101582  41.178211      0
 5054.296     -40.5     13.9     1.0     28666.1  101.101473  41.178142      0
 5055.263     -40.6     14.1     1.0     28673.1  101.101343  41.178040      0
 5056.230     -40.5     14.0     1.0     28681.3  101.101186  41.177927      0
 5057.197     -40.4     14.0     1.0     28695.1  101.101022  41.177842      0
 5058.164     -40.2     14.0     1.0     28722.5  101.100837  41.177705      0
 5059.132     -40.3     13.9     1.0     28717.0  101.100756  41.177726      0
 5060.066     -40.5     13.9     1.0     28720.3  101.100571  41.177705      0
 5061.033     -40.4     14.0     1.0     28728.0  101.100489  41.177705      0
 5062.001     -40.3     13.9     1.0     28738.2  101.100394  41.177702      0
 5063.968     -40.0     13.9     1.0     28748.8  101.100250  41.177671      0
 5064.935     -39.8     13.8     1.0     28756.1  101.100086  41.177620      0
 5065.902     -39.8     13.8     1.0     28761.8  101.099929  41.177545      0
 5066.869     -39.7     13.9     1.0     28770.0  101.099792  41.177442      0
 5067.837     -39.9     13.8     1.0     28770.0  101.099792  41.177442      0
 5068.804     -39.8     13.8     1.0     28778.0  101.099697  41.177336      0
 5069.787     -39.9     13.8     1.0     28782.9  101.099629  41.177244      0
 5070.738     -39.7     13.7     1.0     28791.6  101.099540  41.177142      0
 5071.705     -39.8     13.7     1.0     28802.4  101.099437  41.177087      0
 5072.688     -39.8     13.8     1.0     28810.3  101.099314  41.177053      0
 5073.640     -39.9     13.7     1.0     28814.7  101.099178  41.177026      0
 5074.607     -39.7     13.7     1.0     28822.3  101.099041  41.176995      0
 5075.574     -39.9     13.6     1.0     28831.4  101.098925  41.176961      0
 5076.557     -39.8     13.7     1.0     28838.9  101.098829  41.176930      0
 5077.509     -40.0     13.7     1.0     28847.9  101.098761  41.176892      0
 5078.476     -40.1     13.7     1.0     28852.6  101.098665  41.176838      0
 5079.459     -40.0     13.7     1.0     28861.6  101.098543  41.176766      0
 5080.426     -40.0     13.6     1.0     28886.0  101.098338  41.176677      0
 5081.377     -40.0     13.6     1.0     28886.7  101.098160  41.176629      0
 5082.360     -39.7     13.6     1.0     28893.2  101.097969  41.176595      0
 5083.327     -39.4     13.6     1.0     28902.6  101.097791  41.176592      0
 5084.295     -39.5     13.6     1.0     28903.4  101.097675  41.176599      0
 5085.262     -39.8     13.5     1.0     28915.6  101.097579  41.176605      0
 5086.229     -39.9     13.5     1.0     28922.1  101.097511  41.176609      0
 5087.196     -39.4     13.6     1.0     28933.4  101.097429  41.176595      0
 5088.163     -39.3     13.5     1.0     28941.1  101.097313  41.176565      0
 5089.131     -39.5     13.4     1.0     28946.7  101.097149  41.176534      0
 5090.065     -39.3     13.4     1.0     28953.3  101.096733  41.176465      0
 5091.032     -39.2     13.3     1.0     28961.8  101.096534  41.176428      0
 5092.999     -39.3     13.4     1.0     28963.6  101.096364  41.176394      0
 5093.967     -39.6     13.4     1.0     28975.2  101.096220  41.176343      0
 5094.949     -40.0     13.4     1.0     28979.1  101.096090  41.176329      0
 5095.901     -40.6     13.5     1.0     28989.2  101.095968  41.176336      0
 5096.868     -40.4     13.3     1.0     29012.3  101.095810  41.176366      0
 5097.851     -39.8     13.3     1.0     29002.7  101.095735  41.176431      0
 5098.818     -39.5     13.3     1.0     29002.7  101.095735  41.176431      0
 5099.770     -39.1     13.2     1.0     29025.9  101.095578  41.176448      0
 5100.737     -39.2     13.3     1.0     29030.4  101.095455  41.176438      0
 5101.720     -39.5     13.3     1.0     29029.3  101.095319  41.176397      0
 5102.671     -39.4     13.2     1.0     29033.1  101.095155  41.176332      0
 5103.639     -39.0     13.3     1.0     29042.9  101.094964  41.176278      0
 5104.621     -38.9     13.2     1.0     29069.6  101.094683  41.176144      0
 5105.589     -39.0     13.2     1.0     29048.8  101.094615  41.176332      0
 5106.540     -39.2     13.3     1.0     29063.5  101.094397  41.176319      0
 5107.523     -39.5     13.2     1.0     29069.9  101.094287  41.176380      0
 5108.490     -39.9     13.1     1.0     29075.6  101.094219  41.176438      0
 5109.457     -40.4     13.2     1.0     29080.2  101.094178  41.176472      0
 5110.425     -40.0     13.1     1.0     29088.4  101.094110  41.176469      0
 5111.392     -39.6     13.1     1.0     29098.4  101.094000  41.176442      0
 5112.359     -39.9     13.1     1.0     29108.5  101.093864  41.176431      0
 5113.326     -40.2     13.2     1.0     29115.2  101.093700  41.176431      0
 5114.293     -40.0     13.1     1.0     29122.0  101.093522  41.176435      0
 5115.261     -40.1     13.0     1.0     29130.8  101.093338  41.176428      0
 5116.228     -40.3     13.1     1.0     29143.6  101.093167  41.176394      0
 5117.195     -40.7     13.1     1.0     29151.0  101.093010  41.176363      0
 5118.162     -41.0     13.1     1.0     29154.5  101.092880  41.176349      0
 5119.129     -40.5     13.0     1.0     29169.9  101.092792  41.176377      0
 5120.064     -40.6     13.0     1.0     29179.0  101.092689  41.176448      0
 5121.031     -40.4     12.9     1.0     29197.6  101.092559  41.176394      0
 5122.998     -39.8     13.0     1.0     29199.6  101.092436  41.176462      0
 5123.981     -39.7     12.9     1.0     29207.7  101.092259  41.176486      0
 5124.933     -39.8     12.8     1.0     29148.8  101.092443  41.176701      0
 5125.900     -39.7     12.8     1.0     29205.9  101.091822  41.176472      0
 5126.883     -39.5     12.9     1.0     29217.0  101.091596  41.176428      0
 5127.850     -39.2     12.9     1.0     29226.6  101.091439  41.176397      0
 5128.801     -39.0     12.8     1.0     29226.6  101.091439  41.176397      0
 5129.784     -39.4     12.8     1.0     29233.1  101.091323  41.176387      0
 5130.751     -39.6     12.8     1.0     29240.8  101.091227  41.176394      0
 5131.750     -39.1     12.8     1.0     29245.1  101.091173  41.176448      0
 5132.686     -38.7     12.7     1.0     29255.7  101.091084  41.176530      0
 5133.653     -38.6     12.8     1.0     29258.5  101.090954  41.176582      0
 5134.620     -38.3     12.6     1.0     29279.3  101.090783  41.176646      0
 5135.587     -38.4     12.8     1.0     29281.0  101.090674  41.176687      0
 5136.555     -38.9     12.7     1.0     29283.4  101.090565  41.176691      0
 5137.522     -39.2     12.7     1.0     29282.0  101.090449  41.176677      0
 5138.489     -39.0     12.6     1.0     29297.0  101.090346  41.176650      0
 5139.456     -39.1     12.6     1.0     29299.9  101.090217  41.176636      0
 5140.423     -39.3     12.6     1.0     29311.9  101.090059  41.176626      0
 5141.391     -39.4     12.7     1.0     29325.7  101.089848  41.176626      0
 5142.358     -39.7     12.6     1.0     29337.9  101.089636  41.176657      0
 5143.325     -39.8     12.6     1.0     29344.4  101.089445  41.176715      0
 5144.308     -39.9     12.6     1.0     29348.1  101.089308  41.176807      0
 5145.291     -40.4     12.5     1.0     29357.0  101.089212  41.176886      0
 5146.242     -40.7     12.5     1.0     29363.0  101.089158  41.176950      0
 5147.194     -40.7     12.5     1.0     29371.1  101.089096  41.176974      0
 5148.161     -40.1     12.5     1.0     29378.7  101.089008  41.176967      0
 5149.144     -39.9     12.5     1.0     29386.1  101.088891  41.176920      0
 5150.063     -40.2     12.5     1.0     29400.3  101.088557  41.176797      0
 5151.045     -39.9     12.5     1.0     29409.7  101.088400  41.176776      0
 5152.013     -39.6     12.5     1.0     29416.2  101.088256  41.176790      0
 5153.980     -40.2     12.5     1.0     29443.3  101.088120  41.176827      0
 5154.947     -40.5     12.4     1.0     29448.2  101.088065  41.176886      0
 5155.914     -40.1     12.4     1.0     29436.6  101.088038  41.176985      0
 5156.881     -39.9     12.4     1.0     29446.3  101.059979  41.177090      0
 5157.849     -40.1     12.4     1.0     29452.6  101.087840  41.177162      0
 5158.831     -39.9     12.4     1.0     29452.6  101.087840  41.177162      0
 5159.783     -39.9     12.4     1.0     29461.7  101.087696  41.177193      0
 5160.750     -40.1     12.3     1.0     29468.7  101.087573  41.177200      0
 5161.717     -40.0     12.3     1.0     29476.2  101.087464  41.177183      0
 5162.685     -40.1     12.3     1.0     29483.7  101.087382  41.177166      0
 5163.652     -40.4     12.3     1.0     29490.8  101.087314  41.177152      0
 5164.619     -40.4     12.3     1.0     29496.2  101.087252  41.177162      0
 5165.602     -40.3     12.4     1.0     29503.0  101.087163  41.177183      0
 5166.553     -40.6     12.3     1.0     29512.6  101.087034  41.177203      0
 5167.521     -40.7     12.2     1.0     29518.1  101.086904  41.177227      0
 5168.488     -40.5     12.2     1.0     29528.3  101.086754  41.177261      0
 5169.471     -40.4     12.2     1.0     29536.3  101.086624  41.177319      0
 5170.422     -40.5     12.1     1.0     29544.8  101.086501  41.177388      0
 5171.389     -40.8     12.2     1.0     29553.2  101.086385  41.177449      0
 5172.372     -40.4     12.2     1.0     29560.7  101.086269  41.177487      0
 5173.339     -40.2     12.1     1.0     29567.8  101.086159  41.177480      0
 5174.291     -40.5     12.1     1.0     29574.1  101.086064  41.177432      0
 5176.241     -40.7     12.1     1.0     29590.9  101.085832  41.177319      0
 5177.208     -40.2     12.1     1.0     29625.8  101.085558  41.177111      0
 5178.176     -40.1     12.1     1.0     29606.7  101.085476  41.177336      0
 5179.143     -40.1     12.0     1.0     29597.8  101.085374  41.177425      0
 5180.077     -40.2     12.0     1.0     29612.7  101.085053  41.177483      0
 5181.044     -40.0     11.9     1.0     29627.2  101.084937  41.177493      0
 5182.012     -40.3     12.0     1.0     29636.6  101.084814  41.177473      0
 5183.979     -40.7     12.0     1.0     29642.4  101.084711  41.177442      0
 5184.962     -40.6     12.0     1.0     29647.6  101.084595  41.177422      0
 5185.913     -40.2     12.0     1.0     29656.0  101.084452  41.177401      0
 5186.896     -40.3     12.0     1.0     29663.6  101.084302  41.177408      0
 5187.863     -40.5     11.9     1.0     29671.7  101.084151  41.177418      0
 5188.830     -40.9     12.0     1.0     29671.7  101.084151  41.177418      0
 5189.782     -40.7     11.9     1.0     29671.9  101.084015  41.177422      0
 5190.749     -40.3     11.9     1.0     29690.3  101.083926  41.177422      0
 5191.732     -40.2     11.9     1.0     29692.2  101.083823  41.177408      0
 5192.715     -40.5     11.9     1.0     29701.7  101.083714  41.177384      0
 5193.666     -40.8     11.8     1.0     29710.5  101.083571  41.177340      0
 5194.634     -40.9     11.8     1.0     29718.3  101.083400  41.177302      0
 5195.585     -40.9     11.8     1.0     29724.7  101.083202  41.177261      0
 5197.535     -40.2     11.8     1.0     29742.0  101.082854  41.177166      0
 5198.502     -40.0     11.7     1.0     29749.3  101.082717  41.177097      0
 5199.470     -39.8     11.7     1.0     29757.1  101.082608  41.177039      0
 5200.437     -39.8     11.8     1.0     29765.3  101.082505  41.176998      0
 5201.404     -40.1     11.7     1.0     29775.5  101.082389  41.176978      0
 5202.371     -40.3     11.7     1.0     29782.6  101.082246  41.176967      0
 5203.338     -40.2     11.7     1.0     29787.5  101.082082  41.176947      0
 5204.337     -40.2     11.7     1.0     29793.8  101.081911  41.176906      0
 5205.273     -40.3     11.7     1.0     29801.0  101.081747  41.176851      0
 5206.240     -40.4     11.7     1.0     29810.3  101.081597  41.176783      0
 5207.207     -40.4     11.7     1.0     29818.0  101.081453  41.176715      0
 5208.174     -40.3     11.6     1.0     29825.3  101.081303  41.176660      0
 5209.142     -40.3     11.7     1.0     29833.6  101.081132  41.176636      0
 5210.092     -40.7     11.6     1.0     29848.0  101.080736  41.176687      0
 5211.043     -40.4     11.5     1.0     29855.2  101.080531  41.176728      0
 5212.010     -36.2     13.8    23.0     29863.6  100.632737  41.176756      0
 5213.993     -38.6     11.6     1.0     29873.4  101.080224  41.176752      0
 5214.960     -38.1     11.5     1.0     29880.4  101.080122  41.176732      0
 5215.912     -37.8     11.5     1.0     29887.4  101.080005  41.176698      0
 5216.895     -37.5     11.5     1.0     29897.1  101.079862  41.176650      0
 5217.862     -37.4     11.4     1.0     29907.2  101.079657  41.176609      0
 5218.829     -37.6     11.5     1.0     29907.2  101.079657  41.176609      0
 5219.796     -37.9     11.4     1.0     29913.6  101.079438  41.176582      0
 5220.764     -38.2     11.4     1.0     29919.4  101.079213  41.176575      0
 5221.731     -38.6     11.4     1.0     29927.3  101.079001  41.176588      0
 5222.698     -38.5     11.3     1.0     29935.8  101.078817  41.176619      0
 5223.665     -38.4     11.4     1.0     29941.7  101.078660  41.176646      0
 5224.632     -38.3     11.3     1.0     29947.4  101.078510  41.176674      0
 5225.600     -38.3     11.3     1.0     29955.9  101.078359  41.176708      0
 5226.567     -38.5     11.4     1.0     29963.7  101.078202  41.176756      0
 5227.534     -38.4     11.2     1.0     29970.4  101.078031  41.176807      0
 5228.501     -38.4     11.4     1.0     29980.0  101.077833  41.176831      0
 5229.468     -38.8     11.3     1.0     29991.8  101.077622  41.176831      0
 5230.451     -39.2     11.3     1.0     29997.9  101.077437  41.176821      0
 5231.403     -39.3     11.3     1.0     30006.7  101.077253  41.176797      0
 5232.370     -38.9     11.2     1.0     30016.6  101.077068  41.176793      0
 5233.337     -38.6     11.2     1.0     30019.1  101.076911  41.176851      0
 5234.320     -38.5     11.2     1.0     30027.4  101.076734  41.176892      0
 5235.272     -38.3     11.2     1.0     30037.4  101.076597  41.177002      0
 5236.239     -38.2     11.2     1.0     30038.0  101.076495  41.177148      0
 5237.222     -38.1     11.2     1.0     30049.7  101.076338  41.177186      0
 5238.189     -38.1     11.2     1.0     30059.1  101.076167  41.177217      0
 5239.140     -38.4     11.2     1.0     30069.2  101.075948  41.177196      0
 5240.123     -38.4     11.1     1.0     30073.6  101.075730  41.177186      0
 5241.058     -38.4     11.1     1.0     30092.2  101.075279  41.177159      0
 5242.025     -38.7     11.2     1.0     30101.7  101.075108  41.177207      0
 5243.992     -39.5     11.1     1.0     30109.7  101.074958  41.177278      0
 5244.959     -40.0     11.1     1.0     30115.2  101.074828  41.177370      0
 5245.926     -39.5     11.2     1.0     30122.0  101.074678  41.177473      0
 5246.894     -39.1     11.0     1.0     30131.9  101.074487  41.177582      0
 5247.861     -38.9     11.1     1.0     30141.2  101.074254  41.177695      0
 5248.828     -38.7     11.0     1.0     30141.2  101.074254  41.177695      0
 5249.795     -38.7     11.0     1.0     30147.9  101.074015  41.177784      0
 5250.762     -38.9     11.0     1.0     30154.6  101.073790  41.177835      0
 5251.730     -39.0     11.0     1.0     30154.5  101.073578  41.177893      0
 5252.712     -38.9     11.0     1.0     30167.8  101.073448  41.177893      0
 5253.664     -38.9     10.9     1.0     30179.2  101.073312  41.177907      0
 5254.631     -39.0     11.0     1.0     30182.4  101.073175  41.177948      0
 5255.645     -39.0     11.0     1.0     30198.9  101.072991  41.177978      0
 5256.566     -39.2     11.0     1.0     30204.9  101.072800  41.178101      0
 5257.548     -39.4     10.9     1.0     30198.4  101.072629  41.178306      0
 5258.516     -39.2     10.8     1.0     30206.8  101.072403  41.178415      0
 5260.450     -38.7     10.9     1.0     30230.9  101.072035  41.178573      0
 5261.417     -38.6     10.9     1.0     30237.3  101.071912  41.178637      0
 5262.384     -38.5     10.8     1.0     30241.0  101.071809  41.178682      0
 5263.352     -37.9     10.8     1.0     30246.2  101.071700  41.178716      0
 5264.319     -37.6     10.8     1.0     30253.6  101.071591  41.178767      0
 5265.302     -37.6     10.7     1.0     30261.4  101.071468  41.178839      0
 5266.253     -37.9     10.7     1.0     30268.2  101.071317  41.178921      0
 5267.220     -38.3     10.7     1.0     30275.0  101.071174  41.179006      0
 5268.188     -38.6     10.8     1.0     30282.1  101.071017  41.179075      0
 5269.155     -38.7     10.7     1.0     30291.4  101.070846  41.179116      0
 5270.122     -39.0     10.8     1.0     30300.1  101.070669  41.179139      0
 5271.056     -39.3     10.8     1.0     30316.9  101.070402  41.179184      0
 5272.039     -39.7     10.7     1.0     30323.7  101.070327  41.179235      0
 5273.991     -40.3     10.7     1.0     30331.1  101.070286  41.179300      0
 5274.958     -40.6     10.8     1.0     30346.3  101.070218  41.179348      0
 5275.941     -40.2     10.7     1.0     30348.6  101.070170  41.179423      0
 5276.892     -39.7     10.7     1.0     30356.9  101.070040  41.179478      0
 5277.860     -39.7     10.7     1.0     30363.9  101.069869  41.179515      0
 5278.842     -39.7     10.7     1.0     30370.5  101.069692  41.179536      0
 5279.825     -39.9     10.6     1.0     30370.5  101.069692  41.179536      0
 5280.761     -39.6     10.6     1.0     30377.6  101.069528  41.179536      0
 5281.744     -39.6     10.6     1.0     30386.0  101.069412  41.179522      0
 5282.711     -39.3     10.5     1.0     30394.1  101.069357  41.179498      0
 5283.678     -38.9     10.5     1.0     30400.2  101.069323  41.179474      0
 5284.646     -38.6     10.6     1.0     30408.0  101.069296  41.179481      0
 5285.613     -38.9     10.5     1.0     30418.5  101.069248  41.179529      0
 5286.580     -39.2     10.5     1.0     30427.1  101.069173  41.179604      0
 5287.547     -39.1     10.5     1.0     30434.6  101.069063  41.179686      0
 5288.514     -38.9     10.5     1.0     30442.0  101.068913  41.179734      0
 5289.482     -38.8     10.5     1.0     30447.3  101.068742  41.179744      0
 5290.449     -38.6     10.5     1.0     30456.8  101.068538  41.179693      0
 5291.416     -38.0     10.4     1.0     30463.2  101.068353  41.179621      0
 5292.383     -37.5     10.4     1.0     30470.2  101.068210  41.179542      0
 5293.351     -37.5     10.4     1.0     30476.1  101.068121  41.179505      0
 5294.333     -37.7     10.5     1.0     30488.8  101.068094  41.179491      0
 5295.285     -38.3     10.4     1.0     30491.3  101.068080  41.179529      0
 5296.252     -38.9     10.4     1.0     30497.4  101.068066  41.179573      0
 5297.235     -39.1     10.3     1.0     30506.1  101.068012  41.179628      0
 5298.202     -38.7     10.4     1.0     30515.5  101.067895  41.179676      0
 5299.154     -38.0     10.4     1.0     30528.0  101.067711  41.179672      0
 5300.137     -37.8     10.3     1.0     30529.8  101.067547  41.179648      0
 5301.071     -37.8     10.3     1.0     30541.5  101.067226  41.179467      0
 5302.023     -37.8     10.3     1.0     30552.2  101.067151  41.179351      0
 5303.037     -37.6     10.3     1.0     30563.3  101.067083  41.179280      0
 5304.973     -37.1     10.3     1.0     30572.9  101.067042  41.179245      0
 5305.940     -36.7     10.2     1.0     30562.1  101.067042  41.179344      0
 5306.923     -36.8     10.3     1.0     30628.0  101.066741  41.179201      0
 5307.874     -36.9     10.2     1.0     30593.0  101.066570  41.179392      0
 5308.841     -37.0     10.2     1.0     30595.3  101.066352  41.179478      0
 5309.809     -37.0     10.2     1.0     30595.3  101.066352  41.179478      0
 5310.776     -37.0     10.2     1.0     30622.0  101.066004  41.179457      0
 5311.743     -36.9     10.2     1.0     30631.4  101.065805  41.179454      0
 5312.710     -37.3     10.2     1.0     30634.6  101.065696  41.179433      0
 5313.677     -37.9     10.2     1.0     30638.1  101.065614  41.179379      0
 5314.645     -38.1     10.1     1.0     30641.2  101.065560  41.179310      0
 5315.612     -37.7     10.1     1.0     30646.2  101.065505  41.179239      0
 5316.595     -37.2     10.1     1.0     30656.1  101.065382  41.179160      0
 5317.562     -37.0     10.1     1.0     30667.4  101.065204  41.179085      0
 5318.529     -37.0     10.1     1.0     30675.1  101.064986  41.179051      0
 5319.496     -37.1     10.1     1.0     30682.5  101.064740  41.179058      0
 5320.448     -37.1     10.1     1.0     30687.0  101.064501  41.179109      0
 5321.431     -37.2     10.0     1.0     30693.2  101.064289  41.179208      0
 5322.398     -37.3     10.0     1.0     30702.0  101.064112  41.179324      0
 5323.365     -37.1     10.1     1.0     30714.0  101.063968  41.179399      0
 5324.332     -37.0     10.1     1.0     30724.4  101.063859  41.179416      0
 5325.299     -37.0     10.0     1.0     30730.3  101.063770  41.179396      0
 5326.267     -36.6     10.0     1.0     30731.6  101.063674  41.179334      0
 5327.234     -36.3     10.0     1.0     30736.0  101.063558  41.179239      0
 5328.201     -36.1     10.0     1.0     30746.9  101.063388  41.179146      0
 5329.168     -36.0      9.8     1.0     30757.7  101.063183  41.179109      0
 5330.135     -35.9      9.9     1.0     30765.1  101.062964  41.179112      0
 5331.070     -36.7      9.9     1.0     30775.3  101.062582  41.179235      0
 5332.037     -37.1      9.9     1.0     30782.8  101.062465  41.179327      0
 5333.004     -36.8      9.9     1.0     30790.9  101.062390  41.179406      0
 5334.987     -36.2      9.8     1.0     30798.7  101.062329  41.179457      0
 5335.939     -35.8      9.9     1.0     30807.2  101.062233  41.179481      0
 5336.921     -35.7      9.8     1.0     30815.2  101.062083  41.179491      0
 5337.889     -35.8      9.8     1.0     30821.9  101.061912  41.179495      0
 5338.856     -36.1      9.8     1.0     30828.8  101.061714  41.179484      0
 5339.823     -36.2      9.8     1.0     30828.8  101.061714  41.179484      0
 5340.790     -36.3      9.8     1.0      4623.3  101.061516  41.179457      0
 5341.757     -36.3      9.8     1.0     30847.8  101.061332  41.179423      0
 5342.725     -36.1      9.8     1.0     30854.7  101.061175  41.179399      0
 5343.692     -36.1      9.8     1.0     30861.5  101.061045  41.179392      0
 5344.659     -36.2      9.8     1.0     30872.1  101.060922  41.179396      0
 5345.626     -36.1      9.8     1.0     30869.3  101.060867  41.179474      0
 5346.593     -36.0      9.7     1.0     30881.9  101.060751  41.179539      0
 5347.561     -35.8      9.7     1.0     30891.0  101.060635  41.179614      0
 5348.528     -35.8      9.7     1.0     30904.1  101.060485  41.179642      0
 5349.495     -36.1      9.7     1.0     30900.7  101.060389  41.179672      0
 5350.462     -36.8      9.7     1.0     30910.6  101.060191  41.179614      0
 5351.429     -37.4      9.7     1.0     30917.1  101.060013  41.179542      0
 5352.397     -37.3      9.6     1.0     30924.4  101.059850  41.179481      0
 5353.364     -37.1      9.8     1.0     30952.5  101.059610  41.179314      0
 5354.331     -37.5      9.7     1.0     30952.5  101.059494  41.179406      0
 5355.314     -38.0      9.6     1.0     30959.3  101.059330  41.179440      0
 5356.265     -38.5      9.6     1.0     30961.8  101.059194  41.179498      0
 5357.233     -38.7      9.6     1.0     30974.3  101.059037  41.179515      0
 5358.231     -38.5      9.6     1.0     30980.3  101.058914  41.179542      0
 5359.183     -38.3      9.6     1.0     30991.9  101.058736  41.179512      0
 5360.134     -38.4      9.7     1.0     30998.9  101.058545  41.179474      0
 5361.084     -38.2      9.5     1.0     31010.7  101.058108  41.179426      0
 5362.051     -37.9      9.7     1.0     31015.8  101.057869  41.179450      0
 5363.003     -37.7      9.5     1.0     31023.6  101.057616  41.179474      0
 5364.986     -37.7      9.5     1.0     31029.9  101.057384  41.179495      0
 5365.953     -37.7      9.5     1.0     31037.5  101.057199  41.179515      0
 5366.920     -37.9      9.4     1.0     31043.5  101.057056  41.179512      0
 5367.887     -37.7      9.5     1.0     31054.6  101.056940  41.179481      0
 5368.855     -37.9      9.4     1.0     31059.5  101.056837  41.179440      0
 5369.822     -38.1      9.4     1.0     31059.5  101.056837  41.179440      0
 5370.789     -38.2      9.5     1.0     31066.4  101.056714  41.179406      0
 5371.756     -37.9      9.4     1.0     31075.0  101.056598  41.179392      0
 5372.723     -37.6      9.4     1.0     31064.5  101.056516  41.179409      0
 5373.691     -37.4      9.4     1.0     31094.0  101.056325  41.179413      0
 5374.658     -37.3      9.4     1.0     31101.3  101.056175  41.179443      0
 5375.625     -37.2      9.4     1.0     31109.9  101.055997  41.179443      0
 5376.592     -37.2      9.3     1.0     31119.2  101.055799  41.179402      0
 5377.559     -37.4      9.3     1.0     31123.1  101.055601  41.179338      0
 5378.527     -37.4      9.4     1.0     31135.0  101.055417  41.179256      0
 5379.494     -37.5      9.4     1.0     31142.0  101.055294  41.179198      0
 5380.461     -37.9      9.3     1.0     31149.7  101.055212  41.179153      0
 5381.428     -38.4      9.4     1.0     31156.3  101.055171  41.179143      0
 5382.411     -38.4      9.3     1.0     31165.7  101.055150  41.179146      0
 5383.363     -37.8      9.3     1.0     31179.3  101.055109  41.179174      0
 5384.330     -37.3      9.4     1.0     31188.8  101.055000  41.179201      0
 5385.313     -37.0      9.3     1.0     31200.0  101.054809  41.179232      0
 5386.280     -36.8      9.3     1.0     31206.0  101.054563  41.179232      0
 5387.231     -36.7      9.3     1.0     31211.0  101.054303  41.179191      0
 5388.214     -36.3      9.3     1.0     31218.5  101.054051  41.179095      0
 5389.181     -36.1      9.2     1.0     31226.5  101.053839  41.178972      0
 5390.149     -36.2      9.2     1.0     31230.0  101.053668  41.178846      0
 5391.083     -36.4      9.2     1.0     31250.4  101.053484  41.178726      0
 5392.050     -36.9      9.2     1.0     31254.5  101.053395  41.178750      0
 5393.017     -37.3      9.2     1.0     31258.4  101.053279  41.178818      0
 5394.985     -36.9      9.1     1.0     31254.8  101.053163  41.178928      0
 5395.952     -36.0      9.2     1.0     31263.5  101.052992  41.179003      0
 5396.919     -35.5      9.1     1.0     31273.3  101.052808  41.179030      0
 5397.886     -35.4      9.1     1.0     31278.3  101.052664  41.179027      0
 5398.853     -35.6      9.1     1.0     31280.9  101.052432  41.178945      0
 5399.821     -35.8      9.1     1.0     31280.9  101.052432  41.178945      0
 5400.788     -35.7      9.1     1.0     31286.7  101.052193  41.178832      0
 5401.755     -35.4      9.2     1.0     31295.0  101.051961  41.178716      0
 5402.722     -35.0      9.1     1.0     31304.1  101.051763  41.178641      0
 5403.689     -35.1      9.1     1.0     31318.9  101.051544  41.178583      0
 5404.657     -35.5      9.1     1.0     31330.7  101.051325  41.178552      0
 5405.640     -35.9      9.1     1.0     31315.6  101.051243  41.178771      0
 5406.607     -36.5      9.1     1.0     31326.6  101.051059  41.178757      0
 5407.558     -36.4      9.0     1.0     31335.6  101.050936  41.178781      0
 5408.526     -36.0      9.0     1.0     31345.7  101.050827  41.178777      0
 5409.508     -36.0      9.1     1.0     31352.8  101.050697  41.178767      0
 5410.476     -36.2      9.1     1.0     31360.7  101.050506  41.178716      0
 5411.427     -36.3      9.0     1.0     31360.4  101.050321  41.178675      0
 5412.410     -35.9      9.0     1.0     31366.8  101.050055  41.178600      0
 5413.377     -35.9      9.1     1.0     31380.2  101.049809  41.178538      0
 5414.344     -36.1      8.9     1.0     31390.0  101.049591  41.178480      0
 5415.312     -36.6      9.0     1.0     31397.2  101.049420  41.178450      0
 5416.279     -36.6      9.0     1.0     31403.1  101.049270  41.178426      0
 5417.246     -36.4      9.0     1.0     31408.4  101.049140  41.178422      0
 5418.213     -36.7      8.9     1.0     31416.4  101.049024  41.178450      0
 5419.180     -36.9      9.0     1.0     31425.8  101.048880  41.178491      0
 5420.148     -37.0      9.0     1.0     31435.3  101.048716  41.178549      0
 5421.082     -37.0      8.9     1.0     31453.9  101.048320  41.178583      0
 5422.049     -36.9      8.9     1.0     31464.0  101.048067  41.178532      0
 5423.016     -36.4      8.7     1.0     31468.6  101.047801  41.178439      0
 5424.999     -36.2      8.9     1.0     31476.9  101.047582  41.178364      0
 5425.951     -36.2      8.8     1.0     31487.9  101.047419  41.178330      0
 5426.918     -36.6      8.8     1.0     31494.9  101.047282  41.178320      0
 5427.885     -36.9      8.8     1.0     31496.5  101.047159  41.178334      0
 5428.852     -36.3      8.7     1.0     31502.1  101.047057  41.178381      0
 5429.820     -35.6      8.8     1.0     31502.1  101.047057  41.178381      0
 5430.787     -34.9      8.8     1.0     31511.3  101.046934  41.178422      0
 5431.754     -34.7      8.8     1.0     31519.3  101.046790  41.178443      0
 5432.721     -34.8      8.7     1.0     31526.7  101.046626  41.178456      0
 5433.688     -35.3      8.7     1.0     31534.0  101.046449  41.178450      0
 5434.656     -36.0      8.7     1.0     31543.0  101.046292  41.178426      0
 5435.623     -36.5      8.7     1.0     31551.8  101.046162  41.178395      0
 5436.606     -36.9      8.6     1.0     31560.0  101.046039  41.178361      0
 5437.557     -36.8      8.6     1.0     31568.4  101.045909  41.178330      0
 5438.524     -36.8      8.6     1.0     31575.9  101.045759  41.178306      0
 5439.507     -37.0      8.7     1.0     31583.5  101.045588  41.178279      0
 5440.474     -37.1      8.7     1.0     31591.2  101.045397  41.178269      0
 5441.426     -37.3      8.6     1.0     31600.1  101.045212  41.178293      0
 5442.409     -37.0      8.6     1.0     31604.4  101.045055  41.178351      0
 5443.376     -36.7      8.7     1.0     31613.3  101.044919  41.178412      0
 5444.343     -36.7      8.6     1.0     31620.8  101.044782  41.178446      0
 5445.310     -36.8      8.6     1.0     31634.3  101.044646  41.178460      0
 5446.278     -36.8      8.6     1.0     31642.1  101.044482  41.178436      0
 5447.245     -36.7      8.5     1.0     31647.1  101.044304  41.178398      0
 5448.212     -36.8      8.6     1.0     31652.7  101.044133  41.178357      0
 5449.179     -37.0      8.6     1.0     31659.5  101.043976  41.178327      0
 5450.146     -36.8      8.5     1.0     31667.7  101.043867  41.178306      0
 5451.081     -37.2      8.5     1.0     31685.1  101.043682  41.178337      0
 5452.048     -37.4      8.5     1.0     31693.8  101.043553  41.178385      0
 5453.015     -37.3      8.5     1.0     31700.2  101.043368  41.178450      0
 5454.982     -37.0      8.5     1.0     31706.3  101.043150  41.178511      0
 5455.965     -36.8      8.4     1.0     31713.5  101.042924  41.178559      0
 5456.917     -36.6      8.4     1.0     31720.5  101.042713  41.178569      0
 5457.884     -36.4      8.5     1.0     31729.1  101.042542  41.178549      0
 5458.851     -36.7      8.5     1.0     31733.3  101.042385  41.178508      0
 5459.834     -36.9      8.4     1.0     31733.3  101.042385  41.178508      0
 5460.786     -36.6      8.5     1.0     31740.3  101.042241  41.178456      0
 5461.753     -36.6      8.4     1.0     31752.6  101.042077  41.178412      0
 5462.736     -36.8      8.5     1.0     31765.1  101.041900  41.178409      0
 5463.687     -36.7      8.4     1.0     31771.9  101.041709  41.178443      0
 5464.654     -36.5      8.4     1.0     31774.2  101.041504  41.178497      0
 5465.637     -36.5      8.4     1.0     31779.8  101.041278  41.178562      0
 5466.604     -36.4      8.4     1.0     31788.3  101.041053  41.178614      0
 5467.556     -36.5      8.4     1.0     31795.8  101.040834  41.178631      0
 5468.539     -36.9      8.4     1.0     31803.8  101.040643  41.178634      0
 5469.506     -36.9      8.3     1.0     31810.8  101.040486  41.178627      0
 5470.473     -36.7      8.3     1.0     31815.8  101.040336  41.178634      0
 5471.440     -37.0      8.4     1.0     31824.9  101.040179  41.178665      0
 5472.408     -37.4      8.4     1.0     31834.5  101.040008  41.178726      0
 5473.375     -37.6      8.3     1.0     31843.0  101.039823  41.178808      0
 5474.342     -37.3      8.3     1.0     31850.0  101.039625  41.178877      0
 5475.309     -37.0      8.3     1.0     31857.4  101.039407  41.178918      0
 5476.276     -37.1      8.3     1.0     31863.7  101.039161  41.178924      0
 5477.244     -37.2      8.3     1.0     31870.5  101.038894  41.178904      0
 5478.211     -37.0      8.3     1.0     31876.8  101.038628  41.178859      0
 5479.178     -36.3      8.2     1.0     31885.3  101.038382  41.178832      0
 5480.145     -35.9      8.2     1.0     31896.2  101.038157  41.178849      0
 5481.080     -36.5      8.3     1.0     31910.9  101.037747  41.179010      0
 5482.047     -36.8      8.2     1.0     31914.9  101.037563  41.179122      0
 5483.030     -37.1      8.3     1.0     31923.4  101.037385  41.179204      0
 5484.981     -37.1      8.2     1.0     31932.1  101.037187  41.179259      0
 5485.948     -36.7      8.2     1.0     31942.4  101.036941  41.179266      0
 5486.931     -36.7      8.2     1.0     31947.8  101.036695  41.179252      0
 5487.898     -36.9      8.1     1.0     31952.3  101.036442  41.179221      0
 5488.850     -36.8      8.1     1.0     31951.3  101.036197  41.179204      0
 5489.833     -36.6      8.2     1.0     31935.7  101.035944  41.179174      0
 5490.800     -36.6      8.3     1.0     31935.7  101.035944  41.179174      0
 5491.767     -36.3      8.3     1.0     31911.4  101.035657  41.179174      0
 5492.734     -36.3      8.3     1.0     31878.7  101.035370  41.179174      0
 5493.702     -36.2      8.5     1.0     31836.9  101.035090  41.179184      0
 5494.669     -36.2      8.6     1.0     31786.3  101.034824  41.179201      0
 5495.636     -36.1      8.7     1.0     31734.6  101.034571  41.179232      0
 5496.603     -36.1      8.8     1.0     31673.7  101.034325  41.179262      0
 5497.570     -36.0      8.9     1.0     31616.3  101.034100  41.179297      0
 5499.505     -35.7      9.1     1.0     31483.5  101.033649  41.179317      0
 5500.472     -35.7      9.3     1.0     31411.5  101.033437  41.179331      0
 5501.439     -35.0      9.5     1.0     31336.3  101.033219  41.179341      0
 5502.406     -34.8      9.6     1.0     31258.1  101.033007  41.179355      0
 5503.389     -34.9      9.9     1.0     31174.2  101.032802  41.179368      0
 5504.341     -35.0     10.0     1.0     31089.3  101.032597  41.179379      0
 5505.308     -34.9     10.2     1.0     31002.5  101.032406  41.179385      0
 5506.291     -35.0     10.3     1.0     30916.1  101.032208  41.179392      0
 5507.258     -35.1     10.4     1.0     30823.3  101.032016  41.179392      0
 5508.210     -35.2     10.7     1.0     30731.4  101.031825  41.179396      0
 5509.192     -35.4     10.8     1.0     30635.8  101.031641  41.179402      0
 5510.160     -35.4     11.0     1.0     30538.0  101.031456  41.179406      0
 5511.142     -35.4     11.2     1.0     30438.6  101.031279  41.179413      0
